vin,dealer_id,model,trim,color,msrp,received_date,days_in_stock,status
VTX00000001,101,Aria,Base,Red,24500,2026-07-28,64,In Stock
VTX00000002,101,Aria,Sport,Silver,24500,2026-08-25,36,In Transit
VTX00000003,101,Aria,Limited,Blue,24500,2026-07-06,86,In Stock
VTX00000004,101,Aria,Sport,Silver,24500,2026-05-14,139,In Stock
VTX00000005,101,Aria,Sport,Gray,24500,2026-08-01,60,In Stock
VTX00000006,101,Aria,Base,White,24500,2026-08-05,56,In Stock
VTX00000007,101,Aria,Sport,Blue,24500,2026-08-09,52,In Stock
VTX00000008,101,Aria,Sport,Gray,24500,2026-07-21,71,In Transit
VTX00000009,101,Aria,Sport,White,24500,2026-08-15,46,In Stock
VTX00000010,101,Aria,Sport,Black,24500,2026-09-18,12,In Stock
VTX00000011,101,Brisa,Base,Silver,29900,2026-09-12,18,In Stock
VTX00000012,101,Brisa,Base,Red,29900,2026-06-18,104,In Transit
VTX00000013,101,Brisa,Base,Gray,29900,2026-08-22,39,In Stock
VTX00000014,101,Brisa,Base,Blue,29900,2026-09-17,13,In Stock
VTX00000015,101,Brisa,Sport,Silver,29900,2026-09-14,16,In Stock
VTX00000016,101,Brisa,Sport,Gray,29900,2026-09-14,16,In Stock
VTX00000017,101,Brisa,Limited,Silver,29900,2026-09-09,21,In Transit
VTX00000018,101,Brisa,Base,White,29900,2026-09-01,29,In Stock
VTX00000019,101,Brisa,Sport,Black,29900,2026-06-24,98,In Stock
VTX00000020,101,Brisa,Limited,Silver,29900,2026-07-21,71,In Stock
VTX00000021,101,Cirrus,Sport,Black,31500,2026-03-27,187,In Stock
VTX00000022,101,Cirrus,Base,White,31500,2026-08-27,34,In Stock
VTX00000023,101,Cirrus,Sport,Black,31500,2026-09-03,27,In Stock
VTX00000024,101,Cirrus,Sport,Blue,31500,2026-08-23,38,In Stock
VTX00000025,101,Cirrus,Limited,Red,31500,2026-08-28,33,In Stock
VTX00000026,101,Cirrus,Base,Gray,31500,2026-09-06,24,In Stock
VTX00000027,101,Cirrus,Limited,Red,31500,2026-09-22,8,In Stock
VTX00000028,101,Cirrus,Limited,Black,31500,2026-08-09,52,Hold
VTX00000029,101,Cirrus,Base,Blue,31500,2026-09-02,28,In Stock
VTX00000030,101,Cirrus,Sport,Gray,31500,2026-09-13,17,In Stock
VTX00000031,101,Cirrus,Sport,Black,31500,2026-08-26,35,In Stock
VTX00000032,101,Dune,Base,Red,38900,2026-08-12,49,In Stock
VTX00000033,101,Dune,Sport,Black,38900,2026-09-07,23,In Stock
VTX00000034,101,Everest,Sport,Gray,52500,2026-08-23,38,In Stock
VTX00000035,101,Everest,Base,White,52500,2026-09-22,8,In Stock
VTX00000036,101,Flux EV,Base,White,47900,2026-08-11,50,In Transit
VTX00000037,101,Flux EV,Base,Silver,47900,2026-09-05,25,In Stock
VTX00000038,101,Granite,Base,Silver,43500,2026-09-02,28,In Stock
VTX00000039,101,Granite,Sport,Gray,43500,2026-09-26,4,In Stock
VTX00000040,101,Granite,Base,Red,43500,2026-09-11,19,In Stock
VTX00000041,101,Granite,Base,Red,43500,2026-09-25,5,In Stock
VTX00000042,101,Harbor,Base,Gray,32900,2026-09-26,4,Hold
VTX00000043,101,Harbor,Base,Gray,32900,2026-07-30,62,In Stock
VTX00000044,101,Harbor,Base,White,32900,2026-09-18,12,In Stock
VTX00000045,101,Harbor,Base,Silver,32900,2026-09-01,29,In Stock
VTX00000046,101,Harbor,Base,Black,32900,2026-08-06,55,In Stock
VTX00000047,101,Harbor,Base,Gray,32900,2026-09-07,23,In Transit
VTX00000048,101,Harbor,Sport,Silver,32900,2026-08-28,33,Hold
VTX00000049,102,Aria,Base,Red,24500,2026-06-24,98,In Stock
VTX00000050,102,Aria,Sport,Blue,24500,2026-09-19,11,In Stock
VTX00000051,102,Aria,Base,Red,24500,2026-09-06,24,In Stock
VTX00000052,102,Aria,Sport,Black,24500,2026-08-29,32,In Stock
VTX00000053,102,Aria,Base,White,24500,2026-08-28,33,Hold
VTX00000054,102,Aria,Base,Silver,24500,2026-07-11,81,In Stock
VTX00000055,102,Aria,Base,Blue,24500,2026-08-07,54,In Stock
VTX00000056,102,Aria,Sport,Red,24500,2026-05-23,130,In Stock
VTX00000057,102,Aria,Sport,Silver,24500,2026-05-10,143,In Stock
VTX00000058,102,Aria,Sport,Black,24500,2026-07-20,72,In Stock
VTX00000059,102,Aria,Base,Gray,24500,2026-06-30,92,In Stock
VTX00000060,102,Aria,Limited,White,24500,2026-07-14,78,In Transit
VTX00000061,102,Aria,Base,Black,24500,2026-07-11,81,In Stock
VTX00000062,102,Aria,Sport,Red,24500,2026-08-10,51,In Stock
VTX00000063,102,Aria,Limited,White,24500,2026-07-28,64,In Stock
VTX00000064,102,Aria,Base,Blue,24500,2026-06-15,107,In Stock
VTX00000065,102,Aria,Base,Gray,24500,2026-09-15,15,In Stock
VTX00000066,102,Aria,Base,Silver,24500,2026-06-08,114,In Stock
VTX00000067,102,Aria,Base,Red,24500,2026-08-03,58,In Stock
VTX00000068,102,Aria,Base,Silver,24500,2026-09-08,22,In Stock
VTX00000069,102,Aria,Sport,Blue,24500,2026-08-09,52,In Stock
VTX00000070,102,Aria,Sport,Red,24500,2026-08-14,47,In Stock
VTX00000071,102,Aria,Sport,Black,24500,2026-09-04,26,In Stock
VTX00000072,102,Aria,Base,Blue,24500,2026-07-27,65,In Stock
VTX00000073,102,Aria,Limited,Black,24500,2026-08-21,40,In Transit
VTX00000074,102,Aria,Sport,Gray,24500,2026-07-17,75,In Transit
VTX00000075,102,Aria,Limited,White,24500,2026-07-31,61,In Stock
VTX00000076,102,Aria,Base,Silver,24500,2026-08-24,37,In Stock
VTX00000077,102,Aria,Sport,Black,24500,2026-07-26,66,In Transit
VTX00000078,102,Aria,Base,Red,24500,2026-05-26,127,In Stock
VTX00000079,102,Brisa,Limited,Gray,29900,2026-09-07,23,In Transit
VTX00000080,102,Brisa,Base,White,29900,2026-07-29,63,In Stock
VTX00000081,102,Brisa,Base,Gray,29900,2026-09-22,8,In Stock
VTX00000082,102,Brisa,Sport,Blue,29900,2026-09-13,17,In Stock
VTX00000083,102,Brisa,Base,Black,29900,2026-07-27,65,In Stock
VTX00000084,102,Brisa,Limited,Red,29900,2026-08-19,42,In Stock
VTX00000085,102,Brisa,Base,Black,29900,2026-06-27,95,In Stock
VTX00000086,102,Brisa,Base,White,29900,2026-07-09,83,In Stock
VTX00000087,102,Brisa,Sport,Red,29900,2026-06-25,97,In Stock
VTX00000088,102,Brisa,Base,White,29900,2026-05-14,139,In Stock
VTX00000089,102,Brisa,Limited,Silver,29900,2026-07-05,87,In Stock
VTX00000090,102,Brisa,Sport,Gray,29900,2026-05-30,123,In Stock
VTX00000091,102,Brisa,Sport,Red,29900,2026-05-19,134,In Stock
VTX00000092,102,Brisa,Base,Gray,29900,2026-07-25,67,In Stock
VTX00000093,102,Brisa,Sport,Black,29900,2026-09-10,20,Hold
VTX00000094,102,Brisa,Base,Gray,29900,2026-09-11,19,In Stock
VTX00000095,102,Brisa,Sport,Blue,29900,2026-09-13,17,In Stock
VTX00000096,102,Brisa,Limited,Silver,29900,2026-07-16,76,In Stock
VTX00000097,102,Brisa,Limited,Gray,29900,2026-08-09,52,In Stock
VTX00000098,102,Brisa,Base,Gray,29900,2026-07-11,81,In Stock
VTX00000099,102,Cirrus,Base,Gray,31500,2026-08-28,33,In Stock
VTX00000100,102,Cirrus,Sport,Gray,31500,2026-07-28,64,In Stock
VTX00000101,102,Cirrus,Limited,Gray,31500,2026-07-20,72,In Stock
VTX00000102,102,Cirrus,Limited,Gray,31500,2026-05-14,139,In Stock
VTX00000103,102,Cirrus,Sport,Silver,31500,2026-04-03,180,In Stock
VTX00000104,102,Cirrus,Limited,Blue,31500,2026-09-09,21,In Stock
VTX00000105,102,Cirrus,Base,Red,31500,2026-04-20,163,In Stock
VTX00000106,102,Cirrus,Base,Black,31500,2026-08-05,56,In Stock
VTX00000107,102,Cirrus,Sport,White,31500,2026-08-23,38,In Stock
VTX00000108,102,Cirrus,Base,White,31500,2026-08-28,33,In Stock
VTX00000109,102,Cirrus,Sport,Silver,31500,2026-08-14,47,In Stock
VTX00000110,102,Cirrus,Limited,Silver,31500,2026-06-20,102,In Stock
VTX00000111,102,Cirrus,Sport,Black,31500,2026-07-26,66,Hold
VTX00000112,102,Cirrus,Limited,Gray,31500,2026-07-11,81,In Stock
VTX00000113,102,Cirrus,Base,Blue,31500,2026-06-22,100,In Stock
VTX00000114,102,Cirrus,Sport,Gray,31500,2026-08-17,44,In Stock
VTX00000115,102,Cirrus,Sport,Gray,31500,2026-07-31,61,In Stock
VTX00000116,102,Cirrus,Sport,Black,31500,2026-07-05,87,In Stock
VTX00000117,102,Cirrus,Base,Blue,31500,2026-06-13,109,In Stock
VTX00000118,102,Cirrus,Limited,Gray,31500,2026-04-24,159,In Stock
VTX00000119,102,Cirrus,Sport,Silver,31500,2026-08-17,44,In Stock
VTX00000120,102,Cirrus,Limited,Blue,31500,2026-08-19,42,In Stock
VTX00000121,102,Cirrus,Sport,Gray,31500,2026-09-13,17,In Stock
VTX00000122,102,Cirrus,Base,Silver,31500,2026-09-27,3,In Stock
VTX00000123,102,Cirrus,Sport,Blue,31500,2026-08-10,51,In Stock
VTX00000124,102,Cirrus,Base,Red,31500,2026-07-05,87,In Stock
VTX00000125,102,Cirrus,Base,Blue,31500,2026-09-20,10,Hold
VTX00000126,102,Cirrus,Base,Red,31500,2026-08-19,42,In Stock
VTX00000127,102,Cirrus,Sport,Red,31500,2026-08-08,53,In Stock
VTX00000128,102,Cirrus,Sport,Blue,31500,2026-08-27,34,In Stock
VTX00000129,102,Cirrus,Limited,Silver,31500,2026-09-01,29,In Stock
VTX00000130,102,Cirrus,Sport,Red,31500,2026-07-18,74,In Stock
VTX00000131,102,Dune,Base,Red,38900,2026-08-11,50,In Stock
VTX00000132,102,Dune,Limited,Gray,38900,2026-09-20,10,In Stock
VTX00000133,102,Dune,Base,Black,38900,2026-05-30,123,In Stock
VTX00000134,102,Dune,Base,Black,38900,2026-07-31,61,In Stock
VTX00000135,102,Dune,Sport,White,38900,2026-04-26,157,In Transit
VTX00000136,102,Dune,Base,White,38900,2026-07-29,63,In Stock
VTX00000137,102,Dune,Base,Silver,38900,2026-08-29,32,In Stock
VTX00000138,102,Dune,Limited,Silver,38900,2026-08-30,31,In Stock
VTX00000139,102,Dune,Base,Gray,38900,2026-09-27,3,In Stock
VTX00000140,102,Dune,Sport,Red,38900,2026-07-08,84,In Stock
VTX00000141,102,Dune,Limited,Red,38900,2026-08-07,54,In Stock
VTX00000142,102,Dune,Base,Black,38900,2026-08-20,41,In Stock
VTX00000143,102,Dune,Sport,Black,38900,2026-06-22,100,In Stock
VTX00000144,102,Dune,Limited,White,38900,2026-08-31,30,In Stock
VTX00000145,102,Dune,Base,Silver,38900,2026-08-02,59,In Stock
VTX00000146,102,Dune,Base,Blue,38900,2026-09-09,21,In Stock
VTX00000147,102,Dune,Sport,Silver,38900,2026-08-23,38,In Stock
VTX00000148,102,Dune,Base,White,38900,2025-10-12,353,In Stock
VTX00000149,102,Dune,Base,Black,38900,2026-03-16,198,Hold
VTX00000150,102,Dune,Sport,Gray,38900,2026-08-01,60,In Stock
VTX00000151,102,Dune,Limited,Red,38900,2026-07-09,83,In Stock
VTX00000152,102,Dune,Sport,Silver,38900,2026-09-23,7,In Stock
VTX00000153,102,Dune,Limited,White,38900,2026-04-15,168,In Stock
VTX00000154,102,Dune,Sport,Gray,38900,2026-08-28,33,In Stock
VTX00000155,102,Dune,Limited,White,38900,2026-04-25,158,In Transit
VTX00000156,102,Dune,Base,Gray,38900,2026-08-29,32,In Stock
VTX00000157,102,Dune,Limited,White,38900,2026-09-25,5,In Stock
VTX00000158,102,Dune,Limited,Gray,38900,2026-09-06,24,In Stock
VTX00000159,102,Dune,Sport,Silver,38900,2026-05-24,129,In Transit
VTX00000160,102,Dune,Sport,Silver,38900,2026-09-06,24,In Transit
VTX00000161,102,Dune,Sport,Red,38900,2026-07-27,65,In Stock
VTX00000162,102,Dune,Base,Red,38900,2026-07-20,72,In Stock
VTX00000163,102,Dune,Base,Silver,38900,2026-06-02,120,In Stock
VTX00000164,102,Dune,Base,Silver,38900,2026-07-09,83,In Stock
VTX00000165,102,Everest,Sport,Black,52500,2026-07-12,80,Hold
VTX00000166,102,Everest,Sport,Red,52500,2026-05-12,141,In Stock
VTX00000167,102,Everest,Base,Silver,52500,2026-07-31,61,In Stock
VTX00000168,102,Everest,Base,Silver,52500,2026-08-12,49,In Stock
VTX00000169,102,Everest,Base,Black,52500,2026-08-07,54,In Stock
VTX00000170,102,Flux EV,Base,Silver,47900,2026-07-25,67,In Stock
VTX00000171,102,Granite,Limited,Black,43500,2026-09-25,5,In Stock
VTX00000172,102,Granite,Base,Red,43500,2026-08-08,53,In Stock
VTX00000173,102,Granite,Sport,Blue,43500,2025-12-07,297,In Stock
VTX00000174,102,Granite,Base,Black,43500,2026-05-29,124,In Stock
VTX00000175,102,Granite,Sport,Black,43500,2026-05-08,145,In Stock
VTX00000176,102,Granite,Limited,White,43500,2026-09-15,15,In Stock
VTX00000177,102,Granite,Base,Black,43500,2026-08-21,40,In Transit
VTX00000178,102,Granite,Limited,Gray,43500,2026-04-06,177,In Transit
VTX00000179,102,Granite,Sport,White,43500,2026-09-11,19,In Stock
VTX00000180,102,Granite,Base,Blue,43500,2026-08-18,43,In Stock
VTX00000181,102,Granite,Sport,Blue,43500,2026-07-18,74,In Stock
VTX00000182,102,Granite,Base,Silver,43500,2026-08-06,55,In Stock
VTX00000183,102,Granite,Limited,Blue,43500,2026-07-30,62,In Transit
VTX00000184,102,Granite,Sport,Red,43500,2026-04-07,176,In Stock
VTX00000185,102,Granite,Base,Red,43500,2026-08-24,37,In Stock
VTX00000186,102,Harbor,Sport,Red,32900,2026-09-06,24,In Stock
VTX00000187,102,Harbor,Sport,Black,32900,2026-06-09,113,In Stock
VTX00000188,102,Harbor,Base,Silver,32900,2026-05-20,133,In Stock
VTX00000189,102,Harbor,Base,Gray,32900,2026-08-19,42,In Stock
VTX00000190,102,Harbor,Sport,Red,32900,2026-07-23,69,In Stock
VTX00000191,102,Harbor,Base,Gray,32900,2026-09-12,18,In Stock
VTX00000192,102,Harbor,Base,Silver,32900,2026-05-26,127,In Transit
VTX00000193,102,Harbor,Sport,Silver,32900,2026-08-22,39,In Stock
VTX00000194,102,Harbor,Sport,White,32900,2026-08-19,42,In Stock
VTX00000195,102,Harbor,Limited,Blue,32900,2026-08-04,57,In Stock
VTX00000196,102,Harbor,Sport,Gray,32900,2026-09-02,28,In Stock
VTX00000197,103,Aria,Limited,Gray,24500,2026-06-01,121,In Stock
VTX00000198,103,Aria,Sport,Silver,24500,2026-09-10,20,In Stock
VTX00000199,103,Aria,Sport,Blue,24500,2026-09-29,1,In Stock
VTX00000200,103,Aria,Base,White,24500,2026-08-24,37,In Stock
VTX00000201,103,Aria,Base,Gray,24500,2026-08-18,43,In Transit
VTX00000202,103,Aria,Sport,Silver,24500,2026-08-17,44,In Stock
VTX00000203,103,Aria,Base,Silver,24500,2026-09-06,24,In Stock
VTX00000204,103,Brisa,Limited,Silver,29900,2026-08-21,40,In Stock
VTX00000205,103,Brisa,Limited,Red,29900,2026-08-08,53,In Stock
VTX00000206,103,Brisa,Sport,Red,29900,2026-06-25,97,In Stock
VTX00000207,103,Brisa,Sport,Gray,29900,2026-08-28,33,In Stock
VTX00000208,103,Brisa,Limited,Red,29900,2026-06-17,105,In Stock
VTX00000209,103,Brisa,Limited,Red,29900,2026-08-26,35,In Stock
VTX00000210,103,Brisa,Sport,Gray,29900,2026-08-20,41,In Stock
VTX00000211,103,Brisa,Sport,Red,29900,2026-07-31,61,In Stock
VTX00000212,103,Cirrus,Limited,Silver,31500,2026-09-02,28,In Stock
VTX00000213,103,Cirrus,Base,White,31500,2026-09-09,21,In Stock
VTX00000214,103,Cirrus,Base,Blue,31500,2026-09-25,5,In Stock
VTX00000215,103,Cirrus,Sport,Silver,31500,2026-07-24,68,In Stock
VTX00000216,103,Cirrus,Base,Red,31500,2026-08-29,32,In Stock
VTX00000217,103,Cirrus,Sport,Red,31500,2026-09-16,14,In Stock
VTX00000218,103,Cirrus,Sport,Blue,31500,2026-07-12,80,In Stock
VTX00000219,103,Cirrus,Sport,Gray,31500,2026-08-20,41,In Stock
VTX00000220,103,Cirrus,Limited,Red,31500,2026-07-06,86,In Transit
VTX00000221,103,Cirrus,Sport,Gray,31500,2026-08-22,39,In Stock
VTX00000222,103,Cirrus,Base,Black,31500,2026-09-03,27,In Stock
VTX00000223,103,Cirrus,Limited,Black,31500,2026-08-15,46,In Stock
VTX00000224,103,Cirrus,Base,Red,31500,2026-08-20,41,In Stock
VTX00000225,103,Cirrus,Limited,Red,31500,2026-07-15,77,In Stock
VTX00000226,103,Cirrus,Sport,Silver,31500,2026-08-08,53,In Stock
VTX00000227,103,Cirrus,Limited,Blue,31500,2026-09-15,15,In Stock
VTX00000228,103,Cirrus,Sport,Red,31500,2026-09-12,18,In Transit
VTX00000229,103,Dune,Sport,Gray,38900,2026-07-06,86,In Stock
VTX00000230,103,Dune,Base,White,38900,2026-09-08,22,In Stock
VTX00000231,103,Dune,Base,Silver,38900,2026-08-07,54,In Stock
VTX00000232,103,Dune,Sport,White,38900,2026-08-26,35,In Stock
VTX00000233,103,Dune,Sport,White,38900,2026-06-10,112,Hold
VTX00000234,103,Dune,Sport,Silver,38900,2026-09-16,14,In Stock
VTX00000235,103,Dune,Base,Blue,38900,2026-08-30,31,In Stock
VTX00000236,103,Dune,Base,Blue,38900,2026-09-22,8,In Stock
VTX00000237,103,Dune,Base,Blue,38900,2026-09-12,18,In Stock
VTX00000238,103,Everest,Limited,Blue,52500,2026-08-23,38,In Stock
VTX00000239,103,Everest,Base,Red,52500,2026-09-04,26,In Stock
VTX00000240,103,Everest,Sport,Gray,52500,2026-07-30,62,In Transit
VTX00000241,103,Everest,Limited,Black,52500,2026-09-19,11,In Stock
VTX00000242,103,Everest,Base,White,52500,2026-09-25,5,In Stock
VTX00000243,103,Everest,Sport,Blue,52500,2026-09-07,23,In Stock
VTX00000244,103,Flux EV,Sport,Red,47900,2026-09-13,17,In Stock
VTX00000245,103,Flux EV,Base,White,47900,2026-07-09,83,In Stock
VTX00000246,103,Flux EV,Limited,White,47900,2026-09-07,23,In Stock
VTX00000247,103,Granite,Base,White,43500,2026-08-02,59,In Stock
VTX00000248,103,Granite,Sport,Red,43500,2026-08-25,36,In Stock
VTX00000249,103,Granite,Sport,Black,43500,2026-07-29,63,Hold
VTX00000250,103,Granite,Base,Silver,43500,2026-09-07,23,In Transit
VTX00000251,103,Granite,Base,Black,43500,2026-09-11,19,In Stock
VTX00000252,103,Granite,Base,Blue,43500,2026-08-13,48,In Stock
VTX00000253,103,Granite,Base,Silver,43500,2026-09-12,18,In Stock
VTX00000254,103,Granite,Sport,Black,43500,2026-07-08,84,In Stock
VTX00000255,103,Granite,Base,Blue,43500,2026-08-20,41,In Stock
VTX00000256,103,Granite,Base,Silver,43500,2026-08-29,32,Hold
VTX00000257,103,Granite,Base,Gray,43500,2026-08-19,42,In Stock
VTX00000258,103,Granite,Base,Gray,43500,2026-08-06,55,In Stock
VTX00000259,103,Granite,Base,Blue,43500,2026-07-22,70,In Stock
VTX00000260,103,Granite,Sport,Blue,43500,2026-06-30,92,In Stock
VTX00000261,103,Granite,Base,Gray,43500,2026-08-26,35,In Stock
VTX00000262,103,Granite,Limited,Red,43500,2026-09-12,18,In Stock
VTX00000263,103,Granite,Base,White,43500,2026-09-03,27,In Stock
VTX00000264,103,Granite,Base,Red,43500,2026-09-16,14,In Stock
VTX00000265,103,Granite,Sport,Blue,43500,2026-07-24,68,In Stock
VTX00000266,103,Granite,Base,Gray,43500,2026-07-21,71,In Stock
VTX00000267,103,Granite,Sport,Red,43500,2026-09-08,22,In Stock
VTX00000268,103,Granite,Base,White,43500,2026-08-23,38,In Stock
VTX00000269,103,Harbor,Sport,Gray,32900,2026-07-07,85,In Stock
VTX00000270,103,Harbor,Sport,Black,32900,2026-06-25,97,In Stock
VTX00000271,103,Harbor,Base,White,32900,2026-07-09,83,In Stock
VTX00000272,103,Harbor,Sport,Gray,32900,2026-08-09,52,In Stock
VTX00000273,103,Harbor,Limited,Red,32900,2026-09-04,26,In Stock
VTX00000274,103,Harbor,Base,Blue,32900,2026-09-20,10,In Stock
VTX00000275,103,Harbor,Base,White,32900,2026-09-25,5,In Stock
VTX00000276,103,Harbor,Sport,Red,32900,2026-07-22,70,In Stock
VTX00000277,104,Aria,Sport,Red,24500,2026-09-03,27,In Stock
VTX00000278,104,Aria,Base,Black,24500,2026-09-21,9,In Stock
VTX00000279,104,Aria,Base,White,24500,2026-07-27,65,In Stock
VTX00000280,104,Brisa,Base,Silver,29900,2026-08-03,58,In Stock
VTX00000281,104,Brisa,Limited,White,29900,2026-07-21,71,In Stock
VTX00000282,104,Brisa,Sport,Red,29900,2026-08-14,47,In Stock
VTX00000283,104,Brisa,Base,White,29900,2026-08-15,46,In Stock
VTX00000284,104,Cirrus,Sport,Red,31500,2026-09-19,11,In Stock
VTX00000285,104,Cirrus,Sport,Gray,31500,2026-08-24,37,In Stock
VTX00000286,104,Cirrus,Sport,Silver,31500,2026-08-10,51,In Stock
VTX00000287,104,Cirrus,Sport,Red,31500,2026-07-29,63,In Stock
VTX00000288,104,Cirrus,Base,Blue,31500,2026-09-03,27,In Stock
VTX00000289,104,Dune,Base,Blue,38900,2026-08-19,42,Hold
VTX00000290,104,Dune,Limited,Red,38900,2026-07-20,72,In Stock
VTX00000291,104,Dune,Base,Blue,38900,2026-09-20,10,In Stock
VTX00000292,104,Dune,Base,Gray,38900,2026-08-20,41,In Stock
VTX00000293,104,Dune,Base,Gray,38900,2026-09-14,16,In Stock
VTX00000294,104,Dune,Limited,Silver,38900,2026-09-06,24,In Stock
VTX00000295,104,Everest,Limited,Black,52500,2026-09-08,22,In Stock
VTX00000296,104,Everest,Base,Gray,52500,2026-09-08,22,In Stock
VTX00000297,104,Flux EV,Sport,White,47900,2026-03-29,185,In Stock
VTX00000298,104,Granite,Base,White,43500,2026-07-05,87,In Stock
VTX00000299,104,Granite,Base,Black,43500,2026-07-30,62,In Transit
VTX00000300,104,Granite,Sport,Black,43500,2026-09-09,21,In Stock
VTX00000301,104,Granite,Base,White,43500,2026-08-02,59,In Stock
VTX00000302,104,Granite,Sport,White,43500,2026-08-31,30,In Stock
VTX00000303,104,Granite,Sport,Blue,43500,2026-08-18,43,In Stock
VTX00000304,104,Granite,Limited,Blue,43500,2026-07-04,88,In Stock
VTX00000305,104,Granite,Limited,White,43500,2026-09-19,11,In Stock
VTX00000306,104,Harbor,Limited,Blue,32900,2026-09-14,16,In Stock
VTX00000307,105,Aria,Sport,Gray,24500,2026-07-27,65,In Stock
VTX00000308,105,Aria,Sport,White,24500,2026-08-10,51,In Stock
VTX00000309,105,Aria,Base,Gray,24500,2026-08-30,31,In Transit
VTX00000310,105,Aria,Limited,Black,24500,2026-08-31,30,In Stock
VTX00000311,105,Aria,Base,Gray,24500,2026-07-16,76,In Stock
VTX00000312,105,Aria,Limited,Blue,24500,2026-07-30,62,In Stock
VTX00000313,105,Aria,Sport,Red,24500,2026-08-17,44,In Stock
VTX00000314,105,Aria,Limited,Silver,24500,2026-04-12,171,In Stock
VTX00000315,105,Aria,Limited,Red,24500,2026-07-20,72,In Stock
VTX00000316,105,Aria,Sport,White,24500,2026-09-05,25,In Stock
VTX00000317,105,Aria,Sport,Red,24500,2026-06-23,99,In Transit
VTX00000318,105,Aria,Base,Red,24500,2026-07-25,67,In Stock
VTX00000319,105,Aria,Sport,Gray,24500,2026-08-21,40,In Stock
VTX00000320,105,Aria,Base,Silver,24500,2026-07-14,78,In Stock
VTX00000321,105,Aria,Base,Black,24500,2026-08-15,46,In Stock
VTX00000322,105,Aria,Base,Black,24500,2026-08-09,52,Hold
VTX00000323,105,Aria,Limited,Black,24500,2026-08-21,40,In Stock
VTX00000324,105,Aria,Sport,Gray,24500,2026-07-08,84,In Stock
VTX00000325,105,Aria,Limited,Gray,24500,2026-06-27,95,In Stock
VTX00000326,105,Aria,Sport,White,24500,2026-09-06,24,In Stock
VTX00000327,105,Aria,Base,Gray,24500,2026-03-12,202,In Stock
VTX00000328,105,Aria,Limited,Blue,24500,2026-05-01,152,In Stock
VTX00000329,105,Aria,Base,Gray,24500,2026-08-25,36,In Stock
VTX00000330,105,Aria,Sport,Gray,24500,2026-05-19,134,In Stock
VTX00000331,105,Aria,Limited,Silver,24500,2026-07-27,65,In Stock
VTX00000332,105,Aria,Base,Blue,24500,2026-07-26,66,In Stock
VTX00000333,105,Aria,Base,Gray,24500,2026-07-24,68,In Stock
VTX00000334,105,Aria,Sport,Red,24500,2026-05-05,148,In Stock
VTX00000335,105,Aria,Sport,White,24500,2026-07-19,73,In Stock
VTX00000336,105,Aria,Sport,Gray,24500,2026-07-22,70,In Transit
VTX00000337,105,Aria,Sport,Silver,24500,2026-07-02,90,In Stock
VTX00000338,105,Brisa,Sport,Silver,29900,2026-07-03,89,In Stock
VTX00000339,105,Brisa,Base,Black,29900,2026-08-30,31,In Stock
VTX00000340,105,Brisa,Sport,Red,29900,2026-09-18,12,In Stock
VTX00000341,105,Brisa,Sport,Gray,29900,2026-07-24,68,In Stock
VTX00000342,105,Brisa,Limited,Blue,29900,2026-07-11,81,In Stock
VTX00000343,105,Brisa,Base,Blue,29900,2026-07-20,72,In Stock
VTX00000344,105,Brisa,Limited,Gray,29900,2026-04-13,170,In Stock
VTX00000345,105,Brisa,Sport,Black,29900,2026-01-28,245,In Stock
VTX00000346,105,Brisa,Sport,Black,29900,2026-06-14,108,In Stock
VTX00000347,105,Brisa,Sport,White,29900,2026-08-23,38,In Stock
VTX00000348,105,Brisa,Sport,Red,29900,2026-08-13,48,In Stock
VTX00000349,105,Brisa,Base,White,29900,2026-08-02,59,In Stock
VTX00000350,105,Brisa,Sport,Blue,29900,2026-04-03,180,In Stock
VTX00000351,105,Brisa,Sport,Black,29900,2026-06-25,97,Hold
VTX00000352,105,Brisa,Base,Red,29900,2026-08-29,32,In Stock
VTX00000353,105,Brisa,Sport,Silver,29900,2026-07-13,79,In Stock
VTX00000354,105,Brisa,Sport,Black,29900,2026-08-24,37,In Stock
VTX00000355,105,Brisa,Base,Red,29900,2026-07-15,77,In Stock
VTX00000356,105,Cirrus,Base,Silver,31500,2026-09-07,23,In Stock
VTX00000357,105,Cirrus,Base,White,31500,2026-06-09,113,In Stock
VTX00000358,105,Cirrus,Base,Gray,31500,2026-06-01,121,In Stock
VTX00000359,105,Cirrus,Sport,Black,31500,2026-06-21,101,In Stock
VTX00000360,105,Cirrus,Base,Blue,31500,2026-07-14,78,In Stock
VTX00000361,105,Cirrus,Base,Red,31500,2026-06-27,95,Hold
VTX00000362,105,Cirrus,Sport,Silver,31500,2026-08-11,50,In Stock
VTX00000363,105,Cirrus,Base,Black,31500,2026-08-12,49,In Transit
VTX00000364,105,Cirrus,Limited,Silver,31500,2026-09-14,16,In Stock
VTX00000365,105,Cirrus,Sport,Gray,31500,2026-05-29,124,In Stock
VTX00000366,105,Cirrus,Sport,White,31500,2026-06-25,97,In Stock
VTX00000367,105,Cirrus,Sport,Red,31500,2026-09-11,19,In Stock
VTX00000368,105,Cirrus,Base,Red,31500,2026-08-22,39,In Stock
VTX00000369,105,Cirrus,Base,Black,31500,2026-08-29,32,In Stock
VTX00000370,105,Cirrus,Limited,White,31500,2025-12-21,283,In Stock
VTX00000371,105,Cirrus,Sport,Blue,31500,2026-06-09,113,In Stock
VTX00000372,105,Cirrus,Base,Blue,31500,2026-07-24,68,In Stock
VTX00000373,105,Cirrus,Limited,Black,31500,2026-09-03,27,In Stock
VTX00000374,105,Cirrus,Base,Blue,31500,2026-06-25,97,In Stock
VTX00000375,105,Cirrus,Base,Blue,31500,2026-08-28,33,In Stock
VTX00000376,105,Cirrus,Base,Blue,31500,2026-07-07,85,In Stock
VTX00000377,105,Cirrus,Base,White,31500,2026-06-19,103,In Stock
VTX00000378,105,Cirrus,Limited,White,31500,2026-09-14,16,In Stock
VTX00000379,105,Cirrus,Limited,Gray,31500,2026-08-25,36,In Stock
VTX00000380,105,Cirrus,Base,Gray,31500,2026-08-29,32,In Stock
VTX00000381,105,Cirrus,Sport,Red,31500,2026-08-20,41,In Stock
VTX00000382,105,Cirrus,Sport,Silver,31500,2026-08-01,60,In Stock
VTX00000383,105,Cirrus,Sport,Red,31500,2026-01-24,249,In Stock
VTX00000384,105,Cirrus,Limited,Gray,31500,2026-08-08,53,In Stock
VTX00000385,105,Cirrus,Limited,Red,31500,2026-07-27,65,In Stock
VTX00000386,105,Cirrus,Sport,Gray,31500,2026-07-05,87,In Stock
VTX00000387,105,Cirrus,Base,Gray,31500,2026-07-14,78,In Stock
VTX00000388,105,Cirrus,Base,Gray,31500,2026-07-30,62,In Stock
VTX00000389,105,Cirrus,Base,White,31500,2026-08-07,54,In Stock
VTX00000390,105,Cirrus,Limited,Gray,31500,2026-09-14,16,In Stock
VTX00000391,105,Cirrus,Base,Red,31500,2026-08-19,42,In Stock
VTX00000392,105,Cirrus,Limited,Blue,31500,2026-09-09,21,In Stock
VTX00000393,105,Cirrus,Limited,Blue,31500,2026-09-11,19,In Stock
VTX00000394,105,Cirrus,Base,Blue,31500,2026-06-21,101,In Stock
VTX00000395,105,Cirrus,Base,Gray,31500,2026-05-21,132,In Stock
VTX00000396,105,Cirrus,Sport,White,31500,2026-09-11,19,In Stock
VTX00000397,105,Cirrus,Base,Red,31500,2026-08-08,53,In Transit
VTX00000398,105,Cirrus,Limited,Silver,31500,2026-07-05,87,In Stock
VTX00000399,105,Cirrus,Base,Red,31500,2026-09-03,27,In Stock
VTX00000400,105,Cirrus,Limited,Black,31500,2026-09-08,22,In Stock
VTX00000401,105,Cirrus,Base,Black,31500,2026-06-11,111,In Stock
VTX00000402,105,Cirrus,Sport,Gray,31500,2026-09-08,22,In Stock
VTX00000403,105,Dune,Limited,White,38900,2026-06-22,100,In Stock
VTX00000404,105,Dune,Sport,Gray,38900,2026-07-30,62,In Stock
VTX00000405,105,Dune,Base,White,38900,2026-04-23,160,In Stock
VTX00000406,105,Dune,Sport,Silver,38900,2026-06-23,99,In Stock
VTX00000407,105,Dune,Sport,Gray,38900,2026-06-08,114,In Stock
VTX00000408,105,Dune,Limited,Red,38900,2026-09-15,15,In Stock
VTX00000409,105,Dune,Limited,Silver,38900,2026-09-09,21,In Stock
VTX00000410,105,Dune,Base,Red,38900,2026-06-20,102,Hold
VTX00000411,105,Dune,Base,Red,38900,2026-05-29,124,In Stock
VTX00000412,105,Dune,Base,Silver,38900,2026-08-29,32,In Stock
VTX00000413,105,Dune,Sport,White,38900,2026-07-27,65,In Stock
VTX00000414,105,Dune,Sport,Red,38900,2026-06-04,118,In Stock
VTX00000415,105,Dune,Base,Black,38900,2026-08-15,46,In Stock
VTX00000416,105,Dune,Base,Black,38900,2026-07-02,90,In Stock
VTX00000417,105,Dune,Sport,Black,38900,2026-08-08,53,In Stock
VTX00000418,105,Dune,Sport,Black,38900,2026-05-11,142,In Transit
VTX00000419,105,Dune,Limited,Gray,38900,2026-07-28,64,In Stock
VTX00000420,105,Dune,Sport,Blue,38900,2026-07-29,63,In Stock
VTX00000421,105,Dune,Limited,Red,38900,2026-09-13,17,In Stock
VTX00000422,105,Dune,Limited,Silver,38900,2026-09-02,28,In Stock
VTX00000423,105,Dune,Base,Silver,38900,2026-07-01,91,In Stock
VTX00000424,105,Dune,Base,White,38900,2026-06-20,102,In Stock
VTX00000425,105,Dune,Base,Blue,38900,2026-07-19,73,In Stock
VTX00000426,105,Dune,Sport,Black,38900,2026-09-23,7,In Stock
VTX00000427,105,Dune,Sport,Red,38900,2026-07-10,82,In Stock
VTX00000428,105,Dune,Limited,Blue,38900,2026-08-26,35,In Stock
VTX00000429,105,Dune,Base,White,38900,2026-05-31,122,In Stock
VTX00000430,105,Dune,Base,Gray,38900,2026-08-05,56,In Stock
VTX00000431,105,Dune,Base,White,38900,2026-07-12,80,In Stock
VTX00000432,105,Dune,Base,Gray,38900,2026-07-17,75,In Stock
VTX00000433,105,Dune,Base,Silver,38900,2026-08-21,40,In Stock
VTX00000434,105,Dune,Base,Blue,38900,2026-03-30,184,In Stock
VTX00000435,105,Dune,Sport,Gray,38900,2026-06-17,105,In Stock
VTX00000436,105,Dune,Base,White,38900,2026-08-11,50,In Stock
VTX00000437,105,Dune,Limited,Gray,38900,2026-08-13,48,In Stock
VTX00000438,105,Dune,Sport,White,38900,2026-05-04,149,In Stock
VTX00000439,105,Dune,Base,Black,38900,2026-08-30,31,In Stock
VTX00000440,105,Everest,Base,Red,52500,2025-12-28,276,In Stock
VTX00000441,105,Everest,Sport,Blue,52500,2026-06-12,110,In Stock
VTX00000442,105,Everest,Base,Red,52500,2026-08-25,36,In Stock
VTX00000443,105,Everest,Sport,White,52500,2026-08-07,54,In Stock
VTX00000444,105,Everest,Base,Gray,52500,2026-07-30,62,In Stock
VTX00000445,105,Everest,Sport,Gray,52500,2026-09-02,28,In Stock
VTX00000446,105,Everest,Limited,Silver,52500,2026-08-15,46,In Stock
VTX00000447,105,Everest,Base,Blue,52500,2026-08-24,37,In Stock
VTX00000448,105,Everest,Limited,Silver,52500,2026-04-16,167,In Stock
VTX00000449,105,Everest,Sport,Gray,52500,2026-07-05,87,In Stock
VTX00000450,105,Everest,Base,Black,52500,2026-09-02,28,In Stock
VTX00000451,105,Everest,Base,Blue,52500,2026-09-20,10,In Stock
VTX00000452,105,Everest,Sport,Gray,52500,2026-07-02,90,In Stock
VTX00000453,105,Everest,Sport,Silver,52500,2026-05-09,144,In Stock
VTX00000454,105,Everest,Base,Gray,52500,2026-08-02,59,In Stock
VTX00000455,105,Flux EV,Sport,White,47900,2026-09-18,12,In Stock
VTX00000456,105,Flux EV,Limited,Gray,47900,2026-08-11,50,In Stock
VTX00000457,105,Flux EV,Sport,Gray,47900,2026-07-18,74,In Transit
VTX00000458,105,Flux EV,Base,Blue,47900,2026-03-18,196,In Stock
VTX00000459,105,Flux EV,Sport,Gray,47900,2026-08-20,41,In Stock
VTX00000460,105,Flux EV,Limited,White,47900,2026-07-08,84,In Stock
VTX00000461,105,Flux EV,Base,Black,47900,2026-06-23,99,In Stock
VTX00000462,105,Flux EV,Base,White,47900,2026-08-20,41,In Transit
VTX00000463,105,Flux EV,Base,Red,47900,2026-09-08,22,In Stock
VTX00000464,105,Flux EV,Base,Blue,47900,2026-09-09,21,In Transit
VTX00000465,105,Flux EV,Base,Black,47900,2026-08-17,44,In Stock
VTX00000466,105,Flux EV,Base,Blue,47900,2026-08-14,47,In Stock
VTX00000467,105,Granite,Base,Red,43500,2026-09-16,14,In Stock
VTX00000468,105,Granite,Sport,Black,43500,2026-07-04,88,In Stock
VTX00000469,105,Granite,Sport,Gray,43500,2026-07-03,89,In Stock
VTX00000470,105,Granite,Sport,Gray,43500,2026-08-06,55,In Stock
VTX00000471,105,Granite,Limited,Gray,43500,2026-07-22,70,In Transit
VTX00000472,105,Granite,Base,White,43500,2026-08-16,45,In Stock
VTX00000473,105,Granite,Base,Red,43500,2026-09-03,27,In Stock
VTX00000474,105,Granite,Sport,Black,43500,2026-07-19,73,In Stock
VTX00000475,105,Granite,Limited,Red,43500,2026-09-10,20,In Stock
VTX00000476,105,Granite,Sport,Blue,43500,2026-08-03,58,In Stock
VTX00000477,105,Granite,Limited,White,43500,2026-09-01,29,In Stock
VTX00000478,105,Granite,Base,Black,43500,2026-06-17,105,In Stock
VTX00000479,105,Granite,Limited,Red,43500,2026-07-18,74,In Stock
VTX00000480,105,Granite,Sport,Red,43500,2026-08-20,41,In Stock
VTX00000481,105,Granite,Sport,Blue,43500,2026-07-26,66,In Stock
VTX00000482,105,Granite,Base,Gray,43500,2026-08-31,30,In Stock
VTX00000483,105,Granite,Base,Silver,43500,2026-06-11,111,In Stock
VTX00000484,105,Granite,Limited,Silver,43500,2026-08-28,33,In Stock
VTX00000485,105,Granite,Limited,Gray,43500,2026-08-17,44,In Stock
VTX00000486,105,Granite,Base,White,43500,2026-08-01,60,In Stock
VTX00000487,105,Granite,Base,Gray,43500,2026-09-09,21,In Transit
VTX00000488,105,Granite,Base,Blue,43500,2026-05-09,144,In Stock
VTX00000489,105,Granite,Base,Red,43500,2026-06-14,108,In Stock
VTX00000490,105,Granite,Base,Blue,43500,2026-06-16,106,In Stock
VTX00000491,105,Granite,Sport,Red,43500,2026-07-07,85,In Stock
VTX00000492,105,Granite,Sport,Blue,43500,2026-09-12,18,In Stock
VTX00000493,105,Granite,Base,Gray,43500,2026-08-22,39,In Stock
VTX00000494,105,Granite,Limited,Black,43500,2026-08-02,59,In Transit
VTX00000495,105,Granite,Base,Black,43500,2026-08-24,37,In Stock
VTX00000496,105,Granite,Base,Blue,43500,2026-06-06,116,In Stock
VTX00000497,105,Granite,Base,White,43500,2026-08-03,58,In Stock
VTX00000498,105,Granite,Sport,Gray,43500,2026-06-30,92,In Stock
VTX00000499,105,Granite,Limited,White,43500,2026-04-13,170,In Stock
VTX00000500,105,Granite,Sport,Red,43500,2026-07-04,88,In Stock
VTX00000501,105,Granite,Sport,Gray,43500,2026-02-26,216,In Stock
VTX00000502,105,Granite,Base,Silver,43500,2026-09-25,5,In Stock
VTX00000503,105,Granite,Base,Black,43500,2026-05-03,150,In Stock
VTX00000504,105,Harbor,Base,Blue,32900,2026-04-26,157,In Stock
VTX00000505,105,Harbor,Sport,Red,32900,2026-06-21,101,In Stock
VTX00000506,105,Harbor,Sport,Black,32900,2026-07-02,90,In Stock
VTX00000507,105,Harbor,Limited,White,32900,2026-07-28,64,In Stock
VTX00000508,105,Harbor,Sport,White,32900,2026-04-24,159,In Stock
VTX00000509,105,Harbor,Base,Red,32900,2026-05-29,124,In Stock
VTX00000510,105,Harbor,Sport,Silver,32900,2026-07-13,79,In Stock
VTX00000511,105,Harbor,Sport,Gray,32900,2026-06-10,112,In Stock
VTX00000512,105,Harbor,Base,Gray,32900,2026-08-18,43,In Stock
VTX00000513,105,Harbor,Sport,White,32900,2026-07-30,62,In Stock
VTX00000514,105,Harbor,Sport,Gray,32900,2026-06-03,119,In Stock
VTX00000515,105,Harbor,Sport,White,32900,2026-09-07,23,In Stock
VTX00000516,105,Harbor,Limited,White,32900,2026-07-12,80,In Stock
VTX00000517,105,Harbor,Base,White,32900,2026-09-16,14,In Stock
VTX00000518,106,Aria,Base,White,24500,2026-08-29,32,In Stock
VTX00000519,106,Aria,Sport,Silver,24500,2026-06-27,95,In Stock
VTX00000520,106,Aria,Base,Black,24500,2026-08-19,42,In Stock
VTX00000521,106,Aria,Base,White,24500,2026-07-29,63,In Stock
VTX00000522,106,Aria,Sport,Red,24500,2026-08-23,38,In Stock
VTX00000523,106,Aria,Base,White,24500,2026-07-20,72,In Stock
VTX00000524,106,Aria,Base,Gray,24500,2026-09-03,27,In Stock
VTX00000525,106,Brisa,Base,White,29900,2026-09-04,26,In Stock
VTX00000526,106,Brisa,Base,Silver,29900,2026-09-20,10,In Stock
VTX00000527,106,Brisa,Sport,White,29900,2026-08-11,50,In Stock
VTX00000528,106,Brisa,Base,Black,29900,2026-08-01,60,In Stock
VTX00000529,106,Brisa,Limited,Gray,29900,2026-08-19,42,In Stock
VTX00000530,106,Brisa,Sport,Blue,29900,2026-09-09,21,In Stock
VTX00000531,106,Cirrus,Sport,White,31500,2026-08-22,39,In Stock
VTX00000532,106,Cirrus,Sport,Black,31500,2026-07-29,63,In Stock
VTX00000533,106,Cirrus,Limited,Blue,31500,2026-07-26,66,In Stock
VTX00000534,106,Cirrus,Base,Silver,31500,2026-08-13,48,In Stock
VTX00000535,106,Cirrus,Base,Red,31500,2026-09-25,5,In Stock
VTX00000536,106,Cirrus,Base,Gray,31500,2026-08-27,34,In Stock
VTX00000537,106,Dune,Base,Gray,38900,2026-09-13,17,In Stock
VTX00000538,106,Dune,Base,Red,38900,2026-08-13,48,In Stock
VTX00000539,106,Dune,Base,Black,38900,2026-08-17,44,In Stock
VTX00000540,106,Everest,Sport,White,52500,2026-09-10,20,In Stock
VTX00000541,106,Everest,Base,Black,52500,2026-09-09,21,In Stock
VTX00000542,106,Flux EV,Base,Gray,47900,2026-07-28,64,In Stock
VTX00000543,106,Flux EV,Limited,Black,47900,2026-06-03,119,In Stock
VTX00000544,106,Flux EV,Base,Red,47900,2026-07-25,67,In Stock
VTX00000545,106,Granite,Base,Black,43500,2026-08-16,45,In Stock
VTX00000546,106,Granite,Sport,Silver,43500,2026-09-18,12,In Stock
VTX00000547,106,Granite,Sport,White,43500,2026-07-26,66,In Stock
VTX00000548,106,Harbor,Base,Silver,32900,2026-09-04,26,In Stock
VTX00000549,106,Harbor,Base,Black,32900,2026-07-30,62,In Transit
VTX00000550,107,Aria,Limited,Blue,24500,2026-02-26,216,In Stock
VTX00000551,107,Aria,Base,White,24500,2026-07-15,77,In Stock
VTX00000552,107,Aria,Sport,Black,24500,2026-08-25,36,In Stock
VTX00000553,107,Aria,Base,Red,24500,2026-07-21,71,In Stock
VTX00000554,107,Aria,Base,Red,24500,2026-08-24,37,In Stock
VTX00000555,107,Aria,Base,Black,24500,2026-09-20,10,In Stock
VTX00000556,107,Aria,Base,Silver,24500,2026-06-07,115,In Stock
VTX00000557,107,Aria,Sport,Silver,24500,2026-08-23,38,In Stock
VTX00000558,107,Aria,Limited,Red,24500,2026-07-27,65,Hold
VTX00000559,107,Aria,Base,Black,24500,2026-06-07,115,In Stock
VTX00000560,107,Aria,Sport,Black,24500,2026-05-19,134,In Stock
VTX00000561,107,Aria,Base,Blue,24500,2026-06-04,118,In Stock
VTX00000562,107,Aria,Limited,Red,24500,2026-04-28,155,In Stock
VTX00000563,107,Aria,Base,White,24500,2026-06-03,119,In Stock
VTX00000564,107,Aria,Base,Black,24500,2026-09-03,27,In Stock
VTX00000565,107,Aria,Sport,Gray,24500,2026-09-23,7,In Stock
VTX00000566,107,Aria,Base,White,24500,2026-06-11,111,In Stock
VTX00000567,107,Aria,Limited,White,24500,2026-07-29,63,In Stock
VTX00000568,107,Aria,Sport,Black,24500,2026-08-19,42,In Transit
VTX00000569,107,Aria,Sport,Red,24500,2026-04-13,170,In Stock
VTX00000570,107,Aria,Base,Black,24500,2026-07-30,62,In Stock
VTX00000571,107,Aria,Sport,Gray,24500,2026-06-29,93,In Stock
VTX00000572,107,Aria,Sport,Black,24500,2026-09-08,22,In Stock
VTX00000573,107,Aria,Sport,Blue,24500,2026-08-15,46,In Stock
VTX00000574,107,Aria,Limited,Red,24500,2026-06-27,95,In Stock
VTX00000575,107,Brisa,Base,Blue,29900,2026-07-19,73,In Stock
VTX00000576,107,Brisa,Limited,White,29900,2026-07-05,87,In Stock
VTX00000577,107,Brisa,Sport,Silver,29900,2026-09-04,26,In Stock
VTX00000578,107,Brisa,Sport,White,29900,2026-06-01,121,In Stock
VTX00000579,107,Brisa,Limited,Blue,29900,2026-05-03,150,In Stock
VTX00000580,107,Brisa,Limited,White,29900,2026-05-16,137,In Stock
VTX00000581,107,Brisa,Base,White,29900,2026-07-19,73,In Stock
VTX00000582,107,Brisa,Sport,Gray,29900,2026-08-28,33,Hold
VTX00000583,107,Brisa,Limited,Black,29900,2026-08-30,31,In Stock
VTX00000584,107,Brisa,Base,Silver,29900,2026-09-08,22,In Stock
VTX00000585,107,Brisa,Sport,Silver,29900,2026-08-25,36,In Stock
VTX00000586,107,Brisa,Limited,Black,29900,2026-08-02,59,In Stock
VTX00000587,107,Brisa,Base,Black,29900,2026-07-04,88,In Transit
VTX00000588,107,Brisa,Limited,White,29900,2026-05-17,136,In Stock
VTX00000589,107,Brisa,Limited,White,29900,2026-07-01,91,In Stock
VTX00000590,107,Brisa,Base,Silver,29900,2026-08-02,59,In Transit
VTX00000591,107,Brisa,Base,Blue,29900,2026-07-04,88,In Stock
VTX00000592,107,Brisa,Base,Gray,29900,2026-08-18,43,In Stock
VTX00000593,107,Brisa,Sport,Black,29900,2026-05-30,123,In Stock
VTX00000594,107,Brisa,Limited,Red,29900,2026-03-28,186,In Stock
VTX00000595,107,Brisa,Sport,White,29900,2026-07-07,85,In Stock
VTX00000596,107,Cirrus,Base,Silver,31500,2026-03-07,207,In Stock
VTX00000597,107,Cirrus,Sport,Black,31500,2026-08-16,45,In Stock
VTX00000598,107,Cirrus,Limited,Gray,31500,2026-07-01,91,In Stock
VTX00000599,107,Cirrus,Limited,Black,31500,2026-08-13,48,In Stock
VTX00000600,107,Cirrus,Limited,White,31500,2026-05-14,139,In Stock
VTX00000601,107,Cirrus,Sport,Red,31500,2026-04-12,171,In Transit
VTX00000602,107,Cirrus,Sport,Blue,31500,2026-07-23,69,In Stock
VTX00000603,107,Cirrus,Limited,Black,31500,2026-07-17,75,In Stock
VTX00000604,107,Cirrus,Base,White,31500,2026-04-29,154,Hold
VTX00000605,107,Cirrus,Sport,Blue,31500,2026-07-02,90,In Transit
VTX00000606,107,Cirrus,Limited,Blue,31500,2026-05-28,125,In Stock
VTX00000607,107,Cirrus,Limited,Red,31500,2026-05-31,122,In Transit
VTX00000608,107,Cirrus,Base,Gray,31500,2026-08-03,58,In Stock
VTX00000609,107,Cirrus,Base,Black,31500,2026-06-22,100,Hold
VTX00000610,107,Cirrus,Base,Gray,31500,2026-07-07,85,In Stock
VTX00000611,107,Cirrus,Base,Black,31500,2026-07-18,74,In Stock
VTX00000612,107,Cirrus,Sport,Gray,31500,2026-07-01,91,In Stock
VTX00000613,107,Cirrus,Base,White,31500,2026-06-30,92,In Stock
VTX00000614,107,Cirrus,Limited,Blue,31500,2026-05-28,125,In Stock
VTX00000615,107,Cirrus,Base,White,31500,2026-07-27,65,In Stock
VTX00000616,107,Cirrus,Base,Silver,31500,2026-08-27,34,Hold
VTX00000617,107,Cirrus,Sport,Gray,31500,2026-08-24,37,In Transit
VTX00000618,107,Cirrus,Sport,Gray,31500,2026-08-11,50,In Stock
VTX00000619,107,Cirrus,Base,White,31500,2026-05-13,140,In Transit
VTX00000620,107,Cirrus,Limited,Red,31500,2026-09-22,8,In Stock
VTX00000621,107,Cirrus,Base,Blue,31500,2026-09-20,10,In Stock
VTX00000622,107,Cirrus,Limited,White,31500,2026-02-25,217,In Stock
VTX00000623,107,Cirrus,Sport,Black,31500,2026-08-28,33,In Stock
VTX00000624,107,Cirrus,Base,Red,31500,2026-03-28,186,In Stock
VTX00000625,107,Cirrus,Base,Silver,31500,2026-08-25,36,In Stock
VTX00000626,107,Cirrus,Sport,Black,31500,2026-08-21,40,In Stock
VTX00000627,107,Cirrus,Base,White,31500,2026-09-01,29,In Stock
VTX00000628,107,Cirrus,Base,White,31500,2026-07-24,68,In Stock
VTX00000629,107,Cirrus,Sport,Red,31500,2026-07-14,78,In Transit
VTX00000630,107,Cirrus,Sport,Black,31500,2026-07-29,63,In Stock
VTX00000631,107,Cirrus,Sport,Black,31500,2026-08-14,47,In Stock
VTX00000632,107,Cirrus,Sport,Blue,31500,2026-08-29,32,In Stock
VTX00000633,107,Cirrus,Sport,Red,31500,2026-08-28,33,In Stock
VTX00000634,107,Cirrus,Limited,Silver,31500,2026-07-10,82,In Stock
VTX00000635,107,Cirrus,Sport,Black,31500,2026-07-30,62,Hold
VTX00000636,107,Cirrus,Base,White,31500,2026-09-04,26,In Stock
VTX00000637,107,Cirrus,Sport,White,31500,2026-08-24,37,In Stock
VTX00000638,107,Cirrus,Base,Blue,31500,2026-08-24,37,In Stock
VTX00000639,107,Cirrus,Base,Black,31500,2026-05-30,123,In Stock
VTX00000640,107,Cirrus,Base,Red,31500,2026-06-20,102,In Stock
VTX00000641,107,Cirrus,Sport,Blue,31500,2026-07-03,89,In Stock
VTX00000642,107,Cirrus,Sport,Black,31500,2026-07-18,74,In Stock
VTX00000643,107,Cirrus,Base,Blue,31500,2026-07-03,89,In Stock
VTX00000644,107,Cirrus,Sport,Red,31500,2026-08-04,57,In Stock
VTX00000645,107,Cirrus,Limited,Red,31500,2026-08-23,38,In Stock
VTX00000646,107,Cirrus,Limited,White,31500,2026-07-15,77,In Stock
VTX00000647,107,Cirrus,Base,Blue,31500,2026-04-24,159,In Stock
VTX00000648,107,Dune,Sport,Blue,38900,2026-08-06,55,In Stock
VTX00000649,107,Dune,Base,White,38900,2026-09-02,28,In Stock
VTX00000650,107,Dune,Base,Black,38900,2026-02-28,214,Hold
VTX00000651,107,Dune,Base,Red,38900,2026-08-01,60,In Stock
VTX00000652,107,Dune,Base,Black,38900,2026-07-09,83,In Stock
VTX00000653,107,Dune,Sport,Gray,38900,2026-06-02,120,In Stock
VTX00000654,107,Dune,Base,Silver,38900,2026-06-25,97,In Transit
VTX00000655,107,Dune,Sport,Red,38900,2026-06-14,108,In Stock
VTX00000656,107,Dune,Sport,White,38900,2026-05-25,128,In Stock
VTX00000657,107,Dune,Limited,Red,38900,2026-09-17,13,In Stock
VTX00000658,107,Dune,Base,Red,38900,2026-08-11,50,In Transit
VTX00000659,107,Dune,Limited,Black,38900,2026-07-06,86,In Stock
VTX00000660,107,Dune,Base,Gray,38900,2026-06-18,104,In Stock
VTX00000661,107,Dune,Base,Gray,38900,2026-06-29,93,In Stock
VTX00000662,107,Dune,Base,Blue,38900,2026-04-26,157,In Transit
VTX00000663,107,Dune,Base,Gray,38900,2026-08-22,39,In Stock
VTX00000664,107,Dune,Sport,White,38900,2026-06-15,107,In Stock
VTX00000665,107,Dune,Limited,White,38900,2026-07-27,65,Hold
VTX00000666,107,Dune,Sport,Gray,38900,2026-04-19,164,In Transit
VTX00000667,107,Dune,Base,Gray,38900,2026-09-17,13,In Stock
VTX00000668,107,Dune,Sport,Gray,38900,2026-09-09,21,In Stock
VTX00000669,107,Dune,Sport,Blue,38900,2026-09-21,9,Hold
VTX00000670,107,Dune,Base,Blue,38900,2026-05-20,133,In Stock
VTX00000671,107,Dune,Sport,Gray,38900,2026-07-28,64,In Stock
VTX00000672,107,Dune,Base,Black,38900,2026-06-13,109,In Transit
VTX00000673,107,Dune,Base,White,38900,2026-06-30,92,In Stock
VTX00000674,107,Dune,Sport,Silver,38900,2026-08-18,43,In Stock
VTX00000675,107,Dune,Base,Blue,38900,2026-07-31,61,In Stock
VTX00000676,107,Dune,Base,Silver,38900,2026-05-22,131,In Stock
VTX00000677,107,Dune,Limited,Blue,38900,2026-08-09,52,In Stock
VTX00000678,107,Dune,Sport,Gray,38900,2026-06-16,106,In Stock
VTX00000679,107,Dune,Limited,White,38900,2026-08-20,41,In Transit
VTX00000680,107,Dune,Base,Gray,38900,2026-07-08,84,In Stock
VTX00000681,107,Dune,Base,Silver,38900,2026-09-01,29,In Stock
VTX00000682,107,Dune,Base,Black,38900,2026-08-22,39,In Stock
VTX00000683,107,Everest,Base,White,52500,2026-07-02,90,In Transit
VTX00000684,107,Everest,Base,Blue,52500,2026-07-31,61,In Transit
VTX00000685,107,Everest,Base,Red,52500,2026-08-26,35,In Stock
VTX00000686,107,Everest,Base,Red,52500,2026-06-09,113,In Stock
VTX00000687,107,Everest,Base,White,52500,2026-09-09,21,In Stock
VTX00000688,107,Everest,Base,Red,52500,2026-09-02,28,In Stock
VTX00000689,107,Everest,Base,Black,52500,2026-08-11,50,In Stock
VTX00000690,107,Everest,Base,Silver,52500,2026-09-03,27,In Stock
VTX00000691,107,Everest,Sport,Blue,52500,2026-08-06,55,In Stock
VTX00000692,107,Everest,Base,Gray,52500,2026-05-11,142,In Stock
VTX00000693,107,Everest,Sport,Black,52500,2026-05-27,126,In Stock
VTX00000694,107,Everest,Base,Silver,52500,2026-08-23,38,In Stock
VTX00000695,107,Everest,Base,Gray,52500,2026-05-15,138,In Stock
VTX00000696,107,Flux EV,Sport,Silver,47900,2026-08-27,34,In Stock
VTX00000697,107,Flux EV,Base,Red,47900,2026-05-30,123,In Stock
VTX00000698,107,Flux EV,Base,Silver,47900,2026-08-03,58,In Transit
VTX00000699,107,Flux EV,Base,Silver,47900,2026-09-17,13,In Stock
VTX00000700,107,Flux EV,Sport,Gray,47900,2026-03-11,203,In Stock
VTX00000701,107,Flux EV,Base,Silver,47900,2026-08-22,39,In Stock
VTX00000702,107,Flux EV,Sport,White,47900,2026-08-20,41,In Stock
VTX00000703,107,Granite,Base,Blue,43500,2026-05-14,139,In Stock
VTX00000704,107,Granite,Sport,Silver,43500,2026-06-27,95,In Stock
VTX00000705,107,Granite,Limited,Gray,43500,2026-06-03,119,In Stock
VTX00000706,107,Granite,Limited,Silver,43500,2026-08-15,46,In Stock
VTX00000707,107,Granite,Base,Silver,43500,2026-07-09,83,In Stock
VTX00000708,107,Granite,Sport,Silver,43500,2026-04-07,176,In Stock
VTX00000709,107,Granite,Base,White,43500,2026-07-14,78,In Stock
VTX00000710,107,Granite,Sport,Red,43500,2026-04-01,182,In Stock
VTX00000711,107,Granite,Limited,Gray,43500,2026-08-03,58,In Stock
VTX00000712,107,Granite,Sport,White,43500,2026-08-30,31,In Stock
VTX00000713,107,Granite,Base,White,43500,2026-09-04,26,In Stock
VTX00000714,107,Granite,Limited,Red,43500,2026-09-27,3,In Stock
VTX00000715,107,Granite,Sport,Gray,43500,2026-08-12,49,In Stock
VTX00000716,107,Granite,Limited,Silver,43500,2026-06-10,112,In Stock
VTX00000717,107,Granite,Base,Gray,43500,2026-06-21,101,In Stock
VTX00000718,107,Granite,Sport,Gray,43500,2026-07-11,81,In Stock
VTX00000719,107,Granite,Base,Blue,43500,2026-07-08,84,In Transit
VTX00000720,107,Granite,Sport,Gray,43500,2026-03-30,184,In Transit
VTX00000721,107,Granite,Limited,Gray,43500,2026-08-09,52,In Stock
VTX00000722,107,Granite,Base,Gray,43500,2026-07-12,80,In Stock
VTX00000723,107,Granite,Base,Blue,43500,2026-09-07,23,Hold
VTX00000724,107,Granite,Limited,White,43500,2026-08-09,52,In Transit
VTX00000725,107,Granite,Limited,Black,43500,2026-07-04,88,In Stock
VTX00000726,107,Granite,Base,White,43500,2026-07-20,72,In Stock
VTX00000727,107,Granite,Limited,White,43500,2026-09-03,27,In Stock
VTX00000728,107,Granite,Base,Silver,43500,2026-09-01,29,In Stock
VTX00000729,107,Granite,Base,Silver,43500,2026-08-04,57,In Stock
VTX00000730,107,Granite,Base,Red,43500,2026-08-30,31,In Stock
VTX00000731,107,Granite,Base,Gray,43500,2026-06-21,101,In Stock
VTX00000732,107,Harbor,Sport,White,32900,2026-08-08,53,In Stock
VTX00000733,107,Harbor,Base,Silver,32900,2026-04-03,180,In Stock
VTX00000734,107,Harbor,Sport,White,32900,2026-07-27,65,In Stock
VTX00000735,107,Harbor,Base,Black,32900,2026-07-14,78,In Stock
VTX00000736,107,Harbor,Limited,Blue,32900,2026-07-07,85,In Stock
VTX00000737,107,Harbor,Sport,Red,32900,2026-08-18,43,In Transit
VTX00000738,107,Harbor,Base,Gray,32900,2026-09-04,26,In Transit
VTX00000739,107,Harbor,Base,Red,32900,2026-07-20,72,In Stock
VTX00000740,107,Harbor,Base,White,32900,2026-09-05,25,In Stock
VTX00000741,107,Harbor,Limited,Red,32900,2026-07-12,80,In Transit
VTX00000742,107,Harbor,Base,White,32900,2026-07-03,89,In Stock
VTX00000743,107,Harbor,Sport,Gray,32900,2026-08-01,60,In Stock
VTX00000744,107,Harbor,Sport,Red,32900,2026-08-15,46,In Stock
VTX00000745,107,Harbor,Sport,White,32900,2026-07-15,77,In Stock
VTX00000746,107,Harbor,Base,White,32900,2026-06-11,111,In Stock
VTX00000747,107,Harbor,Base,White,32900,2026-08-25,36,In Stock
VTX00000748,107,Harbor,Limited,Silver,32900,2026-08-17,44,In Stock
VTX00000749,107,Harbor,Sport,Blue,32900,2026-07-17,75,In Stock
VTX00000750,107,Harbor,Sport,Red,32900,2026-07-29,63,In Stock
VTX00000751,107,Harbor,Limited,Blue,32900,2026-04-29,154,In Stock
VTX00000752,107,Harbor,Sport,Silver,32900,2026-07-05,87,In Stock
VTX00000753,107,Harbor,Limited,Gray,32900,2026-09-09,21,In Stock
VTX00000754,108,Aria,Base,Silver,24500,2026-09-24,6,In Stock
VTX00000755,108,Aria,Limited,Blue,24500,2026-08-19,42,In Stock
VTX00000756,108,Aria,Limited,Black,24500,2026-09-17,13,In Stock
VTX00000757,108,Aria,Limited,Red,24500,2026-09-09,21,In Stock
VTX00000758,108,Aria,Limited,Red,24500,2026-09-04,26,In Stock
VTX00000759,108,Aria,Base,White,24500,2026-09-15,15,In Stock
VTX00000760,108,Aria,Base,Red,24500,2026-08-13,48,In Stock
VTX00000761,108,Aria,Limited,Blue,24500,2026-08-14,47,In Stock
VTX00000762,108,Aria,Limited,Black,24500,2026-09-13,17,In Stock
VTX00000763,108,Aria,Sport,Black,24500,2026-08-04,57,In Stock
VTX00000764,108,Brisa,Base,Gray,29900,2026-07-24,68,In Stock
VTX00000765,108,Brisa,Sport,Red,29900,2026-07-01,91,In Stock
VTX00000766,108,Brisa,Limited,White,29900,2026-09-04,26,In Stock
VTX00000767,108,Brisa,Sport,Black,29900,2026-08-27,34,In Stock
VTX00000768,108,Brisa,Sport,Gray,29900,2026-07-22,70,In Stock
VTX00000769,108,Brisa,Sport,Black,29900,2026-07-29,63,In Transit
VTX00000770,108,Cirrus,Limited,Blue,31500,2026-09-08,22,In Stock
VTX00000771,108,Cirrus,Limited,Blue,31500,2026-08-27,34,In Transit
VTX00000772,108,Cirrus,Sport,White,31500,2026-09-06,24,In Stock
VTX00000773,108,Cirrus,Sport,Red,31500,2026-09-20,10,In Stock
VTX00000774,108,Cirrus,Base,Red,31500,2026-09-09,21,In Stock
VTX00000775,108,Cirrus,Sport,Gray,31500,2026-08-25,36,In Stock
VTX00000776,108,Dune,Base,Gray,38900,2026-09-10,20,In Stock
VTX00000777,108,Dune,Limited,Red,38900,2026-07-01,91,In Stock
VTX00000778,108,Dune,Base,Silver,38900,2026-08-03,58,In Stock
VTX00000779,108,Dune,Base,Black,38900,2026-09-17,13,In Stock
VTX00000780,108,Everest,Limited,Gray,52500,2026-07-20,72,In Stock
VTX00000781,108,Flux EV,Limited,Silver,47900,2026-08-24,37,In Stock
VTX00000782,108,Flux EV,Limited,Black,47900,2026-07-20,72,In Stock
VTX00000783,108,Flux EV,Base,Red,47900,2026-09-18,12,In Stock
VTX00000784,108,Flux EV,Limited,Silver,47900,2026-09-01,29,In Stock
VTX00000785,108,Granite,Sport,Red,43500,2026-08-19,42,In Stock
VTX00000786,108,Granite,Base,Silver,43500,2026-09-17,13,In Stock
VTX00000787,108,Granite,Limited,Silver,43500,2026-08-05,56,In Stock
VTX00000788,108,Granite,Sport,Blue,43500,2026-09-11,19,In Stock
VTX00000789,108,Granite,Base,Red,43500,2026-09-20,10,In Transit
VTX00000790,108,Granite,Base,White,43500,2026-08-24,37,In Stock
VTX00000791,108,Granite,Base,Red,43500,2026-09-22,8,In Stock
VTX00000792,108,Granite,Base,Silver,43500,2026-08-24,37,In Stock
VTX00000793,108,Granite,Base,Gray,43500,2026-06-11,111,In Stock
VTX00000794,108,Harbor,Limited,Red,32900,2026-09-03,27,In Stock
VTX00000795,108,Harbor,Base,Blue,32900,2026-06-10,112,In Stock
VTX00000796,108,Harbor,Base,Silver,32900,2026-08-31,30,In Stock
VTX00000797,108,Harbor,Sport,White,32900,2026-08-25,36,In Stock
VTX00000798,108,Harbor,Base,Red,32900,2026-09-21,9,In Stock
VTX00000799,108,Harbor,Base,Silver,32900,2026-08-11,50,In Stock
VTX00000800,109,Aria,Base,Silver,24500,2026-09-06,24,In Stock
VTX00000801,109,Aria,Base,Black,24500,2026-09-17,13,In Stock
VTX00000802,109,Aria,Base,Blue,24500,2026-09-16,14,In Stock
VTX00000803,109,Aria,Base,Silver,24500,2026-09-21,9,In Transit
VTX00000804,109,Aria,Limited,White,24500,2026-08-29,32,In Stock
VTX00000805,109,Aria,Base,Blue,24500,2026-09-09,21,In Stock
VTX00000806,109,Aria,Limited,Silver,24500,2026-07-22,70,In Stock
VTX00000807,109,Aria,Base,Blue,24500,2026-08-17,44,In Stock
VTX00000808,109,Aria,Sport,Blue,24500,2026-05-17,136,Hold
VTX00000809,109,Aria,Base,Blue,24500,2026-08-11,50,In Stock
VTX00000810,109,Brisa,Base,Blue,29900,2026-09-02,28,In Stock
VTX00000811,109,Brisa,Sport,Gray,29900,2026-09-04,26,In Stock
VTX00000812,109,Brisa,Sport,White,29900,2026-06-04,118,In Stock
VTX00000813,109,Brisa,Limited,Black,29900,2026-08-16,45,In Stock
VTX00000814,109,Brisa,Base,Black,29900,2026-09-10,20,In Stock
VTX00000815,109,Brisa,Base,Blue,29900,2026-08-05,56,In Stock
VTX00000816,109,Brisa,Base,Gray,29900,2026-07-23,69,In Stock
VTX00000817,109,Cirrus,Base,Blue,31500,2026-09-17,13,In Stock
VTX00000818,109,Cirrus,Limited,Silver,31500,2026-08-31,30,In Stock
VTX00000819,109,Cirrus,Sport,White,31500,2026-09-03,27,In Stock
VTX00000820,109,Cirrus,Sport,White,31500,2026-08-26,35,In Stock
VTX00000821,109,Cirrus,Limited,White,31500,2026-09-20,10,In Stock
VTX00000822,109,Cirrus,Limited,Black,31500,2026-09-08,22,In Stock
VTX00000823,109,Cirrus,Base,Black,31500,2026-08-29,32,In Stock
VTX00000824,109,Cirrus,Base,White,31500,2026-06-12,110,In Stock
VTX00000825,109,Cirrus,Base,Blue,31500,2026-09-01,29,In Stock
VTX00000826,109,Cirrus,Sport,Gray,31500,2026-09-23,7,In Stock
VTX00000827,109,Cirrus,Sport,Silver,31500,2026-01-25,248,In Stock
VTX00000828,109,Cirrus,Limited,White,31500,2026-09-16,14,In Stock
VTX00000829,109,Cirrus,Base,Gray,31500,2026-08-20,41,In Stock
VTX00000830,109,Cirrus,Sport,Red,31500,2026-08-20,41,In Stock
VTX00000831,109,Dune,Sport,Silver,38900,2026-05-11,142,In Stock
VTX00000832,109,Dune,Base,Gray,38900,2026-08-18,43,In Stock
VTX00000833,109,Dune,Limited,Silver,38900,2026-07-10,82,In Stock
VTX00000834,109,Dune,Base,White,38900,2026-09-17,13,In Stock
VTX00000835,109,Dune,Limited,Blue,38900,2026-09-08,22,In Stock
VTX00000836,109,Dune,Base,Blue,38900,2026-08-14,47,In Stock
VTX00000837,109,Dune,Base,Gray,38900,2026-07-29,63,In Stock
VTX00000838,109,Dune,Sport,Black,38900,2026-09-20,10,In Stock
VTX00000839,109,Dune,Sport,Silver,38900,2026-07-17,75,In Stock
VTX00000840,109,Dune,Sport,Gray,38900,2026-09-03,27,In Transit
VTX00000841,109,Dune,Sport,Red,38900,2026-09-19,11,In Stock
VTX00000842,109,Dune,Base,Red,38900,2026-08-04,57,In Stock
VTX00000843,109,Dune,Limited,Red,38900,2026-09-16,14,In Transit
VTX00000844,109,Dune,Base,Blue,38900,2026-08-04,57,In Stock
VTX00000845,109,Dune,Base,Black,38900,2026-09-06,24,In Stock
VTX00000846,109,Dune,Sport,Red,38900,2026-08-19,42,In Stock
VTX00000847,109,Dune,Base,Black,38900,2026-06-06,116,In Stock
VTX00000848,109,Dune,Base,Black,38900,2026-07-25,67,In Stock
VTX00000849,109,Everest,Sport,Black,52500,2026-09-25,5,In Stock
VTX00000850,109,Everest,Sport,Blue,52500,2026-09-04,26,In Transit
VTX00000851,109,Everest,Base,Red,52500,2026-07-13,79,In Transit
VTX00000852,109,Everest,Base,White,52500,2026-06-30,92,In Transit
VTX00000853,109,Everest,Sport,Blue,52500,2026-09-26,4,In Stock
VTX00000854,109,Everest,Base,Black,52500,2026-09-04,26,In Stock
VTX00000855,109,Flux EV,Sport,Red,47900,2026-08-21,40,In Stock
VTX00000856,109,Flux EV,Limited,Red,47900,2026-09-14,16,In Stock
VTX00000857,109,Flux EV,Base,Black,47900,2026-09-08,22,In Stock
VTX00000858,109,Flux EV,Base,White,47900,2026-09-06,24,In Transit
VTX00000859,109,Flux EV,Base,White,47900,2026-08-06,55,In Stock
VTX00000860,109,Granite,Base,Gray,43500,2026-09-19,11,In Stock
VTX00000861,109,Granite,Base,White,43500,2026-07-04,88,In Transit
VTX00000862,109,Granite,Base,White,43500,2026-08-26,35,In Stock
VTX00000863,109,Granite,Base,Blue,43500,2026-07-02,90,In Stock
VTX00000864,109,Granite,Base,White,43500,2026-06-23,99,In Stock
VTX00000865,109,Granite,Base,White,43500,2026-09-10,20,In Stock
VTX00000866,109,Granite,Sport,Red,43500,2026-06-29,93,In Stock
VTX00000867,109,Granite,Sport,White,43500,2026-09-12,18,Hold
VTX00000868,109,Granite,Sport,Gray,43500,2026-08-25,36,In Stock
VTX00000869,109,Granite,Sport,Black,43500,2026-07-29,63,In Stock
VTX00000870,109,Granite,Sport,Silver,43500,2026-08-10,51,In Stock
VTX00000871,109,Granite,Base,White,43500,2026-08-30,31,In Stock
VTX00000872,109,Granite,Sport,Red,43500,2026-09-04,26,In Stock
VTX00000873,109,Granite,Sport,Silver,43500,2026-09-14,16,In Stock
VTX00000874,109,Harbor,Sport,Blue,32900,2026-08-23,38,In Stock
VTX00000875,109,Harbor,Base,Red,32900,2026-09-09,21,In Stock
VTX00000876,109,Harbor,Base,Black,32900,2026-09-19,11,In Stock
VTX00000877,109,Harbor,Sport,White,32900,2026-07-28,64,In Stock
VTX00000878,109,Harbor,Sport,Red,32900,2026-09-23,7,In Stock
VTX00000879,109,Harbor,Sport,Gray,32900,2026-07-25,67,In Transit
VTX00000880,109,Harbor,Sport,Silver,32900,2026-08-10,51,In Stock
VTX00000881,109,Harbor,Sport,Blue,32900,2026-09-03,27,In Transit
VTX00000882,109,Harbor,Base,Red,32900,2026-09-16,14,In Stock
VTX00000883,109,Harbor,Sport,Blue,32900,2026-09-14,16,In Stock
VTX00000884,109,Harbor,Sport,Gray,32900,2026-08-05,56,In Stock
VTX00000885,109,Harbor,Base,White,32900,2026-08-22,39,In Stock
VTX00000886,110,Aria,Base,White,24500,2026-08-23,38,In Stock
VTX00000887,110,Aria,Base,Black,24500,2026-09-03,27,In Stock
VTX00000888,110,Aria,Base,Red,24500,2026-09-02,28,In Stock
VTX00000889,110,Brisa,Base,Black,29900,2026-09-04,26,In Transit
VTX00000890,110,Brisa,Sport,Silver,29900,2026-06-25,97,In Stock
VTX00000891,110,Brisa,Sport,Blue,29900,2026-08-24,37,In Stock
VTX00000892,110,Cirrus,Base,White,31500,2026-08-01,60,In Stock
VTX00000893,110,Cirrus,Base,Black,31500,2026-08-25,36,In Stock
VTX00000894,110,Cirrus,Base,Gray,31500,2026-09-17,13,In Stock
VTX00000895,110,Cirrus,Sport,Blue,31500,2026-08-26,35,In Stock
VTX00000896,110,Cirrus,Base,Gray,31500,2026-08-23,38,In Stock
VTX00000897,110,Cirrus,Sport,Gray,31500,2026-08-29,32,In Stock
VTX00000898,110,Cirrus,Base,Gray,31500,2026-06-19,103,In Stock
VTX00000899,110,Cirrus,Limited,Red,31500,2026-09-22,8,In Transit
VTX00000900,110,Cirrus,Sport,Black,31500,2026-08-29,32,In Stock
VTX00000901,110,Dune,Base,Black,38900,2026-08-12,49,In Stock
VTX00000902,110,Dune,Base,Gray,38900,2026-07-16,76,In Stock
VTX00000903,110,Dune,Sport,Silver,38900,2026-08-15,46,In Stock
VTX00000904,110,Dune,Sport,Gray,38900,2026-06-25,97,In Stock
VTX00000905,110,Dune,Sport,Gray,38900,2026-08-23,38,In Stock
VTX00000906,110,Dune,Base,Red,38900,2026-09-08,22,In Stock
VTX00000907,110,Dune,Sport,Black,38900,2026-07-07,85,In Stock
VTX00000908,110,Dune,Limited,Red,38900,2026-09-05,25,In Stock
VTX00000909,110,Everest,Limited,Red,52500,2026-07-06,86,In Stock
VTX00000910,110,Everest,Base,Blue,52500,2026-09-17,13,In Stock
VTX00000911,110,Flux EV,Base,Red,47900,2026-08-04,57,In Stock
VTX00000912,110,Flux EV,Sport,Blue,47900,2026-08-22,39,In Stock
VTX00000913,110,Flux EV,Limited,Silver,47900,2026-08-15,46,In Stock
VTX00000914,110,Flux EV,Sport,White,47900,2026-06-20,102,In Stock
VTX00000915,110,Flux EV,Sport,Gray,47900,2026-09-16,14,Hold
VTX00000916,110,Flux EV,Sport,White,47900,2026-07-23,69,In Stock
VTX00000917,110,Flux EV,Sport,Gray,47900,2026-09-24,6,In Stock
VTX00000918,110,Granite,Limited,Black,43500,2026-08-26,35,In Stock
VTX00000919,110,Granite,Limited,Black,43500,2026-08-15,46,In Stock
VTX00000920,110,Granite,Sport,Red,43500,2026-06-21,101,In Stock
VTX00000921,110,Harbor,Base,Black,32900,2026-08-24,37,Hold
VTX00000922,110,Harbor,Sport,White,32900,2025-11-04,330,In Stock
VTX00000923,110,Harbor,Sport,Blue,32900,2026-08-12,49,In Stock
VTX00000924,110,Harbor,Sport,Red,32900,2026-09-13,17,In Stock
VTX00000925,111,Aria,Sport,Black,24500,2026-07-23,69,In Stock
VTX00000926,111,Aria,Limited,Red,24500,2026-08-24,37,In Stock
VTX00000927,111,Aria,Sport,Blue,24500,2026-07-25,67,In Stock
VTX00000928,111,Aria,Sport,Gray,24500,2026-08-15,46,In Stock
VTX00000929,111,Aria,Sport,Silver,24500,2026-08-30,31,In Stock
VTX00000930,111,Aria,Sport,Gray,24500,2026-05-24,129,In Stock
VTX00000931,111,Aria,Sport,White,24500,2026-09-17,13,In Stock
VTX00000932,111,Aria,Sport,Gray,24500,2026-07-30,62,In Stock
VTX00000933,111,Aria,Base,Gray,24500,2026-07-13,79,In Stock
VTX00000934,111,Aria,Base,White,24500,2026-08-10,51,In Stock
VTX00000935,111,Aria,Base,Gray,24500,2026-08-17,44,In Stock
VTX00000936,111,Aria,Limited,Red,24500,2026-05-22,131,In Stock
VTX00000937,111,Aria,Sport,White,24500,2026-08-30,31,In Stock
VTX00000938,111,Aria,Base,Black,24500,2026-05-30,123,In Stock
VTX00000939,111,Aria,Limited,Black,24500,2026-08-15,46,In Stock
VTX00000940,111,Aria,Base,Gray,24500,2026-08-23,38,In Stock
VTX00000941,111,Aria,Sport,Red,24500,2026-08-15,46,In Stock
VTX00000942,111,Aria,Base,Black,24500,2026-09-07,23,In Stock
VTX00000943,111,Aria,Sport,Silver,24500,2026-08-13,48,In Stock
VTX00000944,111,Aria,Base,Black,24500,2026-08-14,47,In Stock
VTX00000945,111,Brisa,Base,Red,29900,2026-08-11,50,In Stock
VTX00000946,111,Brisa,Base,Blue,29900,2026-08-22,39,In Transit
VTX00000947,111,Brisa,Base,White,29900,2026-06-18,104,In Stock
VTX00000948,111,Brisa,Base,Black,29900,2026-06-13,109,In Stock
VTX00000949,111,Brisa,Base,White,29900,2026-07-13,79,In Stock
VTX00000950,111,Brisa,Sport,Gray,29900,2026-03-14,200,In Stock
VTX00000951,111,Brisa,Base,Red,29900,2026-07-28,64,In Stock
VTX00000952,111,Brisa,Base,Silver,29900,2026-08-17,44,In Stock
VTX00000953,111,Brisa,Base,White,29900,2026-06-03,119,In Stock
VTX00000954,111,Brisa,Base,White,29900,2026-04-30,153,In Stock
VTX00000955,111,Brisa,Sport,Gray,29900,2026-08-04,57,In Stock
VTX00000956,111,Brisa,Sport,Red,29900,2026-07-24,68,In Stock
VTX00000957,111,Brisa,Limited,Gray,29900,2026-08-04,57,In Stock
VTX00000958,111,Brisa,Sport,Blue,29900,2026-08-01,60,In Transit
VTX00000959,111,Cirrus,Sport,Silver,31500,2026-07-24,68,In Transit
VTX00000960,111,Cirrus,Base,Silver,31500,2026-08-03,58,In Stock
VTX00000961,111,Cirrus,Limited,Silver,31500,2026-07-07,85,In Stock
VTX00000962,111,Cirrus,Sport,White,31500,2026-08-26,35,In Transit
VTX00000963,111,Cirrus,Sport,Gray,31500,2026-09-08,22,In Stock
VTX00000964,111,Cirrus,Sport,Red,31500,2026-06-03,119,Hold
VTX00000965,111,Cirrus,Limited,Red,31500,2026-08-07,54,In Stock
VTX00000966,111,Cirrus,Base,Blue,31500,2026-03-12,202,In Transit
VTX00000967,111,Cirrus,Base,White,31500,2026-07-29,63,In Stock
VTX00000968,111,Cirrus,Sport,Red,31500,2026-07-22,70,In Stock
VTX00000969,111,Cirrus,Limited,Black,31500,2026-06-03,119,In Stock
VTX00000970,111,Cirrus,Base,Black,31500,2026-08-16,45,In Stock
VTX00000971,111,Cirrus,Sport,Black,31500,2026-09-07,23,In Stock
VTX00000972,111,Cirrus,Base,Gray,31500,2026-08-29,32,In Stock
VTX00000973,111,Cirrus,Limited,Blue,31500,2026-08-27,34,In Stock
VTX00000974,111,Cirrus,Base,Red,31500,2026-09-22,8,In Stock
VTX00000975,111,Cirrus,Sport,Silver,31500,2026-08-04,57,In Stock
VTX00000976,111,Cirrus,Base,Red,31500,2026-07-27,65,In Stock
VTX00000977,111,Cirrus,Sport,Silver,31500,2026-08-15,46,In Stock
VTX00000978,111,Cirrus,Sport,Red,31500,2026-07-11,81,In Stock
VTX00000979,111,Cirrus,Limited,Silver,31500,2026-08-31,30,In Stock
VTX00000980,111,Dune,Sport,White,38900,2026-08-18,43,In Stock
VTX00000981,111,Dune,Base,Red,38900,2026-06-25,97,In Stock
VTX00000982,111,Dune,Limited,Gray,38900,2026-04-12,171,In Stock
VTX00000983,111,Dune,Base,Gray,38900,2026-08-23,38,In Stock
VTX00000984,111,Dune,Base,Silver,38900,2026-08-12,49,In Stock
VTX00000985,111,Dune,Sport,Black,38900,2026-07-02,90,In Stock
VTX00000986,111,Dune,Base,Black,38900,2026-06-10,112,In Stock
VTX00000987,111,Dune,Base,Black,38900,2026-05-16,137,In Stock
VTX00000988,111,Dune,Sport,Silver,38900,2026-07-16,76,In Stock
VTX00000989,111,Dune,Sport,Red,38900,2026-01-12,261,In Stock
VTX00000990,111,Dune,Base,Black,38900,2026-08-19,42,In Stock
VTX00000991,111,Dune,Sport,Blue,38900,2026-07-09,83,In Stock
VTX00000992,111,Dune,Sport,Silver,38900,2026-08-09,52,In Stock
VTX00000993,111,Dune,Base,Black,38900,2026-08-19,42,In Stock
VTX00000994,111,Dune,Sport,White,38900,2026-09-10,20,In Stock
VTX00000995,111,Dune,Base,Gray,38900,2026-05-19,134,In Stock
VTX00000996,111,Dune,Sport,White,38900,2026-09-04,26,In Stock
VTX00000997,111,Dune,Base,Black,38900,2026-09-01,29,In Stock
VTX00000998,111,Dune,Base,Black,38900,2026-08-29,32,In Stock
VTX00000999,111,Dune,Sport,Gray,38900,2026-07-12,80,In Stock
VTX00001000,111,Dune,Limited,Gray,38900,2026-07-13,79,In Stock
VTX00001001,111,Dune,Base,Red,38900,2026-08-18,43,In Stock
VTX00001002,111,Dune,Base,Silver,38900,2026-06-25,97,In Stock
VTX00001003,111,Dune,Limited,Gray,38900,2026-06-25,97,In Stock
VTX00001004,111,Dune,Base,Gray,38900,2026-09-30,0,In Stock
VTX00001005,111,Dune,Base,Gray,38900,2026-07-23,69,In Stock
VTX00001006,111,Dune,Limited,Red,38900,2026-07-27,65,In Stock
VTX00001007,111,Dune,Sport,Silver,38900,2026-07-22,70,In Transit
VTX00001008,111,Dune,Limited,Black,38900,2026-07-24,68,In Stock
VTX00001009,111,Dune,Limited,Blue,38900,2026-09-03,27,In Transit
VTX00001010,111,Dune,Sport,Red,38900,2026-06-10,112,In Stock
VTX00001011,111,Dune,Sport,Silver,38900,2026-08-04,57,In Stock
VTX00001012,111,Dune,Sport,Black,38900,2026-07-05,87,In Stock
VTX00001013,111,Dune,Base,Red,38900,2026-07-16,76,In Stock
VTX00001014,111,Everest,Base,Silver,52500,2026-07-10,82,In Stock
VTX00001015,111,Everest,Limited,Blue,52500,2026-05-25,128,In Transit
VTX00001016,111,Everest,Base,Gray,52500,2026-01-10,263,In Stock
VTX00001017,111,Everest,Sport,Silver,52500,2026-09-04,26,In Stock
VTX00001018,111,Everest,Base,White,52500,2026-07-01,91,In Stock
VTX00001019,111,Everest,Base,Black,52500,2026-02-15,227,In Stock
VTX00001020,111,Flux EV,Sport,Red,47900,2026-08-06,55,In Stock
VTX00001021,111,Flux EV,Base,Red,47900,2026-06-23,99,In Stock
VTX00001022,111,Flux EV,Base,Gray,47900,2026-05-18,135,In Stock
VTX00001023,111,Flux EV,Limited,Silver,47900,2026-06-24,98,In Stock
VTX00001024,111,Flux EV,Base,Red,47900,2026-05-23,130,In Stock
VTX00001025,111,Flux EV,Base,Black,47900,2026-04-26,157,In Stock
VTX00001026,111,Flux EV,Base,Silver,47900,2026-08-03,58,In Transit
VTX00001027,111,Flux EV,Sport,Gray,47900,2026-07-06,86,In Stock
VTX00001028,111,Flux EV,Base,Blue,47900,2026-03-03,211,In Stock
VTX00001029,111,Flux EV,Base,Blue,47900,2026-06-10,112,In Stock
VTX00001030,111,Flux EV,Base,Silver,47900,2026-09-07,23,In Stock
VTX00001031,111,Flux EV,Base,Silver,47900,2026-09-20,10,In Stock
VTX00001032,111,Flux EV,Sport,Silver,47900,2026-05-18,135,In Stock
VTX00001033,111,Flux EV,Base,White,47900,2026-08-01,60,In Transit
VTX00001034,111,Flux EV,Sport,Red,47900,2026-04-25,158,In Stock
VTX00001035,111,Flux EV,Sport,Red,47900,2026-08-04,57,In Stock
VTX00001036,111,Granite,Sport,Blue,43500,2026-04-17,166,In Stock
VTX00001037,111,Granite,Base,Silver,43500,2026-04-03,180,In Stock
VTX00001038,111,Granite,Base,Red,43500,2026-07-18,74,In Stock
VTX00001039,111,Granite,Sport,Gray,43500,2026-07-01,91,Hold
VTX00001040,111,Granite,Limited,Gray,43500,2026-08-28,33,In Stock
VTX00001041,111,Granite,Base,Gray,43500,2026-08-08,53,In Stock
VTX00001042,111,Granite,Sport,Silver,43500,2026-07-29,63,In Stock
VTX00001043,111,Granite,Limited,Blue,43500,2026-06-29,93,In Stock
VTX00001044,111,Granite,Base,Gray,43500,2026-06-14,108,In Stock
VTX00001045,111,Granite,Base,Red,43500,2026-09-08,22,In Stock
VTX00001046,111,Granite,Base,Black,43500,2026-08-19,42,In Stock
VTX00001047,111,Granite,Limited,Silver,43500,2026-06-11,111,In Stock
VTX00001048,111,Granite,Sport,Red,43500,2026-07-02,90,In Stock
VTX00001049,111,Granite,Base,White,43500,2026-09-18,12,In Stock
VTX00001050,111,Granite,Sport,Red,43500,2026-09-09,21,In Stock
VTX00001051,111,Granite,Sport,Gray,43500,2026-02-21,221,In Stock
VTX00001052,111,Granite,Base,Blue,43500,2026-09-19,11,In Transit
VTX00001053,111,Granite,Base,Black,43500,2026-02-11,231,In Stock
VTX00001054,111,Granite,Sport,Blue,43500,2026-08-29,32,In Stock
VTX00001055,111,Granite,Base,Silver,43500,2026-08-27,34,In Stock
VTX00001056,111,Granite,Base,Black,43500,2026-08-24,37,In Stock
VTX00001057,111,Granite,Base,Red,43500,2026-08-29,32,In Stock
VTX00001058,111,Harbor,Limited,White,32900,2026-08-26,35,In Stock
VTX00001059,111,Harbor,Limited,Silver,32900,2026-03-30,184,In Stock
VTX00001060,111,Harbor,Limited,Gray,32900,2026-05-14,139,In Stock
VTX00001061,111,Harbor,Sport,Black,32900,2026-06-14,108,In Stock
VTX00001062,111,Harbor,Limited,Gray,32900,2026-04-28,155,In Stock
VTX00001063,111,Harbor,Base,Silver,32900,2026-06-15,107,In Stock
VTX00001064,111,Harbor,Sport,Black,32900,2026-09-04,26,In Transit
VTX00001065,111,Harbor,Base,Silver,32900,2026-08-06,55,In Stock
VTX00001066,111,Harbor,Sport,Red,32900,2026-01-25,248,In Stock
VTX00001067,111,Harbor,Base,Blue,32900,2026-08-18,43,In Stock
VTX00001068,111,Harbor,Base,White,32900,2026-02-21,221,In Transit
VTX00001069,112,Aria,Sport,Red,24500,2026-09-07,23,In Stock
VTX00001070,112,Aria,Sport,Black,24500,2026-09-28,2,In Stock
VTX00001071,112,Brisa,Sport,Blue,29900,2026-09-04,26,In Stock
VTX00001072,112,Brisa,Sport,Silver,29900,2026-08-08,53,In Stock
VTX00001073,112,Brisa,Base,Silver,29900,2026-08-05,56,In Stock
VTX00001074,112,Brisa,Base,Black,29900,2026-09-07,23,In Stock
VTX00001075,112,Brisa,Base,White,29900,2026-08-19,42,In Stock
VTX00001076,112,Brisa,Base,Red,29900,2026-08-16,45,In Stock
VTX00001077,112,Brisa,Sport,Red,29900,2026-09-04,26,In Transit
VTX00001078,112,Brisa,Sport,Silver,29900,2026-08-17,44,In Stock
VTX00001079,112,Brisa,Sport,Black,29900,2026-09-20,10,In Stock
VTX00001080,112,Brisa,Base,Gray,29900,2026-08-04,57,In Stock
VTX00001081,112,Brisa,Sport,Blue,29900,2026-09-23,7,In Stock
VTX00001082,112,Brisa,Base,Gray,29900,2026-08-06,55,In Transit
VTX00001083,112,Brisa,Limited,Black,29900,2026-08-06,55,In Stock
VTX00001084,112,Cirrus,Sport,Black,31500,2026-09-19,11,In Stock
VTX00001085,112,Cirrus,Base,Black,31500,2026-08-31,30,In Stock
VTX00001086,112,Cirrus,Sport,Gray,31500,2026-08-25,36,In Stock
VTX00001087,112,Cirrus,Base,Blue,31500,2026-07-16,76,In Transit
VTX00001088,112,Cirrus,Sport,White,31500,2026-08-17,44,In Transit
VTX00001089,112,Dune,Limited,Blue,38900,2026-06-07,115,In Stock
VTX00001090,112,Dune,Limited,Silver,38900,2026-09-24,6,In Stock
VTX00001091,112,Dune,Limited,Black,38900,2026-09-09,21,In Stock
VTX00001092,112,Dune,Limited,White,38900,2026-07-21,71,In Stock
VTX00001093,112,Dune,Base,Silver,38900,2026-09-04,26,In Stock
VTX00001094,112,Dune,Limited,White,38900,2026-07-23,69,In Stock
VTX00001095,112,Everest,Sport,Red,52500,2026-09-07,23,In Stock
VTX00001096,112,Everest,Limited,Blue,52500,2026-08-02,59,In Transit
VTX00001097,112,Everest,Sport,Gray,52500,2026-08-31,30,In Stock
VTX00001098,112,Flux EV,Sport,Red,47900,2026-09-11,19,In Transit
VTX00001099,112,Flux EV,Sport,Gray,47900,2026-04-06,177,In Stock
VTX00001100,112,Flux EV,Base,Gray,47900,2026-09-03,27,In Stock
VTX00001101,112,Granite,Limited,Blue,43500,2026-09-15,15,Hold
VTX00001102,112,Granite,Base,Gray,43500,2026-09-03,27,In Stock
VTX00001103,112,Granite,Base,Red,43500,2026-08-11,50,In Stock
VTX00001104,112,Granite,Sport,Blue,43500,2026-07-16,76,In Stock
VTX00001105,112,Granite,Sport,Silver,43500,2026-09-15,15,In Transit
VTX00001106,112,Granite,Sport,White,43500,2026-08-10,51,In Stock
VTX00001107,112,Granite,Limited,Gray,43500,2026-07-08,84,In Stock
VTX00001108,112,Harbor,Base,Black,32900,2026-09-07,23,In Stock
VTX00001109,112,Harbor,Base,Blue,32900,2026-08-26,35,In Stock
VTX00001110,112,Harbor,Base,Blue,32900,2026-07-15,77,Hold
VTX00001111,112,Harbor,Base,Blue,32900,2026-08-21,40,In Stock
VTX00001112,112,Harbor,Limited,Blue,32900,2026-08-15,46,In Stock
VTX00001113,112,Harbor,Limited,Gray,32900,2026-09-09,21,In Stock
VTX00001114,112,Harbor,Sport,Blue,32900,2026-08-11,50,In Stock
VTX00001115,112,Harbor,Limited,Black,32900,2026-09-04,26,In Stock
VTX00001116,112,Harbor,Sport,Black,32900,2026-09-06,24,In Stock
VTX00001117,113,Aria,Limited,White,24500,2026-09-04,26,In Stock
VTX00001118,113,Aria,Base,Black,24500,2026-09-13,17,In Stock
VTX00001119,113,Aria,Limited,Silver,24500,2026-06-12,110,In Stock
VTX00001120,113,Aria,Limited,White,24500,2026-09-19,11,In Stock
VTX00001121,113,Aria,Sport,Black,24500,2026-08-23,38,In Stock
VTX00001122,113,Aria,Limited,Silver,24500,2026-09-11,19,In Stock
VTX00001123,113,Aria,Base,Red,24500,2026-04-16,167,In Stock
VTX00001124,113,Aria,Limited,Gray,24500,2026-05-09,144,In Stock
VTX00001125,113,Aria,Sport,White,24500,2026-06-17,105,In Stock
VTX00001126,113,Aria,Base,Red,24500,2026-09-24,6,In Stock
VTX00001127,113,Aria,Base,Gray,24500,2026-07-31,61,In Stock
VTX00001128,113,Aria,Base,Red,24500,2026-09-09,21,In Stock
VTX00001129,113,Brisa,Base,White,29900,2026-09-02,28,In Stock
VTX00001130,113,Brisa,Base,Gray,29900,2026-08-30,31,In Stock
VTX00001131,113,Brisa,Base,Gray,29900,2026-08-14,47,In Stock
VTX00001132,113,Brisa,Sport,Black,29900,2026-08-30,31,In Stock
VTX00001133,113,Brisa,Sport,Red,29900,2026-07-26,66,In Stock
VTX00001134,113,Brisa,Limited,Silver,29900,2026-09-10,20,In Stock
VTX00001135,113,Brisa,Limited,Red,29900,2026-08-27,34,In Stock
VTX00001136,113,Cirrus,Sport,Blue,31500,2026-08-24,37,In Transit
VTX00001137,113,Cirrus,Base,Gray,31500,2026-08-12,49,In Stock
VTX00001138,113,Cirrus,Sport,Blue,31500,2026-09-16,14,In Stock
VTX00001139,113,Cirrus,Sport,Black,31500,2026-09-13,17,In Stock
VTX00001140,113,Cirrus,Base,Gray,31500,2026-08-16,45,In Stock
VTX00001141,113,Cirrus,Limited,Red,31500,2026-07-11,81,In Transit
VTX00001142,113,Cirrus,Base,Red,31500,2026-09-05,25,In Stock
VTX00001143,113,Cirrus,Base,Red,31500,2026-09-22,8,In Transit
VTX00001144,113,Cirrus,Base,Red,31500,2026-07-21,71,In Stock
VTX00001145,113,Cirrus,Base,White,31500,2026-09-29,1,In Stock
VTX00001146,113,Cirrus,Limited,Silver,31500,2026-08-23,38,In Stock
VTX00001147,113,Cirrus,Base,Blue,31500,2026-06-28,94,In Stock
VTX00001148,113,Cirrus,Sport,White,31500,2026-09-18,12,In Stock
VTX00001149,113,Cirrus,Base,Red,31500,2026-09-23,7,In Stock
VTX00001150,113,Dune,Base,Silver,38900,2026-08-09,52,In Stock
VTX00001151,113,Dune,Base,Silver,38900,2026-08-27,34,In Stock
VTX00001152,113,Dune,Base,Blue,38900,2026-07-25,67,In Stock
VTX00001153,113,Dune,Sport,Black,38900,2026-09-12,18,In Stock
VTX00001154,113,Dune,Sport,Silver,38900,2026-08-06,55,In Stock
VTX00001155,113,Dune,Base,Gray,38900,2026-08-29,32,In Stock
VTX00001156,113,Dune,Base,Gray,38900,2026-09-26,4,In Stock
VTX00001157,113,Dune,Base,White,38900,2026-08-01,60,In Stock
VTX00001158,113,Everest,Sport,Silver,52500,2026-09-24,6,In Stock
VTX00001159,113,Everest,Limited,Silver,52500,2026-03-23,191,In Stock
VTX00001160,113,Flux EV,Sport,White,47900,2026-08-29,32,In Stock
VTX00001161,113,Flux EV,Base,White,47900,2026-09-09,21,In Stock
VTX00001162,113,Granite,Base,Black,43500,2026-09-04,26,In Stock
VTX00001163,113,Granite,Limited,Blue,43500,2026-08-02,59,In Transit
VTX00001164,113,Granite,Base,Silver,43500,2026-09-04,26,In Stock
VTX00001165,113,Granite,Sport,White,43500,2026-08-24,37,In Stock
VTX00001166,113,Granite,Limited,Blue,43500,2026-08-19,42,In Stock
VTX00001167,113,Granite,Sport,Blue,43500,2026-09-14,16,In Stock
VTX00001168,113,Granite,Sport,Black,43500,2026-07-10,82,In Stock
VTX00001169,113,Granite,Sport,Silver,43500,2026-07-24,68,In Stock
VTX00001170,113,Granite,Base,Red,43500,2026-09-17,13,In Stock
VTX00001171,113,Granite,Base,Black,43500,2026-08-23,38,In Stock
VTX00001172,113,Granite,Sport,White,43500,2026-09-07,23,In Stock
VTX00001173,113,Granite,Base,Black,43500,2026-05-03,150,In Stock
VTX00001174,113,Harbor,Sport,Red,32900,2026-07-17,75,In Stock
VTX00001175,113,Harbor,Base,Black,32900,2026-08-29,32,In Stock
VTX00001176,113,Harbor,Base,Silver,32900,2026-09-12,18,In Stock
VTX00001177,113,Harbor,Base,Silver,32900,2026-09-03,27,In Stock
VTX00001178,113,Harbor,Base,Silver,32900,2026-09-04,26,In Stock
VTX00001179,113,Harbor,Sport,Silver,32900,2026-08-16,45,In Stock
VTX00001180,113,Harbor,Sport,Blue,32900,2026-07-11,81,In Stock
VTX00001181,114,Aria,Base,Blue,24500,2026-06-25,97,In Stock
VTX00001182,114,Aria,Limited,Black,24500,2026-09-21,9,In Stock
VTX00001183,114,Aria,Base,Red,24500,2026-05-14,139,In Stock
VTX00001184,114,Aria,Base,White,24500,2026-03-18,196,In Stock
VTX00001185,114,Aria,Base,Blue,24500,2026-07-11,81,In Stock
VTX00001186,114,Aria,Base,Red,24500,2026-07-07,85,In Stock
VTX00001187,114,Aria,Base,Gray,24500,2026-09-01,29,In Stock
VTX00001188,114,Aria,Base,Blue,24500,2026-09-12,18,In Stock
VTX00001189,114,Aria,Base,Gray,24500,2026-07-29,63,In Transit
VTX00001190,114,Aria,Limited,Blue,24500,2026-08-27,34,In Stock
VTX00001191,114,Aria,Sport,Gray,24500,2026-08-20,41,In Stock
VTX00001192,114,Aria,Base,Black,24500,2026-07-20,72,In Stock
VTX00001193,114,Aria,Base,White,24500,2026-09-11,19,In Stock
VTX00001194,114,Aria,Limited,Red,24500,2026-09-22,8,In Stock
VTX00001195,114,Aria,Base,Blue,24500,2026-07-23,69,In Stock
VTX00001196,114,Aria,Base,White,24500,2026-06-11,111,In Stock
VTX00001197,114,Aria,Limited,Gray,24500,2026-08-02,59,In Stock
VTX00001198,114,Aria,Limited,Gray,24500,2026-03-30,184,In Stock
VTX00001199,114,Aria,Sport,Silver,24500,2026-07-01,91,In Stock
VTX00001200,114,Aria,Base,Black,24500,2026-08-19,42,In Transit
VTX00001201,114,Aria,Sport,Red,24500,2026-06-12,110,In Stock
VTX00001202,114,Aria,Base,Black,24500,2026-07-17,75,In Stock
VTX00001203,114,Aria,Sport,Gray,24500,2026-05-09,144,In Stock
VTX00001204,114,Aria,Base,Black,24500,2026-06-01,121,In Stock
VTX00001205,114,Aria,Limited,Gray,24500,2026-09-21,9,In Transit
VTX00001206,114,Aria,Base,White,24500,2026-06-17,105,In Stock
VTX00001207,114,Aria,Limited,Gray,24500,2026-08-09,52,In Stock
VTX00001208,114,Aria,Base,Gray,24500,2026-07-28,64,In Stock
VTX00001209,114,Aria,Base,Black,24500,2026-07-13,79,In Stock
VTX00001210,114,Aria,Base,Gray,24500,2026-04-07,176,In Stock
VTX00001211,114,Aria,Base,Black,24500,2026-03-27,187,In Transit
VTX00001212,114,Aria,Base,White,24500,2026-06-25,97,In Stock
VTX00001213,114,Aria,Sport,Gray,24500,2026-07-15,77,In Stock
VTX00001214,114,Aria,Base,Gray,24500,2026-06-23,99,In Stock
VTX00001215,114,Aria,Limited,Silver,24500,2026-07-31,61,In Stock
VTX00001216,114,Aria,Sport,Red,24500,2026-05-17,136,In Stock
VTX00001217,114,Aria,Limited,White,24500,2026-06-19,103,In Stock
VTX00001218,114,Aria,Base,Silver,24500,2026-07-10,82,In Stock
VTX00001219,114,Aria,Base,Red,24500,2026-08-02,59,In Stock
VTX00001220,114,Aria,Base,Silver,24500,2026-04-26,157,In Stock
VTX00001221,114,Aria,Base,Gray,24500,2026-08-08,53,In Stock
VTX00001222,114,Aria,Limited,Silver,24500,2026-08-20,41,In Transit
VTX00001223,114,Aria,Base,Black,24500,2026-06-17,105,In Stock
VTX00001224,114,Aria,Sport,Silver,24500,2026-08-07,54,In Stock
VTX00001225,114,Aria,Sport,Red,24500,2026-07-03,89,In Stock
VTX00001226,114,Aria,Base,Gray,24500,2026-08-28,33,In Stock
VTX00001227,114,Aria,Limited,Gray,24500,2026-06-05,117,In Transit
VTX00001228,114,Aria,Base,White,24500,2026-08-07,54,In Stock
VTX00001229,114,Aria,Sport,White,24500,2026-05-01,152,In Stock
VTX00001230,114,Aria,Sport,Gray,24500,2026-07-01,91,In Stock
VTX00001231,114,Aria,Base,Blue,24500,2026-06-16,106,In Stock
VTX00001232,114,Aria,Sport,White,24500,2026-07-17,75,In Stock
VTX00001233,114,Aria,Sport,Red,24500,2026-08-28,33,In Stock
VTX00001234,114,Aria,Base,Red,24500,2026-07-28,64,In Transit
VTX00001235,114,Aria,Base,Black,24500,2026-08-16,45,In Stock
VTX00001236,114,Aria,Sport,Silver,24500,2026-08-11,50,In Stock
VTX00001237,114,Aria,Base,Gray,24500,2026-07-31,61,In Stock
VTX00001238,114,Aria,Base,Red,24500,2026-07-21,71,In Stock
VTX00001239,114,Aria,Sport,White,24500,2026-07-16,76,In Stock
VTX00001240,114,Aria,Base,Gray,24500,2026-08-15,46,In Transit
VTX00001241,114,Aria,Sport,Black,24500,2026-06-25,97,In Stock
VTX00001242,114,Aria,Base,Black,24500,2026-09-05,25,In Stock
VTX00001243,114,Aria,Sport,Black,24500,2026-09-17,13,In Stock
VTX00001244,114,Aria,Limited,Silver,24500,2026-07-24,68,In Stock
VTX00001245,114,Aria,Base,Blue,24500,2026-07-17,75,In Stock
VTX00001246,114,Aria,Sport,Black,24500,2026-08-19,42,In Stock
VTX00001247,114,Aria,Base,Gray,24500,2026-07-28,64,In Stock
VTX00001248,114,Aria,Base,Silver,24500,2026-07-22,70,In Stock
VTX00001249,114,Aria,Base,White,24500,2026-07-01,91,In Stock
VTX00001250,114,Aria,Base,White,24500,2026-06-26,96,In Stock
VTX00001251,114,Aria,Limited,Blue,24500,2026-07-29,63,In Stock
VTX00001252,114,Aria,Base,Black,24500,2026-05-14,139,In Transit
VTX00001253,114,Aria,Base,Black,24500,2026-03-13,201,In Stock
VTX00001254,114,Aria,Sport,Red,24500,2026-07-19,73,In Stock
VTX00001255,114,Aria,Sport,Gray,24500,2026-08-12,49,In Stock
VTX00001256,114,Aria,Sport,Silver,24500,2026-08-22,39,Hold
VTX00001257,114,Aria,Sport,White,24500,2026-04-25,158,In Stock
VTX00001258,114,Aria,Base,Red,24500,2026-04-19,164,In Stock
VTX00001259,114,Aria,Base,Red,24500,2026-08-28,33,In Transit
VTX00001260,114,Aria,Sport,Silver,24500,2026-05-19,134,In Stock
VTX00001261,114,Aria,Base,Silver,24500,2026-06-14,108,In Stock
VTX00001262,114,Aria,Sport,Blue,24500,2026-05-05,148,In Stock
VTX00001263,114,Aria,Limited,White,24500,2026-08-29,32,In Stock
VTX00001264,114,Aria,Limited,Red,24500,2026-07-15,77,In Stock
VTX00001265,114,Aria,Base,Black,24500,2026-02-09,233,In Stock
VTX00001266,114,Aria,Sport,Gray,24500,2026-07-21,71,Hold
VTX00001267,114,Aria,Sport,Silver,24500,2026-07-15,77,In Stock
VTX00001268,114,Aria,Base,Red,24500,2026-03-07,207,In Transit
VTX00001269,114,Brisa,Base,Black,29900,2026-07-12,80,In Stock
VTX00001270,114,Brisa,Sport,Silver,29900,2026-08-23,38,Hold
VTX00001271,114,Brisa,Base,Gray,29900,2026-07-08,84,Hold
VTX00001272,114,Brisa,Sport,Blue,29900,2026-08-20,41,In Stock
VTX00001273,114,Brisa,Base,Red,29900,2026-06-21,101,In Stock
VTX00001274,114,Brisa,Base,Red,29900,2026-08-29,32,In Stock
VTX00001275,114,Brisa,Sport,Blue,29900,2026-09-21,9,In Transit
VTX00001276,114,Brisa,Base,Silver,29900,2026-09-16,14,In Stock
VTX00001277,114,Brisa,Base,Blue,29900,2026-06-25,97,In Stock
VTX00001278,114,Brisa,Base,Gray,29900,2026-02-21,221,In Transit
VTX00001279,114,Brisa,Base,Silver,29900,2026-07-31,61,In Stock
VTX00001280,114,Brisa,Sport,Silver,29900,2026-07-31,61,In Stock
VTX00001281,114,Brisa,Sport,White,29900,2026-08-09,52,In Stock
VTX00001282,114,Brisa,Base,White,29900,2026-09-01,29,In Stock
VTX00001283,114,Brisa,Sport,Gray,29900,2026-07-05,87,In Stock
VTX00001284,114,Brisa,Sport,Gray,29900,2026-08-29,32,In Stock
VTX00001285,114,Brisa,Sport,White,29900,2026-07-28,64,In Stock
VTX00001286,114,Brisa,Base,Red,29900,2025-11-25,309,In Stock
VTX00001287,114,Brisa,Sport,White,29900,2026-09-18,12,In Transit
VTX00001288,114,Brisa,Sport,Gray,29900,2026-05-20,133,In Stock
VTX00001289,114,Brisa,Base,Gray,29900,2026-08-06,55,In Stock
VTX00001290,114,Brisa,Sport,Red,29900,2026-09-05,25,In Stock
VTX00001291,114,Brisa,Sport,Gray,29900,2026-08-20,41,In Stock
VTX00001292,114,Brisa,Sport,Gray,29900,2026-07-10,82,In Stock
VTX00001293,114,Brisa,Sport,Silver,29900,2026-08-16,45,In Stock
VTX00001294,114,Brisa,Base,Silver,29900,2026-08-06,55,In Stock
VTX00001295,114,Brisa,Base,Black,29900,2026-05-28,125,In Stock
VTX00001296,114,Brisa,Base,Red,29900,2026-06-17,105,In Stock
VTX00001297,114,Brisa,Limited,Gray,29900,2026-07-27,65,In Stock
VTX00001298,114,Brisa,Limited,Gray,29900,2026-08-14,47,In Stock
VTX00001299,114,Brisa,Base,Silver,29900,2026-09-04,26,In Stock
VTX00001300,114,Cirrus,Sport,Silver,31500,2026-04-20,163,In Stock
VTX00001301,114,Cirrus,Base,White,31500,2026-07-12,80,In Transit
VTX00001302,114,Cirrus,Base,Black,31500,2026-06-23,99,Hold
VTX00001303,114,Cirrus,Sport,Blue,31500,2026-06-15,107,In Stock
VTX00001304,114,Cirrus,Sport,Silver,31500,2026-03-17,197,In Transit
VTX00001305,114,Cirrus,Sport,White,31500,2026-07-23,69,In Stock
VTX00001306,114,Cirrus,Base,Gray,31500,2026-09-20,10,In Stock
VTX00001307,114,Cirrus,Sport,Blue,31500,2026-07-05,87,In Stock
VTX00001308,114,Cirrus,Sport,Blue,31500,2026-06-06,116,In Stock
VTX00001309,114,Cirrus,Base,Gray,31500,2026-07-27,65,In Stock
VTX00001310,114,Cirrus,Limited,White,31500,2026-04-27,156,In Stock
VTX00001311,114,Cirrus,Base,Red,31500,2026-07-20,72,In Stock
VTX00001312,114,Cirrus,Base,White,31500,2026-08-29,32,In Stock
VTX00001313,114,Cirrus,Base,Red,31500,2026-08-15,46,In Transit
VTX00001314,114,Cirrus,Base,Black,31500,2026-06-29,93,In Stock
VTX00001315,114,Cirrus,Base,Blue,31500,2026-09-02,28,In Stock
VTX00001316,114,Cirrus,Limited,Blue,31500,2026-08-06,55,In Stock
VTX00001317,114,Cirrus,Base,Silver,31500,2026-03-28,186,In Stock
VTX00001318,114,Cirrus,Limited,Black,31500,2026-08-27,34,In Transit
VTX00001319,114,Cirrus,Sport,Silver,31500,2026-05-30,123,In Stock
VTX00001320,114,Cirrus,Sport,Red,31500,2026-06-21,101,In Stock
VTX00001321,114,Cirrus,Base,Gray,31500,2026-08-19,42,Hold
VTX00001322,114,Cirrus,Sport,Black,31500,2026-06-22,100,Hold
VTX00001323,114,Cirrus,Base,Black,31500,2026-09-23,7,In Stock
VTX00001324,114,Cirrus,Base,Blue,31500,2026-09-06,24,In Stock
VTX00001325,114,Cirrus,Sport,Blue,31500,2026-07-23,69,In Stock
VTX00001326,114,Cirrus,Sport,Silver,31500,2025-08-26,400,In Stock
VTX00001327,114,Cirrus,Limited,Blue,31500,2026-09-22,8,In Stock
VTX00001328,114,Cirrus,Base,Black,31500,2026-08-30,31,In Stock
VTX00001329,114,Cirrus,Sport,Silver,31500,2026-09-02,28,In Stock
VTX00001330,114,Cirrus,Sport,Red,31500,2026-08-30,31,In Stock
VTX00001331,114,Cirrus,Sport,Blue,31500,2026-09-01,29,In Stock
VTX00001332,114,Cirrus,Sport,Red,31500,2026-08-18,43,In Stock
VTX00001333,114,Cirrus,Limited,White,31500,2026-07-17,75,In Stock
VTX00001334,114,Cirrus,Base,White,31500,2026-05-04,149,In Stock
VTX00001335,114,Cirrus,Limited,Red,31500,2026-08-10,51,In Stock
VTX00001336,114,Cirrus,Base,White,31500,2026-08-31,30,In Stock
VTX00001337,114,Cirrus,Base,Silver,31500,2026-09-04,26,In Stock
VTX00001338,114,Cirrus,Sport,Black,31500,2026-07-22,70,In Transit
VTX00001339,114,Cirrus,Base,Silver,31500,2026-07-18,74,In Stock
VTX00001340,114,Cirrus,Limited,Red,31500,2026-07-17,75,In Stock
VTX00001341,114,Cirrus,Base,White,31500,2026-07-13,79,In Stock
VTX00001342,114,Cirrus,Limited,Red,31500,2026-07-23,69,In Stock
VTX00001343,114,Cirrus,Base,Gray,31500,2026-08-26,35,In Stock
VTX00001344,114,Cirrus,Limited,Silver,31500,2026-05-31,122,In Stock
VTX00001345,114,Cirrus,Base,Silver,31500,2026-07-17,75,In Transit
VTX00001346,114,Cirrus,Base,Red,31500,2026-09-15,15,In Stock
VTX00001347,114,Cirrus,Base,Gray,31500,2026-06-09,113,In Stock
VTX00001348,114,Cirrus,Sport,Black,31500,2026-04-11,172,In Stock
VTX00001349,114,Cirrus,Base,Blue,31500,2026-07-29,63,In Stock
VTX00001350,114,Cirrus,Base,White,31500,2026-05-01,152,In Stock
VTX00001351,114,Cirrus,Base,White,31500,2026-07-10,82,In Stock
VTX00001352,114,Cirrus,Sport,Red,31500,2026-07-29,63,In Stock
VTX00001353,114,Cirrus,Base,Red,31500,2026-09-05,25,In Stock
VTX00001354,114,Cirrus,Base,Gray,31500,2026-05-23,130,In Stock
VTX00001355,114,Cirrus,Limited,Red,31500,2026-09-03,27,In Stock
VTX00001356,114,Cirrus,Base,Silver,31500,2026-06-02,120,In Stock
VTX00001357,114,Cirrus,Sport,Gray,31500,2026-04-26,157,In Stock
VTX00001358,114,Cirrus,Base,Silver,31500,2026-07-31,61,In Stock
VTX00001359,114,Cirrus,Sport,White,31500,2026-07-11,81,In Transit
VTX00001360,114,Cirrus,Limited,Red,31500,2026-05-27,126,In Stock
VTX00001361,114,Cirrus,Base,Silver,31500,2026-09-01,29,In Stock
VTX00001362,114,Cirrus,Limited,Gray,31500,2026-04-24,159,In Stock
VTX00001363,114,Cirrus,Sport,Black,31500,2026-07-15,77,In Stock
VTX00001364,114,Cirrus,Sport,Red,31500,2026-09-20,10,In Stock
VTX00001365,114,Cirrus,Base,Blue,31500,2026-09-28,2,Hold
VTX00001366,114,Cirrus,Sport,Black,31500,2026-09-22,8,In Stock
VTX00001367,114,Cirrus,Base,Red,31500,2026-06-04,118,In Stock
VTX00001368,114,Dune,Limited,Silver,38900,2026-09-09,21,In Stock
VTX00001369,114,Dune,Sport,Gray,38900,2026-07-08,84,In Stock
VTX00001370,114,Dune,Base,White,38900,2026-06-26,96,In Stock
VTX00001371,114,Dune,Base,Silver,38900,2026-06-20,102,In Stock
VTX00001372,114,Dune,Limited,Red,38900,2026-07-17,75,In Stock
VTX00001373,114,Dune,Sport,Blue,38900,2026-08-04,57,In Stock
VTX00001374,114,Dune,Base,White,38900,2026-07-18,74,In Stock
VTX00001375,114,Dune,Base,Silver,38900,2026-03-30,184,In Transit
VTX00001376,114,Dune,Sport,Silver,38900,2026-04-28,155,In Stock
VTX00001377,114,Dune,Sport,Red,38900,2026-07-30,62,In Stock
VTX00001378,114,Dune,Base,Black,38900,2026-08-03,58,In Stock
VTX00001379,114,Dune,Sport,Silver,38900,2026-05-01,152,In Stock
VTX00001380,114,Dune,Base,Black,38900,2026-07-17,75,In Stock
VTX00001381,114,Dune,Sport,Black,38900,2026-08-18,43,In Stock
VTX00001382,114,Dune,Base,Blue,38900,2026-03-21,193,In Stock
VTX00001383,114,Dune,Limited,Red,38900,2026-01-24,249,In Stock
VTX00001384,114,Dune,Base,Blue,38900,2026-08-21,40,In Stock
VTX00001385,114,Dune,Base,Gray,38900,2026-09-11,19,In Stock
VTX00001386,114,Dune,Base,Blue,38900,2026-09-01,29,In Stock
VTX00001387,114,Dune,Limited,Blue,38900,2026-04-17,166,In Stock
VTX00001388,114,Dune,Base,Gray,38900,2026-07-31,61,In Stock
VTX00001389,114,Dune,Base,Red,38900,2026-09-06,24,In Stock
VTX00001390,114,Dune,Base,White,38900,2026-08-16,45,In Stock
VTX00001391,114,Dune,Limited,Red,38900,2026-08-10,51,In Stock
VTX00001392,114,Dune,Sport,Gray,38900,2026-08-10,51,In Transit
VTX00001393,114,Dune,Limited,Gray,38900,2026-05-19,134,In Stock
VTX00001394,114,Dune,Base,Black,38900,2025-11-13,321,In Stock
VTX00001395,114,Dune,Limited,Silver,38900,2026-09-11,19,In Stock
VTX00001396,114,Dune,Limited,Black,38900,2026-06-15,107,In Stock
VTX00001397,114,Dune,Sport,Black,38900,2026-07-15,77,In Stock
VTX00001398,114,Dune,Limited,Blue,38900,2026-08-22,39,In Stock
VTX00001399,114,Dune,Sport,Gray,38900,2026-08-05,56,In Stock
VTX00001400,114,Dune,Base,Red,38900,2026-07-14,78,In Stock
VTX00001401,114,Dune,Limited,Gray,38900,2026-06-12,110,In Stock
VTX00001402,114,Dune,Base,White,38900,2026-05-26,127,In Stock
VTX00001403,114,Dune,Base,Blue,38900,2026-08-11,50,In Stock
VTX00001404,114,Dune,Sport,White,38900,2026-08-04,57,In Stock
VTX00001405,114,Dune,Base,White,38900,2026-08-21,40,In Stock
VTX00001406,114,Dune,Sport,White,38900,2026-08-20,41,In Transit
VTX00001407,114,Dune,Sport,White,38900,2026-04-13,170,In Stock
VTX00001408,114,Dune,Sport,Red,38900,2026-09-10,20,In Stock
VTX00001409,114,Dune,Sport,White,38900,2026-06-10,112,In Stock
VTX00001410,114,Dune,Sport,Blue,38900,2026-05-18,135,In Stock
VTX00001411,114,Dune,Sport,Silver,38900,2026-08-18,43,In Stock
VTX00001412,114,Dune,Base,Black,38900,2026-05-15,138,In Stock
VTX00001413,114,Dune,Sport,Black,38900,2026-05-05,148,In Stock
VTX00001414,114,Dune,Limited,White,38900,2026-05-08,145,Hold
VTX00001415,114,Dune,Base,Black,38900,2026-09-14,16,In Stock
VTX00001416,114,Dune,Limited,Blue,38900,2026-09-01,29,In Stock
VTX00001417,114,Dune,Base,Black,38900,2026-08-26,35,In Stock
VTX00001418,114,Dune,Base,Gray,38900,2026-09-06,24,In Stock
VTX00001419,114,Dune,Base,Red,38900,2026-05-14,139,In Stock
VTX00001420,114,Dune,Sport,Black,38900,2026-05-04,149,In Transit
VTX00001421,114,Dune,Base,Red,38900,2026-07-06,86,Hold
VTX00001422,114,Dune,Base,Red,38900,2026-09-17,13,In Stock
VTX00001423,114,Dune,Base,Red,38900,2026-08-05,56,In Transit
VTX00001424,114,Dune,Base,Red,38900,2026-09-09,21,In Stock
VTX00001425,114,Dune,Limited,White,38900,2026-09-04,26,In Stock
VTX00001426,114,Dune,Sport,Silver,38900,2026-04-29,154,In Stock
VTX00001427,114,Dune,Base,Silver,38900,2026-05-11,142,In Stock
VTX00001428,114,Dune,Sport,Silver,38900,2025-09-25,370,In Stock
VTX00001429,114,Dune,Sport,White,38900,2026-09-02,28,In Stock
VTX00001430,114,Dune,Base,Red,38900,2026-08-05,56,In Stock
VTX00001431,114,Dune,Limited,White,38900,2026-07-28,64,In Transit
VTX00001432,114,Dune,Base,White,38900,2026-07-22,70,In Stock
VTX00001433,114,Dune,Sport,Gray,38900,2026-06-30,92,In Transit
VTX00001434,114,Dune,Base,Gray,38900,2026-08-22,39,In Stock
VTX00001435,114,Dune,Limited,Silver,38900,2026-06-20,102,In Stock
VTX00001436,114,Dune,Base,Black,38900,2026-08-10,51,In Stock
VTX00001437,114,Dune,Base,Red,38900,2026-07-11,81,In Stock
VTX00001438,114,Dune,Sport,Silver,38900,2026-04-10,173,In Stock
VTX00001439,114,Dune,Limited,White,38900,2026-07-08,84,In Stock
VTX00001440,114,Dune,Limited,Gray,38900,2026-09-13,17,In Transit
VTX00001441,114,Dune,Base,Gray,38900,2026-08-20,41,In Stock
VTX00001442,114,Dune,Base,Silver,38900,2026-08-18,43,In Stock
VTX00001443,114,Dune,Limited,Red,38900,2026-07-14,78,In Stock
VTX00001444,114,Dune,Sport,Red,38900,2026-08-04,57,In Transit
VTX00001445,114,Dune,Base,Black,38900,2026-08-31,30,In Stock
VTX00001446,114,Everest,Limited,White,52500,2026-05-20,133,In Stock
VTX00001447,114,Everest,Base,Silver,52500,2026-07-15,77,In Stock
VTX00001448,114,Everest,Base,Silver,52500,2026-07-14,78,In Transit
VTX00001449,114,Everest,Base,White,52500,2026-05-26,127,In Stock
VTX00001450,114,Everest,Sport,Silver,52500,2026-04-26,157,In Stock
VTX00001451,114,Everest,Limited,Gray,52500,2026-08-23,38,In Stock
VTX00001452,114,Everest,Sport,Blue,52500,2026-04-14,169,In Stock
VTX00001453,114,Everest,Base,Gray,52500,2026-04-22,161,Hold
VTX00001454,114,Everest,Sport,Red,52500,2026-09-12,18,In Stock
VTX00001455,114,Everest,Sport,Black,52500,2026-05-27,126,In Transit
VTX00001456,114,Everest,Limited,Blue,52500,2026-08-31,30,In Stock
VTX00001457,114,Everest,Base,Gray,52500,2026-04-29,154,In Stock
VTX00001458,114,Everest,Base,Red,52500,2026-07-19,73,In Stock
VTX00001459,114,Everest,Sport,Blue,52500,2026-07-07,85,In Stock
VTX00001460,114,Everest,Sport,White,52500,2026-08-03,58,In Stock
VTX00001461,114,Everest,Sport,Black,52500,2026-08-25,36,In Stock
VTX00001462,114,Flux EV,Limited,Silver,47900,2026-09-03,27,In Stock
VTX00001463,114,Flux EV,Sport,Blue,47900,2026-07-03,89,In Stock
VTX00001464,114,Flux EV,Base,Black,47900,2026-07-25,67,In Stock
VTX00001465,114,Flux EV,Sport,Red,47900,2026-07-08,84,In Stock
VTX00001466,114,Flux EV,Sport,Blue,47900,2026-09-24,6,In Stock
VTX00001467,114,Flux EV,Base,Silver,47900,2026-06-30,92,In Stock
VTX00001468,114,Flux EV,Base,White,47900,2026-03-15,199,In Stock
VTX00001469,114,Flux EV,Base,Gray,47900,2026-04-13,170,In Stock
VTX00001470,114,Flux EV,Sport,Blue,47900,2026-08-28,33,In Stock
VTX00001471,114,Flux EV,Base,Gray,47900,2026-07-29,63,In Stock
VTX00001472,114,Flux EV,Sport,Silver,47900,2026-08-24,37,In Stock
VTX00001473,114,Flux EV,Base,Black,47900,2026-03-14,200,In Stock
VTX00001474,114,Flux EV,Sport,Red,47900,2026-08-30,31,In Stock
VTX00001475,114,Flux EV,Limited,Blue,47900,2026-08-05,56,In Stock
VTX00001476,114,Flux EV,Limited,Gray,47900,2026-07-20,72,In Stock
VTX00001477,114,Flux EV,Base,Black,47900,2026-07-22,70,In Stock
VTX00001478,114,Flux EV,Base,Black,47900,2026-06-21,101,In Stock
VTX00001479,114,Flux EV,Limited,Blue,47900,2026-02-09,233,In Stock
VTX00001480,114,Granite,Base,White,43500,2026-08-23,38,In Stock
VTX00001481,114,Granite,Sport,Black,43500,2026-08-20,41,In Stock
VTX00001482,114,Granite,Base,Black,43500,2026-08-24,37,In Stock
VTX00001483,114,Granite,Sport,Red,43500,2026-08-07,54,In Stock
VTX00001484,114,Granite,Base,Silver,43500,2026-08-12,49,In Stock
VTX00001485,114,Granite,Base,White,43500,2026-05-19,134,In Stock
VTX00001486,114,Granite,Limited,Red,43500,2026-08-24,37,In Stock
VTX00001487,114,Granite,Sport,White,43500,2026-07-24,68,In Stock
VTX00001488,114,Granite,Base,Gray,43500,2026-02-22,220,In Stock
VTX00001489,114,Granite,Base,Blue,43500,2026-08-06,55,In Stock
VTX00001490,114,Granite,Sport,White,43500,2026-08-16,45,In Stock
VTX00001491,114,Granite,Base,Black,43500,2026-09-11,19,In Stock
VTX00001492,114,Granite,Base,Black,43500,2026-08-03,58,In Stock
VTX00001493,114,Granite,Limited,Silver,43500,2026-08-29,32,In Stock
VTX00001494,114,Granite,Base,Black,43500,2026-07-04,88,In Transit
VTX00001495,114,Granite,Base,Red,43500,2026-07-15,77,In Stock
VTX00001496,114,Granite,Sport,White,43500,2026-07-04,88,In Stock
VTX00001497,114,Granite,Sport,White,43500,2026-04-17,166,In Stock
VTX00001498,114,Granite,Sport,White,43500,2026-08-19,42,In Transit
VTX00001499,114,Granite,Base,Blue,43500,2026-05-05,148,In Transit
VTX00001500,114,Granite,Base,Red,43500,2026-07-12,80,In Transit
VTX00001501,114,Granite,Base,Silver,43500,2026-07-06,86,In Stock
VTX00001502,114,Granite,Sport,Gray,43500,2026-06-30,92,In Stock
VTX00001503,114,Granite,Sport,Red,43500,2026-07-22,70,In Stock
VTX00001504,114,Granite,Base,White,43500,2026-09-01,29,In Transit
VTX00001505,114,Granite,Sport,Red,43500,2026-09-07,23,In Stock
VTX00001506,114,Granite,Sport,Black,43500,2026-08-09,52,In Stock
VTX00001507,114,Granite,Limited,Red,43500,2026-07-31,61,In Stock
VTX00001508,114,Granite,Base,Black,43500,2026-09-22,8,In Stock
VTX00001509,114,Granite,Limited,Black,43500,2026-06-17,105,In Stock
VTX00001510,114,Granite,Base,Silver,43500,2026-07-08,84,In Stock
VTX00001511,114,Granite,Base,Silver,43500,2026-08-13,48,In Stock
VTX00001512,114,Granite,Sport,Black,43500,2026-09-13,17,In Stock
VTX00001513,114,Granite,Base,Red,43500,2026-02-23,219,In Stock
VTX00001514,114,Granite,Sport,Black,43500,2026-08-09,52,In Stock
VTX00001515,114,Granite,Base,Black,43500,2026-07-26,66,In Transit
VTX00001516,114,Granite,Base,White,43500,2026-07-09,83,In Transit
VTX00001517,114,Granite,Base,Red,43500,2026-02-17,225,In Stock
VTX00001518,114,Granite,Limited,Red,43500,2026-04-14,169,In Stock
VTX00001519,114,Granite,Base,Gray,43500,2026-08-26,35,In Stock
VTX00001520,114,Granite,Base,Silver,43500,2026-08-11,50,In Stock
VTX00001521,114,Granite,Base,White,43500,2026-07-22,70,In Stock
VTX00001522,114,Granite,Sport,Red,43500,2026-08-20,41,In Stock
VTX00001523,114,Granite,Sport,Black,43500,2026-08-27,34,In Stock
VTX00001524,114,Granite,Base,Silver,43500,2026-04-18,165,In Stock
VTX00001525,114,Granite,Sport,Black,43500,2026-08-29,32,In Stock
VTX00001526,114,Granite,Base,Red,43500,2026-07-30,62,In Stock
VTX00001527,114,Granite,Limited,Red,43500,2026-09-08,22,In Stock
VTX00001528,114,Granite,Limited,White,43500,2026-04-13,170,In Stock
VTX00001529,114,Granite,Base,Blue,43500,2026-08-02,59,In Stock
VTX00001530,114,Granite,Base,Blue,43500,2026-07-09,83,In Transit
VTX00001531,114,Granite,Sport,White,43500,2026-09-01,29,In Stock
VTX00001532,114,Granite,Base,Blue,43500,2026-09-19,11,In Stock
VTX00001533,114,Granite,Limited,Silver,43500,2026-03-01,213,In Stock
VTX00001534,114,Granite,Base,White,43500,2026-08-04,57,In Stock
VTX00001535,114,Granite,Sport,White,43500,2026-07-27,65,In Stock
VTX00001536,114,Granite,Base,Blue,43500,2026-06-21,101,In Transit
VTX00001537,114,Granite,Sport,Silver,43500,2026-08-26,35,In Stock
VTX00001538,114,Granite,Base,Black,43500,2026-08-07,54,In Stock
VTX00001539,114,Harbor,Limited,Red,32900,2026-08-15,46,In Stock
VTX00001540,114,Harbor,Sport,Blue,32900,2026-04-21,162,In Stock
VTX00001541,114,Harbor,Limited,White,32900,2026-05-28,125,In Stock
VTX00001542,114,Harbor,Sport,Blue,32900,2026-08-27,34,In Transit
VTX00001543,114,Harbor,Limited,Silver,32900,2026-07-17,75,In Stock
VTX00001544,114,Harbor,Base,Silver,32900,2026-03-15,199,In Stock
VTX00001545,114,Harbor,Base,Red,32900,2026-07-25,67,In Stock
VTX00001546,114,Harbor,Sport,Silver,32900,2026-07-24,68,In Stock
VTX00001547,114,Harbor,Sport,Red,32900,2026-08-04,57,In Stock
VTX00001548,114,Harbor,Base,Black,32900,2026-08-08,53,In Stock
VTX00001549,114,Harbor,Base,Blue,32900,2026-06-23,99,In Stock
VTX00001550,114,Harbor,Base,Red,32900,2026-06-18,104,In Stock
VTX00001551,114,Harbor,Sport,Blue,32900,2026-09-03,27,In Stock
VTX00001552,114,Harbor,Limited,Red,32900,2026-09-20,10,In Stock
VTX00001553,114,Harbor,Base,Silver,32900,2026-07-09,83,In Stock
VTX00001554,114,Harbor,Base,Black,32900,2025-12-23,281,In Stock
VTX00001555,114,Harbor,Sport,Black,32900,2026-09-05,25,In Stock
VTX00001556,114,Harbor,Base,Black,32900,2026-07-27,65,In Stock
VTX00001557,114,Harbor,Base,White,32900,2026-09-02,28,In Stock
VTX00001558,114,Harbor,Base,Silver,32900,2026-09-06,24,In Stock
VTX00001559,114,Harbor,Limited,Silver,32900,2026-06-02,120,In Stock
VTX00001560,114,Harbor,Sport,Blue,32900,2026-09-03,27,In Stock
VTX00001561,114,Harbor,Base,Silver,32900,2026-08-11,50,In Stock
VTX00001562,114,Harbor,Limited,White,32900,2026-06-30,92,In Stock
VTX00001563,114,Harbor,Base,Silver,32900,2026-08-12,49,In Stock
VTX00001564,114,Harbor,Base,Blue,32900,2026-08-13,48,In Stock
VTX00001565,114,Harbor,Sport,Silver,32900,2026-05-07,146,In Stock
VTX00001566,114,Harbor,Base,Gray,32900,2026-08-23,38,Hold
VTX00001567,114,Harbor,Limited,Gray,32900,2026-05-27,126,In Transit
VTX00001568,115,Aria,Sport,Blue,24500,2026-08-11,50,In Stock
VTX00001569,115,Aria,Limited,Black,24500,2026-09-11,19,In Stock
VTX00001570,115,Aria,Sport,Red,24500,2026-09-11,19,In Stock
VTX00001571,115,Aria,Base,Gray,24500,2026-08-26,35,In Stock
VTX00001572,115,Aria,Base,Gray,24500,2026-07-21,71,In Stock
VTX00001573,115,Aria,Base,Black,24500,2026-06-15,107,In Stock
VTX00001574,115,Aria,Base,Silver,24500,2026-07-11,81,In Stock
VTX00001575,115,Aria,Sport,Blue,24500,2026-09-16,14,In Stock
VTX00001576,115,Aria,Sport,Silver,24500,2026-08-29,32,In Transit
VTX00001577,115,Brisa,Base,Blue,29900,2026-09-01,29,In Stock
VTX00001578,115,Brisa,Base,Blue,29900,2026-09-21,9,In Stock
VTX00001579,115,Brisa,Base,Silver,29900,2026-07-30,62,In Stock
VTX00001580,115,Brisa,Limited,Blue,29900,2026-06-28,94,In Stock
VTX00001581,115,Brisa,Base,Silver,29900,2026-09-12,18,In Stock
VTX00001582,115,Brisa,Base,Gray,29900,2026-08-29,32,In Stock
VTX00001583,115,Brisa,Base,White,29900,2026-07-08,84,In Stock
VTX00001584,115,Brisa,Base,Black,29900,2026-04-29,154,In Stock
VTX00001585,115,Cirrus,Sport,Gray,31500,2026-09-29,1,In Stock
VTX00001586,115,Cirrus,Limited,Blue,31500,2026-06-07,115,In Stock
VTX00001587,115,Cirrus,Sport,Gray,31500,2026-07-08,84,In Stock
VTX00001588,115,Cirrus,Base,Silver,31500,2026-07-02,90,In Stock
VTX00001589,115,Cirrus,Limited,Black,31500,2026-08-11,50,In Stock
VTX00001590,115,Cirrus,Sport,Black,31500,2026-08-17,44,In Stock
VTX00001591,115,Cirrus,Limited,Gray,31500,2026-08-28,33,In Stock
VTX00001592,115,Cirrus,Sport,Silver,31500,2026-08-13,48,In Stock
VTX00001593,115,Cirrus,Sport,White,31500,2026-08-25,36,In Stock
VTX00001594,115,Cirrus,Sport,White,31500,2026-08-15,46,In Stock
VTX00001595,115,Cirrus,Limited,Red,31500,2026-09-18,12,In Stock
VTX00001596,115,Cirrus,Sport,Gray,31500,2026-07-01,91,In Stock
VTX00001597,115,Dune,Base,Red,38900,2026-09-21,9,In Stock
VTX00001598,115,Dune,Sport,Silver,38900,2026-09-22,8,In Stock
VTX00001599,115,Dune,Sport,Gray,38900,2026-08-28,33,In Stock
VTX00001600,115,Dune,Base,White,38900,2026-08-21,40,In Stock
VTX00001601,115,Dune,Sport,Silver,38900,2026-09-12,18,In Stock
VTX00001602,115,Everest,Sport,Black,52500,2026-07-29,63,In Stock
VTX00001603,115,Everest,Sport,Red,52500,2026-07-11,81,In Stock
VTX00001604,115,Everest,Sport,Silver,52500,2026-06-15,107,In Stock
VTX00001605,115,Everest,Limited,Red,52500,2026-09-19,11,In Stock
VTX00001606,115,Everest,Base,Gray,52500,2026-08-21,40,In Stock
VTX00001607,115,Everest,Sport,Gray,52500,2026-08-26,35,In Stock
VTX00001608,115,Everest,Sport,Red,52500,2026-08-28,33,In Stock
VTX00001609,115,Flux EV,Base,Black,47900,2026-08-28,33,In Stock
VTX00001610,115,Flux EV,Sport,Red,47900,2026-08-06,55,In Stock
VTX00001611,115,Flux EV,Base,Gray,47900,2026-05-16,137,In Stock
VTX00001612,115,Flux EV,Sport,Black,47900,2026-06-22,100,In Stock
VTX00001613,115,Flux EV,Sport,Blue,47900,2026-09-08,22,In Transit
VTX00001614,115,Flux EV,Sport,White,47900,2026-06-03,119,In Transit
VTX00001615,115,Flux EV,Limited,Silver,47900,2026-07-23,69,In Stock
VTX00001616,115,Granite,Base,Silver,43500,2026-06-29,93,In Stock
VTX00001617,115,Granite,Sport,Silver,43500,2026-08-13,48,In Stock
VTX00001618,115,Granite,Sport,Gray,43500,2026-09-22,8,In Stock
VTX00001619,115,Granite,Limited,Gray,43500,2026-06-03,119,In Stock
VTX00001620,115,Harbor,Sport,Red,32900,2026-09-05,25,In Stock
VTX00001621,115,Harbor,Base,Gray,32900,2026-09-03,27,In Stock
VTX00001622,115,Harbor,Base,Red,32900,2026-09-12,18,In Stock
VTX00001623,115,Harbor,Sport,Red,32900,2026-08-18,43,In Stock
VTX00001624,115,Harbor,Base,Gray,32900,2026-07-27,65,In Stock
VTX00001625,115,Harbor,Base,Blue,32900,2026-08-07,54,In Stock
VTX00001626,115,Harbor,Limited,Red,32900,2026-09-05,25,In Stock
VTX00001627,115,Harbor,Sport,Red,32900,2026-05-04,149,In Stock
VTX00001628,115,Harbor,Sport,Black,32900,2026-06-20,102,In Stock
VTX00001629,115,Harbor,Sport,Blue,32900,2026-09-12,18,In Stock
VTX00001630,115,Harbor,Sport,Black,32900,2026-07-18,74,In Stock
VTX00001631,116,Aria,Sport,White,24500,2026-08-20,41,In Stock
VTX00001632,116,Aria,Base,Gray,24500,2026-06-05,117,In Stock
VTX00001633,116,Aria,Sport,Gray,24500,2026-08-26,35,In Stock
VTX00001634,116,Aria,Base,Black,24500,2026-09-11,19,In Stock
VTX00001635,116,Aria,Base,Black,24500,2026-08-13,48,In Transit
VTX00001636,116,Aria,Sport,White,24500,2026-08-23,38,In Stock
VTX00001637,116,Aria,Limited,Gray,24500,2026-08-13,48,In Stock
VTX00001638,116,Aria,Base,White,24500,2026-09-12,18,In Stock
VTX00001639,116,Aria,Sport,Silver,24500,2026-08-25,36,In Stock
VTX00001640,116,Aria,Base,Silver,24500,2026-09-15,15,In Stock
VTX00001641,116,Aria,Sport,Blue,24500,2026-07-30,62,In Stock
VTX00001642,116,Aria,Base,Red,24500,2026-09-05,25,In Stock
VTX00001643,116,Aria,Base,Black,24500,2026-09-05,25,In Stock
VTX00001644,116,Aria,Base,Gray,24500,2026-08-02,59,In Stock
VTX00001645,116,Aria,Base,Gray,24500,2026-08-23,38,In Stock
VTX00001646,116,Brisa,Limited,White,29900,2026-08-21,40,In Stock
VTX00001647,116,Brisa,Limited,Blue,29900,2026-08-16,45,In Stock
VTX00001648,116,Brisa,Sport,Black,29900,2026-06-16,106,In Stock
VTX00001649,116,Brisa,Sport,Black,29900,2026-09-17,13,In Stock
VTX00001650,116,Brisa,Base,Black,29900,2026-07-25,67,In Stock
VTX00001651,116,Brisa,Sport,Red,29900,2026-09-25,5,In Stock
VTX00001652,116,Brisa,Limited,Blue,29900,2026-06-01,121,In Stock
VTX00001653,116,Brisa,Base,Black,29900,2026-08-05,56,In Stock
VTX00001654,116,Brisa,Base,Silver,29900,2026-04-02,181,In Stock
VTX00001655,116,Brisa,Base,Gray,29900,2026-07-05,87,In Stock
VTX00001656,116,Brisa,Sport,Red,29900,2026-08-10,51,In Stock
VTX00001657,116,Brisa,Base,Silver,29900,2026-08-30,31,In Stock
VTX00001658,116,Brisa,Base,White,29900,2026-09-01,29,In Stock
VTX00001659,116,Brisa,Base,White,29900,2026-07-05,87,In Stock
VTX00001660,116,Brisa,Sport,White,29900,2026-08-20,41,Hold
VTX00001661,116,Brisa,Base,Blue,29900,2026-08-26,35,In Stock
VTX00001662,116,Cirrus,Base,White,31500,2026-04-04,179,In Stock
VTX00001663,116,Cirrus,Base,Black,31500,2026-07-06,86,In Stock
VTX00001664,116,Cirrus,Limited,Red,31500,2026-05-29,124,In Stock
VTX00001665,116,Cirrus,Base,Gray,31500,2026-08-03,58,In Stock
VTX00001666,116,Cirrus,Base,Gray,31500,2025-12-30,274,In Stock
VTX00001667,116,Cirrus,Base,Red,31500,2026-07-14,78,In Stock
VTX00001668,116,Cirrus,Sport,Red,31500,2026-05-12,141,In Stock
VTX00001669,116,Cirrus,Base,Blue,31500,2026-08-11,50,In Stock
VTX00001670,116,Cirrus,Base,Blue,31500,2026-06-21,101,In Stock
VTX00001671,116,Cirrus,Base,Silver,31500,2026-01-21,252,In Stock
VTX00001672,116,Cirrus,Base,Gray,31500,2026-08-25,36,In Stock
VTX00001673,116,Cirrus,Base,Gray,31500,2026-05-15,138,In Stock
VTX00001674,116,Cirrus,Sport,Black,31500,2026-08-13,48,In Stock
VTX00001675,116,Cirrus,Base,White,31500,2026-07-09,83,In Stock
VTX00001676,116,Cirrus,Sport,White,31500,2026-09-19,11,In Stock
VTX00001677,116,Cirrus,Base,Blue,31500,2026-06-03,119,In Stock
VTX00001678,116,Cirrus,Limited,Red,31500,2026-05-28,125,In Stock
VTX00001679,116,Cirrus,Base,Red,31500,2026-09-15,15,In Transit
VTX00001680,116,Cirrus,Base,Black,31500,2026-07-03,89,In Stock
VTX00001681,116,Cirrus,Base,Red,31500,2026-02-27,215,In Stock
VTX00001682,116,Cirrus,Base,Gray,31500,2026-09-25,5,In Stock
VTX00001683,116,Cirrus,Base,Gray,31500,2026-08-11,50,In Stock
VTX00001684,116,Cirrus,Sport,White,31500,2026-06-06,116,In Stock
VTX00001685,116,Cirrus,Limited,White,31500,2026-07-09,83,In Stock
VTX00001686,116,Cirrus,Limited,White,31500,2026-08-01,60,In Stock
VTX00001687,116,Cirrus,Sport,Silver,31500,2026-07-14,78,In Stock
VTX00001688,116,Cirrus,Base,Black,31500,2026-09-04,26,In Stock
VTX00001689,116,Cirrus,Base,Black,31500,2026-08-19,42,In Stock
VTX00001690,116,Cirrus,Sport,Red,31500,2026-08-24,37,In Stock
VTX00001691,116,Cirrus,Base,White,31500,2026-08-24,37,In Stock
VTX00001692,116,Cirrus,Base,Silver,31500,2026-02-18,224,In Stock
VTX00001693,116,Cirrus,Sport,Gray,31500,2026-03-14,200,In Stock
VTX00001694,116,Cirrus,Sport,White,31500,2026-07-06,86,In Stock
VTX00001695,116,Cirrus,Base,White,31500,2026-02-27,215,In Transit
VTX00001696,116,Cirrus,Base,White,31500,2026-05-06,147,In Stock
VTX00001697,116,Cirrus,Base,Black,31500,2026-07-02,90,In Stock
VTX00001698,116,Cirrus,Sport,Gray,31500,2026-07-25,67,Hold
VTX00001699,116,Cirrus,Sport,Black,31500,2026-09-26,4,In Stock
VTX00001700,116,Cirrus,Base,Red,31500,2026-08-29,32,In Stock
VTX00001701,116,Dune,Base,Blue,38900,2026-06-29,93,In Stock
VTX00001702,116,Dune,Sport,Red,38900,2026-08-31,30,In Stock
VTX00001703,116,Dune,Sport,Black,38900,2026-09-25,5,In Stock
VTX00001704,116,Dune,Limited,Gray,38900,2026-08-13,48,In Stock
VTX00001705,116,Dune,Base,Black,38900,2026-06-27,95,In Stock
VTX00001706,116,Dune,Base,White,38900,2026-09-01,29,In Stock
VTX00001707,116,Dune,Sport,Black,38900,2026-08-27,34,In Stock
VTX00001708,116,Dune,Limited,Blue,38900,2026-06-01,121,In Stock
VTX00001709,116,Dune,Base,Red,38900,2026-09-08,22,In Transit
VTX00001710,116,Dune,Sport,Red,38900,2026-07-12,80,In Stock
VTX00001711,116,Dune,Sport,Red,38900,2026-07-29,63,In Stock
VTX00001712,116,Dune,Limited,White,38900,2026-07-21,71,In Stock
VTX00001713,116,Dune,Base,Red,38900,2026-09-09,21,In Stock
VTX00001714,116,Dune,Sport,Gray,38900,2026-09-09,21,In Stock
VTX00001715,116,Dune,Sport,Blue,38900,2026-09-12,18,In Stock
VTX00001716,116,Dune,Base,Gray,38900,2026-08-31,30,In Stock
VTX00001717,116,Everest,Sport,Silver,52500,2026-05-21,132,Hold
VTX00001718,116,Everest,Sport,Blue,52500,2026-09-01,29,In Stock
VTX00001719,116,Everest,Base,White,52500,2026-08-19,42,In Stock
VTX00001720,116,Everest,Base,Red,52500,2026-08-19,42,In Stock
VTX00001721,116,Everest,Base,Silver,52500,2026-09-02,28,In Transit
VTX00001722,116,Everest,Base,White,52500,2026-08-27,34,In Stock
VTX00001723,116,Flux EV,Limited,Gray,47900,2026-06-12,110,In Stock
VTX00001724,116,Flux EV,Sport,Red,47900,2026-07-16,76,In Transit
VTX00001725,116,Flux EV,Sport,Black,47900,2026-07-28,64,In Stock
VTX00001726,116,Flux EV,Sport,Silver,47900,2026-08-03,58,Hold
VTX00001727,116,Flux EV,Base,White,47900,2026-08-21,40,In Transit
VTX00001728,116,Flux EV,Base,Blue,47900,2026-07-14,78,In Stock
VTX00001729,116,Granite,Base,Silver,43500,2026-05-20,133,In Stock
VTX00001730,116,Granite,Base,Blue,43500,2026-08-16,45,In Stock
VTX00001731,116,Granite,Sport,Gray,43500,2026-08-21,40,In Stock
VTX00001732,116,Granite,Base,Red,43500,2026-06-14,108,In Stock
VTX00001733,116,Granite,Base,White,43500,2026-01-17,256,In Stock
VTX00001734,116,Granite,Sport,Gray,43500,2026-09-05,25,In Transit
VTX00001735,116,Granite,Base,Gray,43500,2026-05-19,134,In Stock
VTX00001736,116,Granite,Base,White,43500,2026-08-09,52,In Stock
VTX00001737,116,Granite,Limited,Silver,43500,2026-07-10,82,In Stock
VTX00001738,116,Granite,Sport,Gray,43500,2026-06-16,106,In Stock
VTX00001739,116,Granite,Limited,Red,43500,2026-07-17,75,In Stock
VTX00001740,116,Granite,Base,White,43500,2026-06-17,105,In Stock
VTX00001741,116,Harbor,Limited,Silver,32900,2026-08-12,49,In Stock
VTX00001742,116,Harbor,Limited,White,32900,2026-08-29,32,In Stock
VTX00001743,116,Harbor,Limited,Blue,32900,2026-09-12,18,In Stock
VTX00001744,116,Harbor,Sport,Gray,32900,2026-08-22,39,In Stock
VTX00001745,116,Harbor,Sport,Blue,32900,2026-08-13,48,In Stock
VTX00001746,116,Harbor,Sport,Blue,32900,2026-08-26,35,In Stock
VTX00001747,116,Harbor,Base,Black,32900,2026-08-31,30,In Stock
VTX00001748,116,Harbor,Limited,White,32900,2026-08-06,55,In Stock
VTX00001749,116,Harbor,Base,White,32900,2026-08-30,31,In Stock
VTX00001750,116,Harbor,Base,Black,32900,2026-04-03,180,In Stock
VTX00001751,116,Harbor,Base,Gray,32900,2026-08-08,53,In Stock
VTX00001752,116,Harbor,Base,White,32900,2026-08-07,54,In Stock
VTX00001753,116,Harbor,Base,Blue,32900,2026-08-02,59,In Stock
VTX00001754,116,Harbor,Base,Gray,32900,2026-09-24,6,In Stock
VTX00001755,117,Aria,Limited,Blue,24500,2026-09-01,29,In Stock
VTX00001756,117,Aria,Base,Gray,24500,2026-08-24,37,In Stock
VTX00001757,117,Aria,Sport,Silver,24500,2026-07-29,63,In Stock
VTX00001758,117,Aria,Base,White,24500,2026-08-23,38,In Stock
VTX00001759,117,Aria,Sport,Red,24500,2026-09-12,18,In Stock
VTX00001760,117,Aria,Sport,Black,24500,2026-09-22,8,In Stock
VTX00001761,117,Aria,Base,Gray,24500,2026-09-05,25,In Stock
VTX00001762,117,Aria,Base,Red,24500,2026-06-28,94,In Stock
VTX00001763,117,Aria,Limited,Blue,24500,2026-08-28,33,In Transit
VTX00001764,117,Brisa,Limited,Gray,29900,2026-07-08,84,In Stock
VTX00001765,117,Brisa,Limited,Silver,29900,2026-05-04,149,In Stock
VTX00001766,117,Brisa,Sport,White,29900,2026-09-09,21,In Stock
VTX00001767,117,Brisa,Limited,Red,29900,2026-05-08,145,In Transit
VTX00001768,117,Brisa,Sport,Gray,29900,2026-09-01,29,In Stock
VTX00001769,117,Brisa,Base,Blue,29900,2026-08-21,40,In Stock
VTX00001770,117,Brisa,Base,Black,29900,2026-09-25,5,In Stock
VTX00001771,117,Cirrus,Base,Red,31500,2026-08-26,35,In Stock
VTX00001772,117,Cirrus,Sport,Red,31500,2026-09-16,14,Hold
VTX00001773,117,Cirrus,Sport,Blue,31500,2026-09-11,19,In Stock
VTX00001774,117,Cirrus,Sport,Blue,31500,2026-07-22,70,In Stock
VTX00001775,117,Cirrus,Sport,Black,31500,2026-07-28,64,In Stock
VTX00001776,117,Cirrus,Base,Red,31500,2026-09-03,27,In Stock
VTX00001777,117,Cirrus,Base,Red,31500,2026-08-19,42,In Stock
VTX00001778,117,Cirrus,Sport,Silver,31500,2026-08-19,42,In Stock
VTX00001779,117,Cirrus,Sport,Black,31500,2026-08-04,57,In Transit
VTX00001780,117,Cirrus,Limited,Red,31500,2026-09-24,6,In Stock
VTX00001781,117,Cirrus,Base,Black,31500,2026-07-31,61,In Transit
VTX00001782,117,Cirrus,Limited,Red,31500,2026-07-18,74,In Stock
VTX00001783,117,Cirrus,Base,Black,31500,2026-08-18,43,In Stock
VTX00001784,117,Cirrus,Base,Blue,31500,2026-08-27,34,In Stock
VTX00001785,117,Cirrus,Base,Gray,31500,2026-09-18,12,In Stock
VTX00001786,117,Cirrus,Base,Gray,31500,2026-08-30,31,In Stock
VTX00001787,117,Dune,Limited,White,38900,2026-09-06,24,In Stock
VTX00001788,117,Dune,Limited,Blue,38900,2026-08-25,36,In Stock
VTX00001789,117,Dune,Limited,White,38900,2026-08-16,45,In Stock
VTX00001790,117,Dune,Sport,Black,38900,2026-07-23,69,In Stock
VTX00001791,117,Dune,Sport,Gray,38900,2026-07-08,84,In Stock
VTX00001792,117,Dune,Sport,Blue,38900,2026-08-07,54,In Stock
VTX00001793,117,Dune,Limited,Gray,38900,2026-09-08,22,In Stock
VTX00001794,117,Dune,Sport,Red,38900,2026-08-21,40,In Stock
VTX00001795,117,Everest,Base,Black,52500,2026-08-27,34,In Stock
VTX00001796,117,Everest,Limited,Blue,52500,2026-08-27,34,In Stock
VTX00001797,117,Everest,Limited,Blue,52500,2026-08-14,47,In Transit
VTX00001798,117,Everest,Base,Red,52500,2026-08-27,34,In Stock
VTX00001799,117,Flux EV,Sport,Black,47900,2026-09-07,23,In Stock
VTX00001800,117,Flux EV,Sport,Black,47900,2026-08-01,60,In Stock
VTX00001801,117,Granite,Base,Black,43500,2026-08-17,44,In Stock
VTX00001802,117,Granite,Base,Red,43500,2026-05-26,127,In Stock
VTX00001803,117,Granite,Sport,Blue,43500,2026-09-17,13,In Transit
VTX00001804,117,Granite,Base,Red,43500,2026-08-23,38,In Stock
VTX00001805,117,Granite,Base,Blue,43500,2026-05-29,124,In Stock
VTX00001806,117,Granite,Base,Red,43500,2026-09-01,29,In Stock
VTX00001807,117,Harbor,Limited,Gray,32900,2026-09-26,4,In Stock
VTX00001808,117,Harbor,Base,Silver,32900,2026-09-19,11,In Stock
VTX00001809,117,Harbor,Base,White,32900,2026-09-11,19,In Transit
VTX00001810,117,Harbor,Sport,Blue,32900,2026-08-01,60,In Stock
VTX00001811,117,Harbor,Base,Blue,32900,2026-08-27,34,In Stock
VTX00001812,117,Harbor,Limited,Red,32900,2026-08-12,49,In Stock
VTX00001813,118,Aria,Sport,Blue,24500,2026-09-15,15,Hold
VTX00001814,118,Aria,Sport,Black,24500,2026-07-12,80,In Stock
VTX00001815,118,Aria,Sport,Black,24500,2026-08-26,35,In Stock
VTX00001816,118,Aria,Sport,Silver,24500,2026-08-04,57,In Stock
VTX00001817,118,Aria,Sport,White,24500,2026-08-04,57,In Stock
VTX00001818,118,Aria,Base,Blue,24500,2026-08-18,43,In Stock
VTX00001819,118,Brisa,Sport,Gray,29900,2026-09-04,26,In Stock
VTX00001820,118,Brisa,Sport,Black,29900,2026-09-12,18,In Stock
VTX00001821,118,Brisa,Base,Gray,29900,2026-07-29,63,In Stock
VTX00001822,118,Brisa,Sport,Blue,29900,2026-09-17,13,In Transit
VTX00001823,118,Brisa,Sport,Black,29900,2026-07-18,74,In Stock
VTX00001824,118,Brisa,Sport,Gray,29900,2026-07-19,73,In Stock
VTX00001825,118,Brisa,Limited,Gray,29900,2026-06-01,121,In Stock
VTX00001826,118,Cirrus,Base,Silver,31500,2026-08-30,31,In Transit
VTX00001827,118,Cirrus,Sport,Blue,31500,2026-08-18,43,In Stock
VTX00001828,118,Cirrus,Base,Red,31500,2026-09-13,17,In Stock
VTX00001829,118,Cirrus,Base,Red,31500,2026-08-15,46,In Stock
VTX00001830,118,Cirrus,Base,Black,31500,2026-08-19,42,In Stock
VTX00001831,118,Cirrus,Sport,Blue,31500,2026-08-12,49,In Stock
VTX00001832,118,Cirrus,Limited,Red,31500,2026-08-12,49,In Stock
VTX00001833,118,Cirrus,Base,Black,31500,2026-09-17,13,In Stock
VTX00001834,118,Cirrus,Base,Gray,31500,2026-08-03,58,In Stock
VTX00001835,118,Cirrus,Sport,Blue,31500,2026-09-03,27,In Stock
VTX00001836,118,Cirrus,Base,Gray,31500,2026-07-12,80,In Stock
VTX00001837,118,Dune,Limited,Silver,38900,2026-09-18,12,In Stock
VTX00001838,118,Dune,Base,Blue,38900,2026-06-15,107,In Stock
VTX00001839,118,Dune,Base,Red,38900,2026-09-09,21,In Stock
VTX00001840,118,Dune,Base,Gray,38900,2026-09-08,22,Hold
VTX00001841,118,Dune,Limited,Black,38900,2026-09-09,21,In Stock
VTX00001842,118,Dune,Limited,Black,38900,2026-08-27,34,In Stock
VTX00001843,118,Dune,Sport,Silver,38900,2026-07-14,78,In Stock
VTX00001844,118,Dune,Sport,Black,38900,2026-05-23,130,In Stock
VTX00001845,118,Dune,Sport,Silver,38900,2026-08-13,48,In Stock
VTX00001846,118,Dune,Base,Blue,38900,2026-08-21,40,In Stock
VTX00001847,118,Dune,Sport,Silver,38900,2026-09-22,8,In Stock
VTX00001848,118,Dune,Base,Red,38900,2026-09-12,18,In Stock
VTX00001849,118,Dune,Sport,Black,38900,2026-09-18,12,In Stock
VTX00001850,118,Dune,Base,Silver,38900,2026-09-05,25,In Stock
VTX00001851,118,Everest,Limited,Blue,52500,2026-08-24,37,In Stock
VTX00001852,118,Everest,Base,Black,52500,2026-02-19,223,In Stock
VTX00001853,118,Everest,Sport,Red,52500,2026-08-28,33,In Stock
VTX00001854,118,Flux EV,Base,Black,47900,2026-08-23,38,In Stock
VTX00001855,118,Flux EV,Base,Silver,47900,2026-09-19,11,In Stock
VTX00001856,118,Flux EV,Limited,Red,47900,2026-09-28,2,In Stock
VTX00001857,118,Granite,Base,Blue,43500,2026-08-05,56,In Stock
VTX00001858,118,Granite,Sport,White,43500,2026-08-18,43,In Stock
VTX00001859,118,Granite,Base,Red,43500,2026-09-05,25,In Stock
VTX00001860,118,Granite,Base,Black,43500,2026-08-25,36,In Stock
VTX00001861,118,Granite,Sport,Blue,43500,2026-09-18,12,Hold
VTX00001862,118,Granite,Base,Blue,43500,2026-09-18,12,In Stock
VTX00001863,118,Harbor,Base,Silver,32900,2026-09-14,16,In Stock
VTX00001864,118,Harbor,Base,White,32900,2026-08-30,31,In Transit
VTX00001865,118,Harbor,Limited,Red,32900,2026-09-14,16,In Stock
VTX00001866,119,Aria,Base,Blue,24500,2026-09-20,10,In Stock
VTX00001867,119,Aria,Sport,White,24500,2026-08-10,51,In Stock
VTX00001868,119,Aria,Base,Gray,24500,2026-09-13,17,In Stock
VTX00001869,119,Aria,Sport,Black,24500,2026-09-18,12,In Transit
VTX00001870,119,Aria,Sport,Silver,24500,2026-09-17,13,In Stock
VTX00001871,119,Aria,Base,Silver,24500,2026-09-21,9,In Stock
VTX00001872,119,Aria,Base,Blue,24500,2026-07-09,83,In Stock
VTX00001873,119,Aria,Sport,Red,24500,2026-07-21,71,In Stock
VTX00001874,119,Aria,Sport,Black,24500,2026-07-21,71,Hold
VTX00001875,119,Aria,Sport,Silver,24500,2026-09-20,10,In Stock
VTX00001876,119,Aria,Base,Red,24500,2026-09-24,6,In Stock
VTX00001877,119,Aria,Sport,Red,24500,2026-09-13,17,In Stock
VTX00001878,119,Aria,Sport,Silver,24500,2026-08-03,58,In Stock
VTX00001879,119,Aria,Limited,Black,24500,2026-09-03,27,In Stock
VTX00001880,119,Brisa,Base,White,29900,2026-08-23,38,In Stock
VTX00001881,119,Brisa,Base,Black,29900,2026-09-04,26,In Stock
VTX00001882,119,Brisa,Sport,Blue,29900,2026-09-12,18,In Stock
VTX00001883,119,Brisa,Limited,Gray,29900,2026-09-24,6,In Stock
VTX00001884,119,Brisa,Base,Gray,29900,2026-09-18,12,In Stock
VTX00001885,119,Brisa,Base,Blue,29900,2026-06-30,92,In Stock
VTX00001886,119,Cirrus,Base,Black,31500,2026-09-07,23,Hold
VTX00001887,119,Cirrus,Base,Gray,31500,2026-07-28,64,In Stock
VTX00001888,119,Cirrus,Limited,Blue,31500,2026-09-11,19,In Stock
VTX00001889,119,Cirrus,Base,Gray,31500,2026-08-17,44,In Stock
VTX00001890,119,Cirrus,Sport,Blue,31500,2026-08-14,47,In Stock
VTX00001891,119,Cirrus,Limited,White,31500,2026-08-20,41,In Stock
VTX00001892,119,Cirrus,Limited,Silver,31500,2026-09-06,24,In Stock
VTX00001893,119,Cirrus,Base,White,31500,2026-09-23,7,In Stock
VTX00001894,119,Cirrus,Base,Blue,31500,2026-09-07,23,In Stock
VTX00001895,119,Cirrus,Sport,Red,31500,2026-08-19,42,In Stock
VTX00001896,119,Cirrus,Base,Red,31500,2026-07-27,65,In Stock
VTX00001897,119,Cirrus,Base,White,31500,2026-09-12,18,In Stock
VTX00001898,119,Cirrus,Sport,White,31500,2026-08-01,60,In Stock
VTX00001899,119,Cirrus,Limited,Blue,31500,2026-08-23,38,In Stock
VTX00001900,119,Cirrus,Base,White,31500,2026-08-06,55,In Stock
VTX00001901,119,Cirrus,Base,Gray,31500,2026-07-21,71,In Stock
VTX00001902,119,Cirrus,Base,Black,31500,2026-07-16,76,In Stock
VTX00001903,119,Cirrus,Sport,Silver,31500,2026-08-31,30,In Stock
VTX00001904,119,Cirrus,Sport,Blue,31500,2026-07-13,79,In Stock
VTX00001905,119,Cirrus,Limited,Red,31500,2026-09-04,26,In Stock
VTX00001906,119,Cirrus,Limited,Blue,31500,2026-09-17,13,In Stock
VTX00001907,119,Cirrus,Limited,White,31500,2026-09-23,7,In Stock
VTX00001908,119,Cirrus,Base,Gray,31500,2026-09-20,10,In Stock
VTX00001909,119,Cirrus,Base,White,31500,2026-08-05,56,In Stock
VTX00001910,119,Dune,Base,Gray,38900,2026-09-14,16,In Stock
VTX00001911,119,Dune,Base,Red,38900,2026-05-29,124,In Stock
VTX00001912,119,Dune,Base,Blue,38900,2026-08-02,59,In Stock
VTX00001913,119,Dune,Sport,Red,38900,2026-08-20,41,In Stock
VTX00001914,119,Dune,Base,Black,38900,2026-05-28,125,In Stock
VTX00001915,119,Dune,Sport,Gray,38900,2026-09-01,29,In Stock
VTX00001916,119,Dune,Base,Gray,38900,2026-07-24,68,In Stock
VTX00001917,119,Dune,Base,Red,38900,2026-09-05,25,In Stock
VTX00001918,119,Dune,Sport,Silver,38900,2026-08-30,31,In Stock
VTX00001919,119,Dune,Base,Red,38900,2026-05-28,125,In Stock
VTX00001920,119,Dune,Sport,Black,38900,2026-09-06,24,In Stock
VTX00001921,119,Dune,Limited,Silver,38900,2026-08-19,42,In Stock
VTX00001922,119,Dune,Limited,Red,38900,2026-09-05,25,Hold
VTX00001923,119,Dune,Base,Black,38900,2026-07-20,72,In Stock
VTX00001924,119,Dune,Base,Black,38900,2026-09-09,21,In Stock
VTX00001925,119,Everest,Base,Black,52500,2026-08-20,41,In Transit
VTX00001926,119,Everest,Sport,Blue,52500,2026-08-29,32,In Stock
VTX00001927,119,Everest,Base,White,52500,2026-09-09,21,In Stock
VTX00001928,119,Everest,Limited,Black,52500,2026-09-05,25,In Stock
VTX00001929,119,Everest,Base,Blue,52500,2026-07-14,78,In Stock
VTX00001930,119,Everest,Base,Red,52500,2026-05-11,142,In Stock
VTX00001931,119,Flux EV,Sport,Blue,47900,2026-07-27,65,In Transit
VTX00001932,119,Flux EV,Sport,White,47900,2026-09-17,13,In Stock
VTX00001933,119,Flux EV,Base,Gray,47900,2026-08-08,53,In Stock
VTX00001934,119,Flux EV,Base,Silver,47900,2026-07-19,73,In Stock
VTX00001935,119,Granite,Sport,Black,43500,2026-09-07,23,In Stock
VTX00001936,119,Granite,Base,Gray,43500,2026-08-14,47,In Stock
VTX00001937,119,Granite,Sport,White,43500,2026-07-06,86,In Stock
VTX00001938,119,Granite,Base,Red,43500,2026-04-08,175,In Stock
VTX00001939,119,Granite,Sport,Blue,43500,2026-09-22,8,Hold
VTX00001940,119,Granite,Limited,Blue,43500,2026-08-05,56,In Stock
VTX00001941,119,Granite,Base,Blue,43500,2026-09-26,4,In Stock
VTX00001942,119,Granite,Base,Black,43500,2026-05-22,131,In Stock
VTX00001943,119,Granite,Sport,Blue,43500,2026-09-01,29,In Stock
VTX00001944,119,Granite,Sport,Black,43500,2026-08-21,40,In Stock
VTX00001945,119,Granite,Limited,Red,43500,2026-08-30,31,In Stock
VTX00001946,119,Granite,Sport,Red,43500,2026-09-13,17,In Stock
VTX00001947,119,Granite,Limited,Silver,43500,2026-08-06,55,In Stock
VTX00001948,119,Granite,Base,Black,43500,2026-03-31,183,In Stock
VTX00001949,119,Granite,Limited,Red,43500,2026-08-03,58,In Stock
VTX00001950,119,Granite,Base,White,43500,2026-08-27,34,In Stock
VTX00001951,119,Harbor,Sport,Gray,32900,2026-09-07,23,In Stock
VTX00001952,119,Harbor,Base,Black,32900,2026-08-20,41,In Stock
VTX00001953,119,Harbor,Sport,Red,32900,2026-08-21,40,In Stock
VTX00001954,119,Harbor,Sport,Red,32900,2026-09-03,27,In Stock
VTX00001955,119,Harbor,Base,Gray,32900,2026-09-05,25,In Stock
VTX00001956,119,Harbor,Base,Black,32900,2026-08-17,44,In Stock
VTX00001957,119,Harbor,Sport,Silver,32900,2026-09-10,20,In Stock
VTX00001958,119,Harbor,Base,Red,32900,2026-09-20,10,In Stock
VTX00001959,120,Aria,Sport,Blue,24500,2026-08-02,59,In Transit
VTX00001960,120,Aria,Base,Red,24500,2026-09-03,27,In Stock
VTX00001961,120,Aria,Sport,Red,24500,2026-08-13,48,In Stock
VTX00001962,120,Aria,Base,Black,24500,2026-09-04,26,In Stock
VTX00001963,120,Aria,Base,Black,24500,2026-07-25,67,In Stock
VTX00001964,120,Aria,Sport,Gray,24500,2026-07-16,76,In Stock
VTX00001965,120,Aria,Limited,Silver,24500,2026-06-19,103,In Transit
VTX00001966,120,Brisa,Sport,White,29900,2026-08-21,40,In Transit
VTX00001967,120,Brisa,Limited,Black,29900,2026-08-16,45,In Stock
VTX00001968,120,Brisa,Sport,Gray,29900,2026-08-13,48,In Stock
VTX00001969,120,Brisa,Base,Silver,29900,2026-06-23,99,In Stock
VTX00001970,120,Brisa,Base,Silver,29900,2026-08-26,35,In Stock
VTX00001971,120,Brisa,Limited,Red,29900,2026-09-06,24,In Transit
VTX00001972,120,Brisa,Base,White,29900,2026-08-05,56,In Transit
VTX00001973,120,Cirrus,Limited,Black,31500,2026-09-01,29,In Stock
VTX00001974,120,Cirrus,Limited,Black,31500,2026-08-31,30,In Stock
VTX00001975,120,Cirrus,Limited,Silver,31500,2026-09-11,19,In Stock
VTX00001976,120,Cirrus,Base,Gray,31500,2026-09-18,12,In Stock
VTX00001977,120,Cirrus,Sport,Red,31500,2026-09-05,25,In Stock
VTX00001978,120,Cirrus,Limited,Gray,31500,2026-08-27,34,In Stock
VTX00001979,120,Cirrus,Limited,Black,31500,2026-09-12,18,In Stock
VTX00001980,120,Cirrus,Limited,Black,31500,2026-08-30,31,Hold
VTX00001981,120,Cirrus,Sport,Red,31500,2026-03-24,190,In Stock
VTX00001982,120,Cirrus,Sport,White,31500,2026-08-02,59,In Stock
VTX00001983,120,Cirrus,Base,Blue,31500,2026-07-12,80,In Stock
VTX00001984,120,Dune,Limited,Silver,38900,2026-08-06,55,In Stock
VTX00001985,120,Dune,Base,Black,38900,2026-09-15,15,In Stock
VTX00001986,120,Dune,Limited,White,38900,2026-08-11,50,In Stock
VTX00001987,120,Dune,Base,Black,38900,2026-09-19,11,In Stock
VTX00001988,120,Dune,Limited,Black,38900,2026-08-29,32,In Stock
VTX00001989,120,Dune,Sport,Black,38900,2026-09-03,27,In Stock
VTX00001990,120,Dune,Base,Red,38900,2026-09-05,25,In Stock
VTX00001991,120,Dune,Base,Black,38900,2026-09-24,6,In Stock
VTX00001992,120,Dune,Limited,Blue,38900,2026-08-30,31,Hold
VTX00001993,120,Everest,Base,Red,52500,2026-07-23,69,In Stock
VTX00001994,120,Everest,Base,Red,52500,2026-09-23,7,In Stock
VTX00001995,120,Everest,Sport,White,52500,2026-08-04,57,In Stock
VTX00001996,120,Everest,Sport,Red,52500,2026-09-03,27,In Stock
VTX00001997,120,Flux EV,Sport,Red,47900,2026-09-25,5,Hold
VTX00001998,120,Flux EV,Base,Silver,47900,2026-09-15,15,In Stock
VTX00001999,120,Flux EV,Sport,White,47900,2026-08-17,44,In Stock
VTX00002000,120,Flux EV,Base,Black,47900,2026-09-04,26,In Stock
VTX00002001,120,Flux EV,Limited,Silver,47900,2026-09-09,21,In Stock
VTX00002002,120,Flux EV,Base,Silver,47900,2026-09-17,13,In Stock
VTX00002003,120,Granite,Limited,Red,43500,2026-09-22,8,In Stock
VTX00002004,120,Granite,Sport,Blue,43500,2026-09-05,25,In Stock
VTX00002005,120,Harbor,Base,Black,32900,2026-09-07,23,In Stock
VTX00002006,120,Harbor,Sport,Silver,32900,2026-05-24,129,In Stock
VTX00002007,120,Harbor,Sport,Black,32900,2026-07-26,66,In Stock
VTX00002008,120,Harbor,Base,Silver,32900,2026-07-26,66,In Stock
VTX00002009,120,Harbor,Limited,Red,32900,2026-09-02,28,In Stock
VTX00002010,121,Aria,Sport,White,24500,2026-06-29,93,In Transit
VTX00002011,121,Aria,Base,Silver,24500,2026-04-24,159,In Stock
VTX00002012,121,Aria,Base,Silver,24500,2026-04-07,176,In Stock
VTX00002013,121,Aria,Sport,Gray,24500,2026-08-18,43,In Stock
VTX00002014,121,Aria,Base,Red,24500,2026-05-27,126,In Stock
VTX00002015,121,Aria,Sport,Blue,24500,2026-08-01,60,In Transit
VTX00002016,121,Aria,Sport,Black,24500,2026-07-07,85,In Stock
VTX00002017,121,Brisa,Base,White,29900,2026-09-14,16,In Stock
VTX00002018,121,Brisa,Sport,Blue,29900,2026-08-30,31,In Stock
VTX00002019,121,Brisa,Limited,Gray,29900,2026-08-29,32,In Stock
VTX00002020,121,Cirrus,Limited,White,31500,2026-09-18,12,In Stock
VTX00002021,121,Cirrus,Sport,Gray,31500,2026-09-14,16,In Stock
VTX00002022,121,Cirrus,Sport,Blue,31500,2026-09-01,29,In Stock
VTX00002023,121,Cirrus,Limited,Red,31500,2026-08-29,32,In Stock
VTX00002024,121,Cirrus,Sport,Red,31500,2026-08-23,38,In Stock
VTX00002025,121,Dune,Sport,White,38900,2026-07-30,62,In Stock
VTX00002026,121,Dune,Base,Blue,38900,2026-09-10,20,In Stock
VTX00002027,121,Dune,Base,White,38900,2026-09-07,23,In Stock
VTX00002028,121,Dune,Base,Silver,38900,2026-09-18,12,In Stock
VTX00002029,121,Everest,Sport,White,52500,2026-09-17,13,In Stock
VTX00002030,121,Everest,Sport,Red,52500,2026-08-14,47,In Stock
VTX00002031,121,Flux EV,Sport,Blue,47900,2026-09-20,10,In Stock
VTX00002032,121,Flux EV,Sport,Gray,47900,2026-08-05,56,In Stock
VTX00002033,121,Granite,Limited,Blue,43500,2026-09-06,24,In Stock
VTX00002034,121,Granite,Limited,Gray,43500,2026-09-04,26,In Stock
VTX00002035,121,Granite,Base,Silver,43500,2026-09-12,18,In Stock
VTX00002036,121,Granite,Limited,Black,43500,2026-09-03,27,In Stock
VTX00002037,121,Harbor,Sport,Red,32900,2026-09-10,20,In Stock
VTX00002038,121,Harbor,Limited,Blue,32900,2026-09-05,25,In Stock
VTX00002039,122,Aria,Sport,Blue,24500,2026-09-04,26,In Stock
VTX00002040,122,Aria,Base,Gray,24500,2026-08-27,34,In Stock
VTX00002041,122,Aria,Base,Gray,24500,2026-07-16,76,In Transit
VTX00002042,122,Aria,Limited,Silver,24500,2026-07-23,69,In Stock
VTX00002043,122,Aria,Base,Blue,24500,2026-09-12,18,In Stock
VTX00002044,122,Aria,Base,White,24500,2026-09-04,26,In Stock
VTX00002045,122,Aria,Base,Red,24500,2026-07-08,84,In Transit
VTX00002046,122,Aria,Base,Red,24500,2026-09-23,7,In Stock
VTX00002047,122,Aria,Sport,Black,24500,2026-07-16,76,In Stock
VTX00002048,122,Aria,Sport,Black,24500,2026-08-15,46,In Stock
VTX00002049,122,Aria,Sport,White,24500,2026-07-16,76,In Stock
VTX00002050,122,Aria,Base,Gray,24500,2026-08-29,32,In Stock
VTX00002051,122,Aria,Base,White,24500,2026-07-13,79,In Stock
VTX00002052,122,Aria,Base,White,24500,2026-07-20,72,In Stock
VTX00002053,122,Aria,Base,Silver,24500,2026-09-14,16,In Stock
VTX00002054,122,Aria,Limited,Red,24500,2026-08-11,50,In Stock
VTX00002055,122,Aria,Base,Black,24500,2026-09-10,20,In Stock
VTX00002056,122,Aria,Limited,Silver,24500,2026-09-12,18,In Stock
VTX00002057,122,Aria,Base,Black,24500,2026-08-13,48,In Stock
VTX00002058,122,Brisa,Limited,White,29900,2026-08-14,47,In Stock
VTX00002059,122,Brisa,Sport,Black,29900,2026-09-20,10,In Stock
VTX00002060,122,Brisa,Base,Silver,29900,2026-07-10,82,In Stock
VTX00002061,122,Brisa,Sport,Silver,29900,2026-09-24,6,In Transit
VTX00002062,122,Brisa,Base,White,29900,2026-07-03,89,In Stock
VTX00002063,122,Brisa,Sport,Gray,29900,2026-09-01,29,In Stock
VTX00002064,122,Brisa,Sport,Black,29900,2026-09-14,16,In Stock
VTX00002065,122,Brisa,Base,White,29900,2026-07-19,73,In Stock
VTX00002066,122,Cirrus,Base,Black,31500,2026-08-12,49,In Stock
VTX00002067,122,Cirrus,Sport,White,31500,2026-08-22,39,In Stock
VTX00002068,122,Cirrus,Sport,Blue,31500,2026-08-01,60,In Stock
VTX00002069,122,Cirrus,Sport,Black,31500,2026-08-10,51,In Stock
VTX00002070,122,Cirrus,Base,Gray,31500,2026-09-10,20,In Stock
VTX00002071,122,Cirrus,Base,Silver,31500,2026-08-27,34,In Stock
VTX00002072,122,Cirrus,Base,White,31500,2026-08-12,49,In Stock
VTX00002073,122,Cirrus,Base,Black,31500,2026-05-03,150,In Stock
VTX00002074,122,Cirrus,Base,Red,31500,2026-08-03,58,In Stock
VTX00002075,122,Cirrus,Limited,Gray,31500,2026-09-16,14,Hold
VTX00002076,122,Cirrus,Sport,White,31500,2026-08-03,58,In Stock
VTX00002077,122,Cirrus,Base,Silver,31500,2026-08-23,38,In Stock
VTX00002078,122,Cirrus,Sport,Black,31500,2026-08-16,45,In Stock
VTX00002079,122,Cirrus,Base,Blue,31500,2026-08-29,32,In Stock
VTX00002080,122,Cirrus,Sport,Silver,31500,2026-08-26,35,In Stock
VTX00002081,122,Cirrus,Sport,Blue,31500,2026-09-01,29,In Stock
VTX00002082,122,Cirrus,Base,Black,31500,2026-09-20,10,In Stock
VTX00002083,122,Cirrus,Base,Blue,31500,2026-07-29,63,In Stock
VTX00002084,122,Cirrus,Base,Gray,31500,2026-09-16,14,In Stock
VTX00002085,122,Dune,Limited,Red,38900,2026-08-02,59,In Stock
VTX00002086,122,Dune,Sport,Blue,38900,2026-08-20,41,In Stock
VTX00002087,122,Dune,Base,Blue,38900,2026-09-18,12,In Stock
VTX00002088,122,Dune,Base,Red,38900,2026-09-05,25,In Stock
VTX00002089,122,Dune,Limited,Red,38900,2026-09-25,5,In Stock
VTX00002090,122,Dune,Sport,Blue,38900,2026-08-29,32,In Stock
VTX00002091,122,Everest,Base,Black,52500,2026-09-15,15,In Stock
VTX00002092,122,Everest,Sport,Black,52500,2026-06-24,98,In Stock
VTX00002093,122,Everest,Sport,Blue,52500,2026-08-13,48,In Stock
VTX00002094,122,Everest,Sport,Blue,52500,2026-08-29,32,In Stock
VTX00002095,122,Flux EV,Base,Silver,47900,2026-06-30,92,In Stock
VTX00002096,122,Granite,Base,Black,43500,2026-08-24,37,In Stock
VTX00002097,122,Granite,Sport,Black,43500,2026-09-15,15,In Stock
VTX00002098,122,Granite,Sport,Blue,43500,2026-08-09,52,In Stock
VTX00002099,122,Granite,Sport,Silver,43500,2026-09-03,27,In Stock
VTX00002100,122,Granite,Base,Gray,43500,2026-07-06,86,In Stock
VTX00002101,122,Granite,Base,Black,43500,2026-08-25,36,In Stock
VTX00002102,122,Granite,Limited,Black,43500,2026-08-17,44,In Transit
VTX00002103,122,Granite,Limited,Blue,43500,2026-08-09,52,In Stock
VTX00002104,122,Granite,Sport,Gray,43500,2026-06-12,110,In Stock
VTX00002105,122,Granite,Limited,Silver,43500,2026-08-18,43,In Stock
VTX00002106,122,Granite,Limited,White,43500,2026-09-25,5,In Stock
VTX00002107,122,Granite,Sport,Black,43500,2026-09-04,26,In Stock
VTX00002108,122,Granite,Sport,Silver,43500,2026-09-08,22,In Stock
VTX00002109,122,Granite,Sport,Gray,43500,2026-09-19,11,In Stock
VTX00002110,122,Granite,Sport,Red,43500,2026-08-28,33,In Stock
VTX00002111,122,Granite,Base,Blue,43500,2026-06-02,120,In Stock
VTX00002112,122,Harbor,Limited,White,32900,2026-09-03,27,In Stock
VTX00002113,122,Harbor,Limited,Blue,32900,2026-09-19,11,In Stock
VTX00002114,122,Harbor,Limited,Silver,32900,2026-09-08,22,In Stock
VTX00002115,122,Harbor,Base,Gray,32900,2026-06-18,104,In Stock
VTX00002116,122,Harbor,Limited,Black,32900,2026-08-18,43,In Stock
VTX00002117,122,Harbor,Sport,Gray,32900,2026-08-23,38,In Stock
VTX00002118,123,Aria,Limited,Red,24500,2026-06-10,112,In Stock
VTX00002119,123,Aria,Sport,Red,24500,2026-07-22,70,In Stock
VTX00002120,123,Aria,Sport,White,24500,2026-07-03,89,In Stock
VTX00002121,123,Aria,Base,Red,24500,2026-09-22,8,In Stock
VTX00002122,123,Aria,Base,Silver,24500,2026-05-28,125,In Stock
VTX00002123,123,Aria,Sport,Blue,24500,2026-09-06,24,In Stock
VTX00002124,123,Aria,Sport,Blue,24500,2026-05-17,136,In Stock
VTX00002125,123,Aria,Base,Red,24500,2026-04-27,156,Hold
VTX00002126,123,Aria,Base,Red,24500,2026-05-03,150,In Stock
VTX00002127,123,Aria,Sport,Red,24500,2026-04-10,173,In Stock
VTX00002128,123,Aria,Sport,Blue,24500,2026-08-15,46,In Transit
VTX00002129,123,Aria,Sport,Gray,24500,2026-09-02,28,In Transit
VTX00002130,123,Aria,Base,Gray,24500,2026-07-09,83,In Transit
VTX00002131,123,Aria,Base,Silver,24500,2026-08-15,46,In Stock
VTX00002132,123,Aria,Sport,Silver,24500,2026-04-16,167,In Stock
VTX00002133,123,Aria,Base,White,24500,2026-07-17,75,In Stock
VTX00002134,123,Aria,Sport,Black,24500,2026-09-09,21,In Stock
VTX00002135,123,Aria,Base,White,24500,2026-08-01,60,In Stock
VTX00002136,123,Aria,Base,Black,24500,2026-08-18,43,In Stock
VTX00002137,123,Brisa,Limited,Silver,29900,2026-08-27,34,In Stock
VTX00002138,123,Brisa,Base,Red,29900,2026-07-16,76,In Stock
VTX00002139,123,Brisa,Base,Gray,29900,2026-09-15,15,In Stock
VTX00002140,123,Brisa,Base,White,29900,2026-08-01,60,In Stock
VTX00002141,123,Brisa,Limited,Gray,29900,2026-05-24,129,In Transit
VTX00002142,123,Brisa,Sport,Blue,29900,2026-07-10,82,In Stock
VTX00002143,123,Brisa,Sport,Black,29900,2026-08-11,50,In Stock
VTX00002144,123,Brisa,Base,Gray,29900,2026-06-06,116,In Stock
VTX00002145,123,Brisa,Base,Blue,29900,2026-05-05,148,In Stock
VTX00002146,123,Brisa,Limited,Black,29900,2026-03-29,185,In Stock
VTX00002147,123,Brisa,Base,Red,29900,2026-04-22,161,In Stock
VTX00002148,123,Brisa,Base,Gray,29900,2026-06-17,105,In Stock
VTX00002149,123,Cirrus,Sport,Black,31500,2026-07-30,62,In Stock
VTX00002150,123,Cirrus,Base,Silver,31500,2026-09-07,23,In Stock
VTX00002151,123,Cirrus,Limited,Black,31500,2026-08-20,41,In Stock
VTX00002152,123,Cirrus,Base,White,31500,2026-07-26,66,In Stock
VTX00002153,123,Cirrus,Base,Red,31500,2026-09-23,7,In Stock
VTX00002154,123,Cirrus,Base,White,31500,2026-09-09,21,In Stock
VTX00002155,123,Cirrus,Base,Silver,31500,2026-04-26,157,In Stock
VTX00002156,123,Cirrus,Base,White,31500,2026-08-05,56,In Transit
VTX00002157,123,Cirrus,Base,Red,31500,2026-05-31,122,In Stock
VTX00002158,123,Cirrus,Base,Gray,31500,2026-06-14,108,In Transit
VTX00002159,123,Cirrus,Base,Black,31500,2026-08-10,51,In Transit
VTX00002160,123,Cirrus,Base,White,31500,2026-08-23,38,In Stock
VTX00002161,123,Cirrus,Limited,Black,31500,2026-07-30,62,In Stock
VTX00002162,123,Cirrus,Base,Black,31500,2026-07-30,62,In Stock
VTX00002163,123,Cirrus,Sport,Silver,31500,2026-06-26,96,In Stock
VTX00002164,123,Cirrus,Sport,Gray,31500,2026-06-14,108,In Stock
VTX00002165,123,Cirrus,Base,Red,31500,2026-09-24,6,In Stock
VTX00002166,123,Cirrus,Base,Blue,31500,2026-06-17,105,In Stock
VTX00002167,123,Cirrus,Sport,Silver,31500,2026-06-12,110,In Stock
VTX00002168,123,Cirrus,Limited,Blue,31500,2026-08-05,56,In Stock
VTX00002169,123,Cirrus,Sport,White,31500,2026-08-29,32,In Stock
VTX00002170,123,Cirrus,Base,Silver,31500,2026-08-27,34,In Stock
VTX00002171,123,Cirrus,Base,White,31500,2026-06-01,121,In Stock
VTX00002172,123,Cirrus,Sport,Red,31500,2026-08-12,49,In Stock
VTX00002173,123,Cirrus,Sport,Silver,31500,2026-09-09,21,In Stock
VTX00002174,123,Cirrus,Base,Silver,31500,2026-09-11,19,Hold
VTX00002175,123,Cirrus,Sport,White,31500,2026-09-13,17,In Stock
VTX00002176,123,Cirrus,Sport,White,31500,2026-06-07,115,In Transit
VTX00002177,123,Cirrus,Base,White,31500,2026-04-25,158,In Stock
VTX00002178,123,Cirrus,Limited,Red,31500,2026-03-03,211,In Stock
VTX00002179,123,Cirrus,Base,Red,31500,2026-08-02,59,In Stock
VTX00002180,123,Cirrus,Base,Gray,31500,2026-06-17,105,In Stock
VTX00002181,123,Cirrus,Limited,Silver,31500,2026-08-02,59,In Stock
VTX00002182,123,Cirrus,Sport,Black,31500,2026-08-11,50,In Stock
VTX00002183,123,Cirrus,Base,Black,31500,2026-09-02,28,In Stock
VTX00002184,123,Cirrus,Sport,Black,31500,2026-07-31,61,In Stock
VTX00002185,123,Dune,Limited,Silver,38900,2026-02-20,222,In Stock
VTX00002186,123,Dune,Base,Gray,38900,2026-06-13,109,In Stock
VTX00002187,123,Dune,Base,Red,38900,2026-08-28,33,In Stock
VTX00002188,123,Dune,Base,Black,38900,2026-04-04,179,In Stock
VTX00002189,123,Dune,Base,Red,38900,2026-07-16,76,In Stock
VTX00002190,123,Dune,Limited,Gray,38900,2026-06-26,96,In Stock
VTX00002191,123,Dune,Limited,Black,38900,2026-06-18,104,In Stock
VTX00002192,123,Dune,Sport,Gray,38900,2026-06-27,95,In Stock
VTX00002193,123,Dune,Limited,Red,38900,2026-08-22,39,In Stock
VTX00002194,123,Dune,Base,Black,38900,2026-08-03,58,In Stock
VTX00002195,123,Dune,Base,Blue,38900,2026-07-15,77,In Stock
VTX00002196,123,Dune,Base,Blue,38900,2026-07-22,70,In Stock
VTX00002197,123,Dune,Sport,Blue,38900,2026-07-16,76,In Stock
VTX00002198,123,Everest,Limited,Blue,52500,2026-09-03,27,In Stock
VTX00002199,123,Everest,Sport,Gray,52500,2026-08-30,31,In Stock
VTX00002200,123,Everest,Sport,Blue,52500,2026-08-27,34,In Stock
VTX00002201,123,Everest,Sport,Silver,52500,2026-04-28,155,In Stock
VTX00002202,123,Everest,Base,Blue,52500,2026-06-08,114,In Stock
VTX00002203,123,Everest,Base,Red,52500,2026-06-06,116,In Stock
VTX00002204,123,Everest,Base,White,52500,2026-04-02,181,In Transit
VTX00002205,123,Everest,Limited,Blue,52500,2026-04-18,165,In Stock
VTX00002206,123,Everest,Sport,Red,52500,2026-09-04,26,In Stock
VTX00002207,123,Everest,Base,Blue,52500,2026-07-16,76,In Stock
VTX00002208,123,Granite,Base,Black,43500,2026-08-25,36,In Stock
VTX00002209,123,Granite,Sport,Silver,43500,2026-08-31,30,In Stock
VTX00002210,123,Granite,Sport,Blue,43500,2026-09-18,12,In Stock
VTX00002211,123,Granite,Sport,White,43500,2026-03-22,192,In Stock
VTX00002212,123,Granite,Base,Blue,43500,2026-08-03,58,Hold
VTX00002213,123,Granite,Limited,Blue,43500,2026-06-24,98,In Stock
VTX00002214,123,Granite,Limited,Silver,43500,2026-07-19,73,In Stock
VTX00002215,123,Granite,Base,Silver,43500,2026-09-13,17,In Stock
VTX00002216,123,Granite,Sport,Red,43500,2026-06-16,106,In Stock
VTX00002217,123,Granite,Base,Blue,43500,2026-07-29,63,In Stock
VTX00002218,123,Granite,Base,Red,43500,2026-07-12,80,In Stock
VTX00002219,123,Granite,Base,Gray,43500,2026-05-26,127,In Stock
VTX00002220,123,Granite,Sport,Red,43500,2026-07-08,84,In Stock
VTX00002221,123,Granite,Limited,White,43500,2026-05-04,149,In Transit
VTX00002222,123,Granite,Sport,Red,43500,2026-05-30,123,In Stock
VTX00002223,123,Granite,Base,Silver,43500,2026-09-22,8,In Stock
VTX00002224,123,Granite,Base,Gray,43500,2026-05-16,137,In Stock
VTX00002225,123,Granite,Sport,Red,43500,2026-04-07,176,In Stock
VTX00002226,123,Granite,Sport,Silver,43500,2026-05-07,146,In Stock
VTX00002227,123,Granite,Sport,Black,43500,2026-08-05,56,In Stock
VTX00002228,123,Granite,Base,Silver,43500,2026-08-26,35,In Stock
VTX00002229,123,Granite,Base,White,43500,2026-09-11,19,In Stock
VTX00002230,123,Granite,Sport,White,43500,2026-04-03,180,In Stock
VTX00002231,123,Granite,Limited,Silver,43500,2026-08-04,57,In Stock
VTX00002232,123,Granite,Sport,White,43500,2026-07-13,79,In Stock
VTX00002233,123,Granite,Limited,White,43500,2026-07-31,61,In Stock
VTX00002234,123,Granite,Sport,Red,43500,2026-08-28,33,In Stock
VTX00002235,123,Granite,Base,Black,43500,2026-06-23,99,In Stock
VTX00002236,123,Granite,Sport,Red,43500,2026-06-27,95,In Stock
VTX00002237,123,Harbor,Base,Red,32900,2026-09-26,4,In Stock
VTX00002238,123,Harbor,Sport,Blue,32900,2026-08-15,46,In Stock
VTX00002239,123,Harbor,Base,Silver,32900,2026-09-08,22,In Stock
VTX00002240,123,Harbor,Sport,Red,32900,2026-08-17,44,In Stock
VTX00002241,123,Harbor,Sport,White,32900,2026-08-18,43,In Stock
VTX00002242,123,Harbor,Limited,Silver,32900,2026-06-28,94,In Stock
VTX00002243,123,Harbor,Limited,Black,32900,2026-08-03,58,In Stock
VTX00002244,124,Aria,Base,Red,24500,2026-09-03,27,In Stock
VTX00002245,124,Aria,Base,Silver,24500,2026-04-25,158,In Stock
VTX00002246,124,Aria,Base,Blue,24500,2026-09-16,14,In Stock
VTX00002247,124,Aria,Base,White,24500,2026-07-02,90,In Stock
VTX00002248,124,Aria,Base,Gray,24500,2026-07-17,75,In Stock
VTX00002249,124,Aria,Base,Red,24500,2026-08-28,33,In Stock
VTX00002250,124,Aria,Base,Blue,24500,2026-09-15,15,In Stock
VTX00002251,124,Aria,Base,Red,24500,2026-08-28,33,In Stock
VTX00002252,124,Aria,Sport,Gray,24500,2026-08-12,49,In Stock
VTX00002253,124,Aria,Limited,Red,24500,2026-09-11,19,In Stock
VTX00002254,124,Aria,Sport,White,24500,2026-09-08,22,In Stock
VTX00002255,124,Brisa,Limited,Black,29900,2026-08-12,49,In Stock
VTX00002256,124,Cirrus,Sport,Black,31500,2026-07-10,82,In Stock
VTX00002257,124,Cirrus,Base,Gray,31500,2026-08-21,40,In Stock
VTX00002258,124,Cirrus,Sport,Gray,31500,2026-09-20,10,In Stock
VTX00002259,124,Cirrus,Sport,Gray,31500,2026-07-09,83,In Stock
VTX00002260,124,Cirrus,Sport,Black,31500,2026-08-17,44,In Stock
VTX00002261,124,Cirrus,Limited,Red,31500,2026-08-27,34,In Stock
VTX00002262,124,Dune,Base,Gray,38900,2026-08-26,35,In Stock
VTX00002263,124,Dune,Sport,Red,38900,2026-08-03,58,In Stock
VTX00002264,124,Everest,Limited,White,52500,2026-06-26,96,In Stock
VTX00002265,124,Everest,Base,Gray,52500,2026-09-05,25,In Stock
VTX00002266,124,Flux EV,Base,Silver,47900,2026-07-06,86,In Stock
VTX00002267,124,Granite,Base,White,43500,2026-06-27,95,In Stock
VTX00002268,124,Granite,Base,Red,43500,2026-08-11,50,In Stock
VTX00002269,124,Granite,Sport,Red,43500,2026-09-21,9,In Stock
VTX00002270,124,Granite,Sport,Red,43500,2026-07-24,68,In Stock
VTX00002271,124,Granite,Limited,Silver,43500,2026-09-12,18,In Stock
VTX00002272,124,Granite,Sport,Black,43500,2026-09-14,16,In Stock
VTX00002273,124,Granite,Limited,Black,43500,2026-08-03,58,In Stock
VTX00002274,124,Granite,Base,Red,43500,2026-08-05,56,In Stock
VTX00002275,124,Granite,Sport,White,43500,2026-09-01,29,In Stock
VTX00002276,124,Harbor,Limited,White,32900,2026-09-08,22,In Stock
VTX00002277,124,Harbor,Limited,Silver,32900,2026-06-18,104,In Stock
VTX00002278,124,Harbor,Sport,Red,32900,2026-08-19,42,In Stock
VTX00002279,124,Harbor,Base,Red,32900,2026-09-13,17,In Stock
VTX00002280,125,Aria,Base,White,24500,2026-06-29,93,In Stock
VTX00002281,125,Aria,Sport,White,24500,2026-09-01,29,In Stock
VTX00002282,125,Aria,Sport,Black,24500,2026-08-04,57,In Stock
VTX00002283,125,Aria,Sport,Gray,24500,2026-07-15,77,In Stock
VTX00002284,125,Aria,Sport,Silver,24500,2026-07-16,76,In Stock
VTX00002285,125,Aria,Sport,Silver,24500,2026-08-15,46,In Stock
VTX00002286,125,Aria,Limited,Black,24500,2026-05-31,122,In Stock
VTX00002287,125,Aria,Base,Blue,24500,2026-07-01,91,In Stock
VTX00002288,125,Aria,Sport,Red,24500,2026-07-10,82,In Stock
VTX00002289,125,Aria,Sport,Silver,24500,2026-08-06,55,In Stock
VTX00002290,125,Aria,Sport,Gray,24500,2026-04-07,176,In Stock
VTX00002291,125,Aria,Sport,Black,24500,2026-04-09,174,In Stock
VTX00002292,125,Aria,Sport,Red,24500,2026-08-31,30,In Stock
VTX00002293,125,Aria,Limited,Black,24500,2026-08-31,30,In Transit
VTX00002294,125,Aria,Limited,Gray,24500,2025-12-03,301,In Stock
VTX00002295,125,Aria,Limited,Gray,24500,2026-05-08,145,Hold
VTX00002296,125,Brisa,Limited,Blue,29900,2026-05-23,130,In Stock
VTX00002297,125,Brisa,Sport,Gray,29900,2025-11-24,310,In Stock
VTX00002298,125,Brisa,Sport,Gray,29900,2026-05-02,151,In Stock
VTX00002299,125,Brisa,Base,Silver,29900,2026-09-07,23,In Stock
VTX00002300,125,Brisa,Limited,Gray,29900,2026-08-19,42,In Stock
VTX00002301,125,Brisa,Base,Red,29900,2026-08-21,40,In Stock
VTX00002302,125,Brisa,Base,Silver,29900,2026-09-18,12,In Stock
VTX00002303,125,Brisa,Sport,Blue,29900,2026-07-30,62,In Stock
VTX00002304,125,Brisa,Sport,Red,29900,2026-02-15,227,In Stock
VTX00002305,125,Brisa,Base,Blue,29900,2026-08-08,53,In Transit
VTX00002306,125,Brisa,Base,White,29900,2026-06-18,104,In Transit
VTX00002307,125,Brisa,Base,Gray,29900,2026-06-12,110,In Stock
VTX00002308,125,Brisa,Sport,White,29900,2026-08-29,32,In Stock
VTX00002309,125,Brisa,Base,Red,29900,2026-07-13,79,In Stock
VTX00002310,125,Brisa,Sport,Red,29900,2026-07-22,70,In Stock
VTX00002311,125,Brisa,Base,Silver,29900,2026-09-12,18,In Stock
VTX00002312,125,Brisa,Sport,Black,29900,2026-06-03,119,In Transit
VTX00002313,125,Brisa,Limited,White,29900,2026-06-15,107,In Stock
VTX00002314,125,Cirrus,Base,Silver,31500,2026-05-13,140,In Stock
VTX00002315,125,Cirrus,Base,Gray,31500,2026-07-20,72,In Transit
VTX00002316,125,Cirrus,Limited,Black,31500,2026-05-06,147,In Stock
VTX00002317,125,Cirrus,Base,White,31500,2026-07-10,82,In Stock
VTX00002318,125,Cirrus,Sport,White,31500,2026-07-07,85,In Stock
VTX00002319,125,Cirrus,Base,Silver,31500,2026-06-19,103,In Stock
VTX00002320,125,Cirrus,Base,Gray,31500,2026-08-16,45,In Stock
VTX00002321,125,Cirrus,Sport,White,31500,2026-08-22,39,In Transit
VTX00002322,125,Cirrus,Limited,White,31500,2026-05-19,134,In Stock
VTX00002323,125,Cirrus,Base,Gray,31500,2026-09-10,20,In Stock
VTX00002324,125,Cirrus,Limited,Silver,31500,2026-09-11,19,In Stock
VTX00002325,125,Cirrus,Limited,Blue,31500,2026-07-21,71,In Stock
VTX00002326,125,Cirrus,Sport,Blue,31500,2026-08-07,54,In Stock
VTX00002327,125,Cirrus,Limited,White,31500,2026-07-15,77,Hold
VTX00002328,125,Cirrus,Limited,Black,31500,2026-09-18,12,In Stock
VTX00002329,125,Cirrus,Sport,Gray,31500,2026-07-25,67,In Transit
VTX00002330,125,Cirrus,Base,Red,31500,2026-08-26,35,In Stock
VTX00002331,125,Cirrus,Limited,Silver,31500,2026-09-15,15,In Stock
VTX00002332,125,Cirrus,Base,Blue,31500,2026-05-13,140,In Stock
VTX00002333,125,Cirrus,Limited,Silver,31500,2026-09-25,5,Hold
VTX00002334,125,Cirrus,Sport,Black,31500,2026-05-19,134,In Stock
VTX00002335,125,Cirrus,Sport,Silver,31500,2026-09-17,13,In Transit
VTX00002336,125,Cirrus,Sport,Gray,31500,2026-08-12,49,In Transit
VTX00002337,125,Cirrus,Sport,White,31500,2026-07-19,73,In Stock
VTX00002338,125,Cirrus,Base,White,31500,2026-05-31,122,In Stock
VTX00002339,125,Cirrus,Sport,Gray,31500,2026-06-24,98,In Stock
VTX00002340,125,Cirrus,Sport,Blue,31500,2026-09-23,7,In Stock
VTX00002341,125,Cirrus,Base,Red,31500,2026-05-27,126,In Stock
VTX00002342,125,Cirrus,Base,Black,31500,2026-05-30,123,In Stock
VTX00002343,125,Cirrus,Base,Gray,31500,2026-08-10,51,In Stock
VTX00002344,125,Cirrus,Sport,Silver,31500,2026-07-10,82,In Stock
VTX00002345,125,Cirrus,Base,Gray,31500,2026-09-04,26,In Stock
VTX00002346,125,Cirrus,Sport,Silver,31500,2026-09-04,26,In Stock
VTX00002347,125,Cirrus,Sport,White,31500,2026-05-07,146,In Stock
VTX00002348,125,Cirrus,Base,Gray,31500,2026-09-24,6,In Stock
VTX00002349,125,Cirrus,Base,Blue,31500,2026-05-02,151,In Stock
VTX00002350,125,Cirrus,Sport,Red,31500,2026-09-13,17,In Stock
VTX00002351,125,Cirrus,Base,Black,31500,2026-09-01,29,In Stock
VTX00002352,125,Dune,Limited,Silver,38900,2026-08-14,47,In Stock
VTX00002353,125,Dune,Base,White,38900,2026-08-11,50,In Transit
VTX00002354,125,Dune,Limited,Silver,38900,2026-08-13,48,In Transit
VTX00002355,125,Dune,Base,Red,38900,2026-06-07,115,In Stock
VTX00002356,125,Dune,Limited,Blue,38900,2026-07-11,81,In Stock
VTX00002357,125,Dune,Limited,Red,38900,2026-05-30,123,In Transit
VTX00002358,125,Dune,Limited,Gray,38900,2026-06-19,103,In Stock
VTX00002359,125,Dune,Sport,Red,38900,2026-08-19,42,In Stock
VTX00002360,125,Dune,Base,White,38900,2026-07-02,90,In Stock
VTX00002361,125,Dune,Base,Silver,38900,2026-07-27,65,In Stock
VTX00002362,125,Dune,Sport,Black,38900,2026-09-13,17,In Transit
VTX00002363,125,Dune,Base,Gray,38900,2026-08-31,30,In Stock
VTX00002364,125,Dune,Sport,Gray,38900,2026-07-26,66,Hold
VTX00002365,125,Dune,Limited,Blue,38900,2026-08-29,32,In Stock
VTX00002366,125,Dune,Limited,Black,38900,2026-06-23,99,In Stock
VTX00002367,125,Dune,Sport,Red,38900,2026-03-01,213,In Stock
VTX00002368,125,Dune,Sport,Blue,38900,2026-06-24,98,In Stock
VTX00002369,125,Dune,Limited,Blue,38900,2026-08-16,45,In Stock
VTX00002370,125,Dune,Base,Red,38900,2026-08-15,46,In Stock
VTX00002371,125,Dune,Limited,White,38900,2026-08-27,34,In Stock
VTX00002372,125,Dune,Base,Black,38900,2026-05-13,140,In Stock
VTX00002373,125,Dune,Limited,Blue,38900,2026-07-21,71,In Stock
VTX00002374,125,Dune,Limited,Red,38900,2025-12-21,283,In Transit
VTX00002375,125,Dune,Base,Black,38900,2026-07-04,88,In Stock
VTX00002376,125,Dune,Base,Red,38900,2026-06-11,111,In Stock
VTX00002377,125,Dune,Base,White,38900,2026-08-28,33,In Stock
VTX00002378,125,Dune,Limited,White,38900,2026-09-12,18,In Stock
VTX00002379,125,Dune,Base,Blue,38900,2026-07-01,91,In Stock
VTX00002380,125,Dune,Sport,White,38900,2026-07-19,73,In Stock
VTX00002381,125,Dune,Base,Gray,38900,2026-04-21,162,In Stock
VTX00002382,125,Dune,Limited,White,38900,2026-04-27,156,In Stock
VTX00002383,125,Dune,Sport,White,38900,2026-09-13,17,In Stock
VTX00002384,125,Dune,Base,Red,38900,2026-08-31,30,In Stock
VTX00002385,125,Dune,Limited,Black,38900,2026-08-22,39,In Stock
VTX00002386,125,Dune,Sport,Blue,38900,2026-06-12,110,In Stock
VTX00002387,125,Dune,Base,Black,38900,2026-09-11,19,In Stock
VTX00002388,125,Dune,Limited,Blue,38900,2026-06-19,103,In Stock
VTX00002389,125,Dune,Limited,Black,38900,2026-08-03,58,In Stock
VTX00002390,125,Everest,Base,Gray,52500,2026-06-04,118,In Stock
VTX00002391,125,Everest,Base,Blue,52500,2026-07-15,77,In Stock
VTX00002392,125,Everest,Sport,Red,52500,2026-03-29,185,In Transit
VTX00002393,125,Everest,Sport,Blue,52500,2026-08-26,35,In Transit
VTX00002394,125,Everest,Sport,Gray,52500,2026-08-17,44,In Stock
VTX00002395,125,Everest,Sport,Gray,52500,2026-08-06,55,In Stock
VTX00002396,125,Everest,Base,Blue,52500,2026-07-16,76,In Transit
VTX00002397,125,Everest,Base,Black,52500,2026-05-05,148,In Stock
VTX00002398,125,Everest,Sport,Blue,52500,2026-08-29,32,In Stock
VTX00002399,125,Everest,Base,Silver,52500,2026-08-04,57,In Stock
VTX00002400,125,Everest,Base,Gray,52500,2026-07-25,67,In Stock
VTX00002401,125,Everest,Sport,White,52500,2025-08-26,400,In Stock
VTX00002402,125,Everest,Limited,Gray,52500,2026-08-13,48,In Stock
VTX00002403,125,Everest,Base,White,52500,2026-09-14,16,In Stock
VTX00002404,125,Everest,Sport,Silver,52500,2026-09-03,27,In Stock
VTX00002405,125,Everest,Sport,White,52500,2026-07-31,61,In Stock
VTX00002406,125,Everest,Sport,Red,52500,2026-09-10,20,In Stock
VTX00002407,125,Everest,Base,Black,52500,2025-11-30,304,In Transit
VTX00002408,125,Flux EV,Base,Blue,47900,2026-09-10,20,In Stock
VTX00002409,125,Flux EV,Sport,Blue,47900,2026-09-09,21,In Stock
VTX00002410,125,Flux EV,Limited,Red,47900,2026-08-21,40,In Stock
VTX00002411,125,Flux EV,Limited,Red,47900,2026-05-30,123,In Stock
VTX00002412,125,Flux EV,Base,Red,47900,2026-08-21,40,In Stock
VTX00002413,125,Flux EV,Sport,Blue,47900,2026-05-25,128,In Stock
VTX00002414,125,Flux EV,Sport,Red,47900,2026-08-28,33,In Stock
VTX00002415,125,Flux EV,Base,Gray,47900,2026-07-17,75,In Stock
VTX00002416,125,Flux EV,Sport,Silver,47900,2026-07-13,79,In Stock
VTX00002417,125,Flux EV,Base,White,47900,2026-09-05,25,In Transit
VTX00002418,125,Flux EV,Base,Silver,47900,2026-06-17,105,In Stock
VTX00002419,125,Flux EV,Base,Red,47900,2026-09-24,6,In Stock
VTX00002420,125,Flux EV,Sport,Gray,47900,2026-08-18,43,In Stock
VTX00002421,125,Flux EV,Base,Blue,47900,2026-07-30,62,In Stock
VTX00002422,125,Granite,Sport,Blue,43500,2026-07-04,88,In Stock
VTX00002423,125,Granite,Base,Red,43500,2026-05-25,128,In Stock
VTX00002424,125,Granite,Base,White,43500,2026-06-04,118,In Transit
VTX00002425,125,Granite,Sport,Gray,43500,2026-04-11,172,Hold
VTX00002426,125,Granite,Sport,White,43500,2026-05-17,136,In Stock
VTX00002427,125,Granite,Sport,Blue,43500,2026-07-16,76,In Stock
VTX00002428,125,Granite,Sport,Red,43500,2026-09-23,7,In Stock
VTX00002429,125,Granite,Base,Red,43500,2026-04-22,161,In Stock
VTX00002430,125,Granite,Limited,Black,43500,2026-07-16,76,In Stock
VTX00002431,125,Granite,Sport,Blue,43500,2026-08-02,59,In Stock
VTX00002432,125,Granite,Base,Gray,43500,2026-08-25,36,In Stock
VTX00002433,125,Granite,Sport,Silver,43500,2026-08-24,37,In Stock
VTX00002434,125,Granite,Sport,Red,43500,2026-08-15,46,In Stock
VTX00002435,125,Granite,Sport,Silver,43500,2026-06-27,95,In Stock
VTX00002436,125,Granite,Base,Red,43500,2026-07-16,76,In Stock
VTX00002437,125,Granite,Sport,White,43500,2026-07-22,70,In Stock
VTX00002438,125,Granite,Base,Black,43500,2026-03-31,183,In Transit
VTX00002439,125,Granite,Base,White,43500,2026-08-19,42,In Stock
VTX00002440,125,Granite,Base,Red,43500,2026-07-09,83,In Stock
VTX00002441,125,Granite,Sport,Black,43500,2026-06-17,105,In Stock
VTX00002442,125,Granite,Sport,Red,43500,2026-08-24,37,In Stock
VTX00002443,125,Granite,Sport,Black,43500,2026-06-04,118,In Stock
VTX00002444,125,Granite,Sport,Red,43500,2026-08-20,41,In Stock
VTX00002445,125,Granite,Limited,White,43500,2026-08-18,43,In Stock
VTX00002446,125,Granite,Sport,Black,43500,2026-02-05,237,In Stock
VTX00002447,125,Granite,Base,Red,43500,2026-08-28,33,In Transit
VTX00002448,125,Granite,Limited,White,43500,2026-09-16,14,In Transit
VTX00002449,125,Granite,Base,Silver,43500,2026-09-17,13,In Stock
VTX00002450,125,Harbor,Limited,Silver,32900,2026-07-29,63,In Stock
VTX00002451,125,Harbor,Sport,Blue,32900,2026-07-03,89,In Stock
VTX00002452,125,Harbor,Sport,Black,32900,2026-09-02,28,In Stock
VTX00002453,125,Harbor,Base,Blue,32900,2026-07-23,69,Hold
VTX00002454,125,Harbor,Base,Gray,32900,2026-07-12,80,In Stock
VTX00002455,125,Harbor,Base,Red,32900,2026-06-27,95,In Stock
VTX00002456,125,Harbor,Base,Silver,32900,2026-08-11,50,In Transit
VTX00002457,125,Harbor,Base,White,32900,2026-05-08,145,In Transit
VTX00002458,125,Harbor,Limited,White,32900,2026-09-07,23,In Stock
VTX00002459,125,Harbor,Base,Black,32900,2026-07-15,77,In Stock
VTX00002460,125,Harbor,Base,White,32900,2026-08-12,49,In Stock
VTX00002461,125,Harbor,Base,Blue,32900,2026-04-24,159,Hold
VTX00002462,126,Aria,Base,Blue,24500,2026-06-09,113,In Stock
VTX00002463,126,Aria,Limited,Red,24500,2026-07-17,75,Hold
VTX00002464,126,Aria,Sport,Silver,24500,2026-07-01,91,In Stock
VTX00002465,126,Aria,Base,Blue,24500,2026-09-07,23,In Stock
VTX00002466,126,Aria,Sport,Black,24500,2026-08-27,34,In Stock
VTX00002467,126,Aria,Limited,Gray,24500,2026-08-11,50,In Stock
VTX00002468,126,Aria,Sport,Gray,24500,2026-07-26,66,In Stock
VTX00002469,126,Aria,Sport,White,24500,2026-09-16,14,In Transit
VTX00002470,126,Aria,Sport,Silver,24500,2026-08-19,42,In Transit
VTX00002471,126,Aria,Base,Silver,24500,2026-09-22,8,In Stock
VTX00002472,126,Aria,Sport,Gray,24500,2026-09-02,28,In Stock
VTX00002473,126,Aria,Base,Blue,24500,2026-08-12,49,In Stock
VTX00002474,126,Aria,Sport,Black,24500,2026-08-06,55,In Stock
VTX00002475,126,Aria,Limited,White,24500,2026-08-16,45,In Stock
VTX00002476,126,Aria,Limited,Black,24500,2026-09-26,4,In Stock
VTX00002477,126,Aria,Base,Red,24500,2026-09-10,20,In Stock
VTX00002478,126,Aria,Limited,Red,24500,2026-09-17,13,In Stock
VTX00002479,126,Aria,Base,Gray,24500,2026-07-31,61,In Stock
VTX00002480,126,Aria,Base,Red,24500,2026-09-16,14,In Stock
VTX00002481,126,Brisa,Sport,Silver,29900,2026-07-28,64,In Stock
VTX00002482,126,Brisa,Limited,Gray,29900,2026-09-13,17,In Stock
VTX00002483,126,Brisa,Limited,Blue,29900,2026-09-03,27,In Stock
VTX00002484,126,Brisa,Sport,Silver,29900,2026-07-19,73,In Stock
VTX00002485,126,Brisa,Sport,White,29900,2026-08-13,48,In Stock
VTX00002486,126,Brisa,Limited,White,29900,2026-08-28,33,In Stock
VTX00002487,126,Brisa,Base,Red,29900,2026-08-06,55,In Stock
VTX00002488,126,Brisa,Base,Silver,29900,2026-08-26,35,In Transit
VTX00002489,126,Brisa,Base,Red,29900,2026-08-12,49,In Stock
VTX00002490,126,Brisa,Sport,White,29900,2026-08-18,43,In Stock
VTX00002491,126,Brisa,Base,Gray,29900,2026-09-05,25,In Stock
VTX00002492,126,Cirrus,Base,Red,31500,2026-07-25,67,In Stock
VTX00002493,126,Cirrus,Sport,White,31500,2026-09-19,11,In Transit
VTX00002494,126,Cirrus,Sport,Blue,31500,2026-08-09,52,In Stock
VTX00002495,126,Cirrus,Base,Black,31500,2026-08-23,38,In Stock
VTX00002496,126,Cirrus,Limited,Gray,31500,2026-08-04,57,Hold
VTX00002497,126,Cirrus,Sport,Blue,31500,2026-08-01,60,In Stock
VTX00002498,126,Cirrus,Limited,White,31500,2026-07-14,78,In Stock
VTX00002499,126,Cirrus,Base,Blue,31500,2026-09-24,6,In Stock
VTX00002500,126,Cirrus,Sport,Gray,31500,2026-09-26,4,In Stock
VTX00002501,126,Cirrus,Base,Silver,31500,2026-08-21,40,In Stock
VTX00002502,126,Cirrus,Limited,Red,31500,2026-08-18,43,In Stock
VTX00002503,126,Cirrus,Sport,Silver,31500,2026-09-21,9,Hold
VTX00002504,126,Cirrus,Sport,Red,31500,2026-07-07,85,In Stock
VTX00002505,126,Cirrus,Limited,White,31500,2026-09-22,8,In Stock
VTX00002506,126,Cirrus,Base,Red,31500,2026-08-16,45,In Stock
VTX00002507,126,Cirrus,Base,Gray,31500,2026-07-04,88,In Transit
VTX00002508,126,Cirrus,Base,Silver,31500,2026-06-28,94,In Stock
VTX00002509,126,Cirrus,Limited,White,31500,2026-09-15,15,In Stock
VTX00002510,126,Cirrus,Sport,Silver,31500,2026-07-27,65,In Stock
VTX00002511,126,Cirrus,Limited,Blue,31500,2026-07-18,74,Hold
VTX00002512,126,Cirrus,Sport,Black,31500,2026-08-14,47,Hold
VTX00002513,126,Dune,Base,Blue,38900,2026-09-01,29,In Transit
VTX00002514,126,Dune,Sport,Blue,38900,2026-07-14,78,In Stock
VTX00002515,126,Dune,Sport,Black,38900,2026-09-14,16,In Stock
VTX00002516,126,Dune,Sport,Silver,38900,2026-09-07,23,In Stock
VTX00002517,126,Dune,Base,Silver,38900,2026-06-20,102,Hold
VTX00002518,126,Dune,Limited,Blue,38900,2026-07-28,64,In Transit
VTX00002519,126,Dune,Base,Red,38900,2026-03-29,185,In Stock
VTX00002520,126,Dune,Limited,Silver,38900,2026-09-09,21,In Stock
VTX00002521,126,Dune,Limited,Blue,38900,2026-09-10,20,In Stock
VTX00002522,126,Dune,Base,Silver,38900,2026-09-12,18,In Stock
VTX00002523,126,Dune,Sport,White,38900,2026-09-15,15,In Stock
VTX00002524,126,Dune,Sport,Silver,38900,2026-06-17,105,In Stock
VTX00002525,126,Dune,Sport,White,38900,2026-08-20,41,In Stock
VTX00002526,126,Dune,Base,Gray,38900,2026-08-09,52,In Stock
VTX00002527,126,Dune,Sport,Black,38900,2026-07-30,62,In Stock
VTX00002528,126,Dune,Base,Black,38900,2026-09-18,12,In Transit
VTX00002529,126,Everest,Base,Black,52500,2026-09-22,8,In Stock
VTX00002530,126,Everest,Base,Gray,52500,2026-09-06,24,In Transit
VTX00002531,126,Everest,Sport,Black,52500,2026-07-21,71,In Stock
VTX00002532,126,Everest,Base,Blue,52500,2026-09-13,17,Hold
VTX00002533,126,Everest,Base,Black,52500,2026-09-24,6,In Stock
VTX00002534,126,Everest,Base,Red,52500,2026-06-29,93,In Stock
VTX00002535,126,Everest,Base,White,52500,2026-09-05,25,In Stock
VTX00002536,126,Everest,Sport,White,52500,2026-08-12,49,In Transit
VTX00002537,126,Everest,Sport,Red,52500,2026-08-11,50,In Stock
VTX00002538,126,Everest,Base,Black,52500,2026-09-07,23,In Stock
VTX00002539,126,Everest,Base,White,52500,2026-07-29,63,In Stock
VTX00002540,126,Everest,Limited,Red,52500,2026-06-12,110,In Stock
VTX00002541,126,Flux EV,Sport,Blue,47900,2026-08-27,34,In Stock
VTX00002542,126,Flux EV,Base,Black,47900,2026-09-29,1,In Transit
VTX00002543,126,Flux EV,Limited,Silver,47900,2026-08-17,44,In Stock
VTX00002544,126,Flux EV,Limited,Silver,47900,2026-09-18,12,In Stock
VTX00002545,126,Granite,Sport,Red,43500,2026-08-11,50,In Stock
VTX00002546,126,Granite,Base,Red,43500,2026-09-02,28,In Stock
VTX00002547,126,Granite,Base,Blue,43500,2026-05-04,149,In Stock
VTX00002548,126,Granite,Sport,Gray,43500,2026-09-10,20,In Stock
VTX00002549,126,Granite,Sport,Black,43500,2026-08-31,30,In Transit
VTX00002550,126,Granite,Base,Blue,43500,2026-09-16,14,In Stock
VTX00002551,126,Granite,Sport,Black,43500,2026-08-13,48,In Stock
VTX00002552,126,Granite,Sport,Blue,43500,2026-09-14,16,In Stock
VTX00002553,126,Granite,Limited,Gray,43500,2026-07-11,81,In Stock
VTX00002554,126,Granite,Base,Black,43500,2026-05-22,131,In Stock
VTX00002555,126,Granite,Limited,Gray,43500,2026-09-10,20,In Stock
VTX00002556,126,Harbor,Base,White,32900,2026-09-17,13,In Stock
VTX00002557,126,Harbor,Base,Black,32900,2026-08-19,42,Hold
VTX00002558,126,Harbor,Sport,Gray,32900,2026-07-21,71,In Stock
VTX00002559,126,Harbor,Base,Silver,32900,2026-08-30,31,In Stock
VTX00002560,126,Harbor,Limited,Black,32900,2026-09-08,22,In Transit
VTX00002561,126,Harbor,Sport,Red,32900,2026-08-22,39,In Stock
VTX00002562,126,Harbor,Limited,Gray,32900,2026-09-19,11,In Stock
VTX00002563,126,Harbor,Base,Blue,32900,2026-07-20,72,In Stock
VTX00002564,126,Harbor,Limited,Gray,32900,2026-05-25,128,In Stock
VTX00002565,126,Harbor,Base,Silver,32900,2026-04-30,153,In Stock
VTX00002566,126,Harbor,Base,Red,32900,2026-06-29,93,In Stock
VTX00002567,127,Aria,Limited,Gray,24500,2026-08-25,36,In Stock
VTX00002568,127,Aria,Base,Silver,24500,2026-09-12,18,In Stock
VTX00002569,127,Aria,Sport,Silver,24500,2026-09-06,24,In Stock
VTX00002570,127,Aria,Base,Blue,24500,2026-06-07,115,In Stock
VTX00002571,127,Aria,Sport,Blue,24500,2026-09-08,22,In Stock
VTX00002572,127,Aria,Limited,Blue,24500,2026-07-25,67,In Stock
VTX00002573,127,Aria,Base,Silver,24500,2026-08-24,37,In Stock
VTX00002574,127,Aria,Base,Black,24500,2026-09-07,23,In Stock
VTX00002575,127,Brisa,Base,Gray,29900,2026-09-29,1,In Stock
VTX00002576,127,Brisa,Base,White,29900,2026-07-23,69,In Stock
VTX00002577,127,Brisa,Sport,White,29900,2026-08-13,48,In Stock
VTX00002578,127,Brisa,Sport,Black,29900,2026-09-05,25,In Stock
VTX00002579,127,Brisa,Base,Red,29900,2026-08-26,35,In Stock
VTX00002580,127,Brisa,Limited,Red,29900,2026-08-27,34,In Stock
VTX00002581,127,Brisa,Limited,Red,29900,2026-09-06,24,In Stock
VTX00002582,127,Cirrus,Base,Gray,31500,2026-08-09,52,In Stock
VTX00002583,127,Cirrus,Sport,Gray,31500,2026-08-08,53,In Transit
VTX00002584,127,Cirrus,Limited,Blue,31500,2026-08-09,52,In Stock
VTX00002585,127,Cirrus,Sport,Red,31500,2026-08-20,41,In Stock
VTX00002586,127,Cirrus,Base,Silver,31500,2026-08-26,35,Hold
VTX00002587,127,Cirrus,Sport,Red,31500,2026-07-25,67,In Stock
VTX00002588,127,Cirrus,Base,Gray,31500,2026-07-05,87,In Stock
VTX00002589,127,Cirrus,Base,Silver,31500,2026-09-23,7,In Transit
VTX00002590,127,Cirrus,Sport,Gray,31500,2026-08-15,46,In Stock
VTX00002591,127,Cirrus,Limited,Red,31500,2026-09-18,12,In Stock
VTX00002592,127,Cirrus,Base,Blue,31500,2026-07-25,67,In Stock
VTX00002593,127,Dune,Limited,Silver,38900,2026-09-19,11,In Stock
VTX00002594,127,Dune,Base,Black,38900,2026-09-25,5,Hold
VTX00002595,127,Dune,Limited,Blue,38900,2026-08-24,37,In Stock
VTX00002596,127,Dune,Base,Gray,38900,2026-08-09,52,In Stock
VTX00002597,127,Dune,Base,Gray,38900,2026-07-13,79,In Stock
VTX00002598,127,Dune,Base,Blue,38900,2026-09-11,19,In Stock
VTX00002599,127,Dune,Base,Blue,38900,2026-09-05,25,In Stock
VTX00002600,127,Dune,Base,White,38900,2026-08-28,33,Hold
VTX00002601,127,Everest,Base,Silver,52500,2026-09-27,3,In Stock
VTX00002602,127,Everest,Limited,Black,52500,2026-08-16,45,In Stock
VTX00002603,127,Everest,Limited,Black,52500,2026-09-23,7,In Stock
VTX00002604,127,Flux EV,Base,Black,47900,2026-08-29,32,In Transit
VTX00002605,127,Flux EV,Sport,Red,47900,2026-09-04,26,In Transit
VTX00002606,127,Flux EV,Limited,White,47900,2026-09-23,7,In Stock
VTX00002607,127,Flux EV,Sport,White,47900,2026-09-07,23,In Stock
VTX00002608,127,Granite,Sport,White,43500,2026-08-15,46,In Stock
VTX00002609,127,Granite,Limited,Red,43500,2026-09-10,20,In Stock
VTX00002610,127,Granite,Limited,Blue,43500,2026-09-12,18,In Stock
VTX00002611,127,Granite,Limited,Black,43500,2026-09-24,6,In Stock
VTX00002612,127,Granite,Base,Red,43500,2026-08-15,46,In Stock
VTX00002613,127,Granite,Base,Black,43500,2026-09-01,29,In Stock
VTX00002614,127,Granite,Limited,Black,43500,2026-08-11,50,In Stock
VTX00002615,127,Granite,Base,Red,43500,2026-07-18,74,In Stock
VTX00002616,127,Granite,Base,Silver,43500,2026-08-16,45,In Stock
VTX00002617,127,Harbor,Base,White,32900,2026-08-09,52,In Stock
VTX00002618,127,Harbor,Sport,Silver,32900,2026-09-24,6,In Transit
VTX00002619,127,Harbor,Sport,Black,32900,2026-08-21,40,In Stock
VTX00002620,128,Aria,Base,Black,24500,2026-09-20,10,In Stock
VTX00002621,128,Aria,Sport,White,24500,2026-08-13,48,In Transit
VTX00002622,128,Aria,Limited,Black,24500,2026-08-14,47,In Stock
VTX00002623,128,Aria,Sport,Gray,24500,2026-09-20,10,In Transit
VTX00002624,128,Aria,Sport,Black,24500,2026-09-17,13,In Stock
VTX00002625,128,Aria,Base,Black,24500,2026-08-11,50,In Stock
VTX00002626,128,Aria,Base,Red,24500,2026-08-04,57,In Stock
VTX00002627,128,Brisa,Sport,Black,29900,2026-08-30,31,In Stock
VTX00002628,128,Cirrus,Sport,Gray,31500,2026-07-18,74,In Transit
VTX00002629,128,Cirrus,Base,Blue,31500,2026-09-12,18,In Stock
VTX00002630,128,Cirrus,Sport,Silver,31500,2026-07-10,82,In Stock
VTX00002631,128,Cirrus,Sport,Gray,31500,2026-09-07,23,In Stock
VTX00002632,128,Cirrus,Base,Blue,31500,2026-07-12,80,In Stock
VTX00002633,128,Cirrus,Sport,Silver,31500,2026-07-26,66,In Stock
VTX00002634,128,Cirrus,Base,Gray,31500,2026-08-28,33,In Stock
VTX00002635,128,Cirrus,Base,Blue,31500,2026-09-04,26,In Stock
VTX00002636,128,Cirrus,Limited,Gray,31500,2026-08-05,56,Hold
VTX00002637,128,Cirrus,Sport,Black,31500,2026-09-10,20,In Stock
VTX00002638,128,Dune,Sport,Silver,38900,2026-08-21,40,In Stock
VTX00002639,128,Dune,Limited,Blue,38900,2026-07-28,64,In Stock
VTX00002640,128,Everest,Sport,White,52500,2026-08-28,33,In Stock
VTX00002641,128,Flux EV,Limited,Silver,47900,2026-09-12,18,In Stock
VTX00002642,128,Flux EV,Limited,Black,47900,2026-09-19,11,In Stock
VTX00002643,128,Flux EV,Limited,White,47900,2026-08-23,38,In Stock
VTX00002644,128,Flux EV,Limited,Black,47900,2026-05-27,126,In Stock
VTX00002645,128,Granite,Base,Silver,43500,2026-08-24,37,In Transit
VTX00002646,128,Granite,Sport,Silver,43500,2026-09-03,27,In Stock
VTX00002647,128,Granite,Limited,Gray,43500,2026-09-18,12,In Stock
VTX00002648,128,Granite,Base,Red,43500,2026-08-22,39,In Stock
VTX00002649,128,Granite,Base,Black,43500,2026-08-31,30,In Stock
VTX00002650,128,Granite,Base,Silver,43500,2026-07-11,81,In Stock
VTX00002651,128,Granite,Sport,Red,43500,2026-08-16,45,In Stock
VTX00002652,128,Harbor,Base,Red,32900,2026-09-14,16,In Stock
VTX00002653,128,Harbor,Base,Silver,32900,2026-08-27,34,In Stock
VTX00002654,129,Aria,Base,Blue,24500,2026-08-10,51,In Stock
VTX00002655,129,Aria,Base,Blue,24500,2026-09-04,26,In Stock
VTX00002656,129,Aria,Base,Silver,24500,2026-08-26,35,In Stock
VTX00002657,129,Aria,Limited,White,24500,2026-08-31,30,In Stock
VTX00002658,129,Aria,Base,Gray,24500,2026-08-17,44,In Stock
VTX00002659,129,Aria,Sport,Silver,24500,2026-07-07,85,In Transit
VTX00002660,129,Aria,Base,Red,24500,2026-09-01,29,In Transit
VTX00002661,129,Aria,Sport,Silver,24500,2026-07-26,66,In Stock
VTX00002662,129,Brisa,Sport,Gray,29900,2026-08-17,44,In Stock
VTX00002663,129,Brisa,Sport,Red,29900,2026-07-29,63,In Stock
VTX00002664,129,Brisa,Base,Blue,29900,2026-09-25,5,In Stock
VTX00002665,129,Brisa,Sport,White,29900,2026-08-27,34,In Stock
VTX00002666,129,Brisa,Sport,Black,29900,2026-07-28,64,In Stock
VTX00002667,129,Brisa,Sport,Red,29900,2026-08-05,56,In Stock
VTX00002668,129,Brisa,Base,Silver,29900,2026-09-14,16,In Stock
VTX00002669,129,Brisa,Base,Blue,29900,2026-09-19,11,In Stock
VTX00002670,129,Brisa,Base,White,29900,2026-08-01,60,In Stock
VTX00002671,129,Cirrus,Base,Red,31500,2026-09-15,15,In Stock
VTX00002672,129,Cirrus,Sport,Blue,31500,2026-09-01,29,In Stock
VTX00002673,129,Cirrus,Sport,Blue,31500,2026-08-21,40,In Stock
VTX00002674,129,Cirrus,Base,White,31500,2026-08-03,58,In Stock
VTX00002675,129,Cirrus,Sport,Black,31500,2026-08-06,55,In Stock
VTX00002676,129,Dune,Sport,Red,38900,2026-09-01,29,In Stock
VTX00002677,129,Dune,Sport,Silver,38900,2026-09-15,15,In Stock
VTX00002678,129,Dune,Limited,Blue,38900,2026-08-24,37,In Stock
VTX00002679,129,Dune,Limited,Black,38900,2026-09-10,20,In Stock
VTX00002680,129,Everest,Sport,Black,52500,2026-08-24,37,In Stock
VTX00002681,129,Everest,Sport,Red,52500,2026-09-22,8,In Stock
VTX00002682,129,Everest,Base,White,52500,2026-09-11,19,In Stock
VTX00002683,129,Everest,Base,Gray,52500,2026-09-08,22,In Stock
VTX00002684,129,Everest,Sport,Red,52500,2026-09-25,5,In Transit
VTX00002685,129,Everest,Base,White,52500,2026-09-10,20,In Stock
VTX00002686,129,Flux EV,Sport,Gray,47900,2026-09-14,16,In Stock
VTX00002687,129,Flux EV,Base,Black,47900,2026-08-07,54,In Stock
VTX00002688,129,Flux EV,Sport,Blue,47900,2026-08-04,57,In Stock
VTX00002689,129,Flux EV,Base,White,47900,2026-09-17,13,In Stock
VTX00002690,129,Flux EV,Base,Black,47900,2026-07-13,79,In Stock
VTX00002691,129,Granite,Base,Red,43500,2026-08-07,54,In Transit
VTX00002692,129,Granite,Limited,Silver,43500,2026-08-17,44,In Stock
VTX00002693,129,Granite,Base,Silver,43500,2026-09-09,21,In Stock
VTX00002694,129,Granite,Base,Black,43500,2026-07-28,64,In Stock
VTX00002695,129,Granite,Sport,Gray,43500,2026-09-16,14,In Stock
VTX00002696,129,Granite,Sport,White,43500,2026-09-17,13,In Stock
VTX00002697,129,Granite,Sport,Blue,43500,2026-09-20,10,In Stock
VTX00002698,129,Granite,Sport,White,43500,2026-08-10,51,In Transit
VTX00002699,129,Granite,Base,Blue,43500,2026-05-14,139,Hold
VTX00002700,129,Granite,Base,Silver,43500,2026-08-07,54,In Stock
VTX00002701,129,Granite,Sport,Silver,43500,2026-09-02,28,Hold
VTX00002702,129,Granite,Base,Gray,43500,2026-09-13,17,In Stock
VTX00002703,129,Harbor,Limited,Red,32900,2026-09-19,11,In Stock
VTX00002704,129,Harbor,Base,Red,32900,2026-08-19,42,In Stock
VTX00002705,130,Aria,Sport,Red,24500,2026-09-12,18,In Stock
VTX00002706,130,Aria,Base,Gray,24500,2026-08-24,37,In Transit
VTX00002707,130,Aria,Sport,Black,24500,2026-08-02,59,Hold
VTX00002708,130,Aria,Base,Silver,24500,2026-09-16,14,In Transit
VTX00002709,130,Aria,Sport,Black,24500,2026-08-15,46,Hold
VTX00002710,130,Aria,Base,Blue,24500,2026-05-16,137,In Stock
VTX00002711,130,Aria,Base,Blue,24500,2026-08-28,33,In Stock
VTX00002712,130,Aria,Sport,Gray,24500,2026-08-14,47,In Stock
VTX00002713,130,Aria,Limited,Silver,24500,2026-09-18,12,In Stock
VTX00002714,130,Aria,Limited,Blue,24500,2026-09-02,28,In Stock
VTX00002715,130,Cirrus,Base,Red,31500,2026-07-27,65,In Stock
VTX00002716,130,Cirrus,Base,Black,31500,2026-09-26,4,In Stock
VTX00002717,130,Cirrus,Base,White,31500,2026-09-08,22,Hold
VTX00002718,130,Cirrus,Sport,Black,31500,2026-08-28,33,Hold
VTX00002719,130,Cirrus,Base,Gray,31500,2026-07-06,86,In Stock
VTX00002720,130,Cirrus,Base,Blue,31500,2026-07-28,64,In Stock
VTX00002721,130,Cirrus,Limited,Red,31500,2026-07-03,89,In Stock
VTX00002722,130,Cirrus,Limited,Black,31500,2026-08-03,58,In Transit
VTX00002723,130,Cirrus,Base,Silver,31500,2026-09-11,19,In Stock
VTX00002724,130,Dune,Base,Silver,38900,2026-07-24,68,In Stock
VTX00002725,130,Dune,Limited,Red,38900,2026-09-22,8,In Stock
VTX00002726,130,Dune,Base,Red,38900,2026-08-12,49,In Stock
VTX00002727,130,Dune,Base,White,38900,2026-08-05,56,In Stock
VTX00002728,130,Everest,Base,Black,52500,2026-09-27,3,Hold
VTX00002729,130,Flux EV,Limited,Gray,47900,2026-07-29,63,In Stock
VTX00002730,130,Flux EV,Sport,Blue,47900,2026-08-20,41,In Stock
VTX00002731,130,Flux EV,Sport,Red,47900,2026-09-11,19,In Stock
VTX00002732,130,Granite,Sport,Silver,43500,2026-09-11,19,In Stock
VTX00002733,130,Granite,Sport,Gray,43500,2026-09-06,24,In Stock
VTX00002734,130,Harbor,Base,Black,32900,2026-09-20,10,In Stock
VTX00002735,130,Harbor,Limited,Gray,32900,2026-08-14,47,In Stock
VTX00002736,131,Aria,Sport,Silver,24500,2026-08-22,39,In Stock
VTX00002737,131,Aria,Limited,White,24500,2026-09-06,24,In Stock
VTX00002738,131,Aria,Sport,Gray,24500,2026-08-01,60,In Stock
VTX00002739,131,Aria,Base,Gray,24500,2026-09-28,2,In Stock
VTX00002740,131,Aria,Base,Red,24500,2026-09-07,23,In Stock
VTX00002741,131,Aria,Limited,Red,24500,2026-07-31,61,In Stock
VTX00002742,131,Aria,Base,Blue,24500,2026-09-05,25,In Stock
VTX00002743,131,Aria,Limited,Silver,24500,2026-09-21,9,In Stock
VTX00002744,131,Aria,Limited,Gray,24500,2026-08-27,34,In Stock
VTX00002745,131,Brisa,Base,Red,29900,2026-08-17,44,In Stock
VTX00002746,131,Brisa,Limited,Gray,29900,2026-08-07,54,In Stock
VTX00002747,131,Brisa,Sport,White,29900,2026-09-03,27,In Stock
VTX00002748,131,Brisa,Base,Silver,29900,2026-06-15,107,In Stock
VTX00002749,131,Brisa,Sport,Silver,29900,2026-06-27,95,In Stock
VTX00002750,131,Brisa,Limited,Black,29900,2026-06-30,92,In Transit
VTX00002751,131,Brisa,Base,White,29900,2026-09-19,11,In Stock
VTX00002752,131,Brisa,Sport,White,29900,2026-07-08,84,In Stock
VTX00002753,131,Brisa,Limited,Red,29900,2026-09-08,22,In Stock
VTX00002754,131,Brisa,Sport,White,29900,2026-08-12,49,In Transit
VTX00002755,131,Brisa,Base,White,29900,2026-08-30,31,In Stock
VTX00002756,131,Brisa,Sport,Red,29900,2026-07-30,62,In Stock
VTX00002757,131,Brisa,Base,Silver,29900,2026-07-25,67,In Stock
VTX00002758,131,Brisa,Limited,Red,29900,2026-08-19,42,In Stock
VTX00002759,131,Brisa,Base,White,29900,2026-08-22,39,In Stock
VTX00002760,131,Brisa,Base,Black,29900,2026-06-02,120,In Stock
VTX00002761,131,Brisa,Base,Blue,29900,2026-09-15,15,In Stock
VTX00002762,131,Brisa,Base,Gray,29900,2026-08-17,44,In Stock
VTX00002763,131,Brisa,Base,White,29900,2026-09-07,23,In Stock
VTX00002764,131,Brisa,Limited,White,29900,2026-08-24,37,In Stock
VTX00002765,131,Brisa,Limited,Red,29900,2026-08-15,46,Hold
VTX00002766,131,Brisa,Base,Blue,29900,2026-09-15,15,In Stock
VTX00002767,131,Brisa,Base,White,29900,2026-09-18,12,In Transit
VTX00002768,131,Brisa,Base,Blue,29900,2026-09-16,14,In Stock
VTX00002769,131,Brisa,Sport,Red,29900,2026-09-16,14,In Stock
VTX00002770,131,Cirrus,Sport,Silver,31500,2026-08-28,33,In Stock
VTX00002771,131,Cirrus,Sport,Gray,31500,2026-08-02,59,In Stock
VTX00002772,131,Cirrus,Sport,Red,31500,2026-09-08,22,In Stock
VTX00002773,131,Cirrus,Limited,Blue,31500,2026-09-28,2,In Stock
VTX00002774,131,Cirrus,Limited,Gray,31500,2026-09-05,25,In Stock
VTX00002775,131,Cirrus,Base,White,31500,2026-06-24,98,In Transit
VTX00002776,131,Cirrus,Base,Silver,31500,2026-08-26,35,In Stock
VTX00002777,131,Cirrus,Base,Red,31500,2026-09-25,5,In Stock
VTX00002778,131,Cirrus,Sport,Blue,31500,2026-08-30,31,In Stock
VTX00002779,131,Cirrus,Sport,Blue,31500,2026-07-27,65,In Stock
VTX00002780,131,Cirrus,Limited,White,31500,2026-07-27,65,In Stock
VTX00002781,131,Cirrus,Sport,Black,31500,2026-06-28,94,In Stock
VTX00002782,131,Cirrus,Base,Black,31500,2026-08-16,45,In Stock
VTX00002783,131,Cirrus,Base,Black,31500,2026-07-31,61,In Stock
VTX00002784,131,Cirrus,Base,Gray,31500,2026-08-19,42,In Transit
VTX00002785,131,Cirrus,Sport,Blue,31500,2026-08-24,37,In Stock
VTX00002786,131,Cirrus,Base,Red,31500,2026-09-13,17,In Stock
VTX00002787,131,Cirrus,Sport,White,31500,2026-09-09,21,In Stock
VTX00002788,131,Cirrus,Sport,Black,31500,2026-08-12,49,In Stock
VTX00002789,131,Cirrus,Base,Blue,31500,2026-08-26,35,In Stock
VTX00002790,131,Cirrus,Limited,Black,31500,2026-09-11,19,In Stock
VTX00002791,131,Dune,Sport,Red,38900,2026-08-12,49,In Stock
VTX00002792,131,Dune,Sport,Gray,38900,2026-09-07,23,In Stock
VTX00002793,131,Dune,Base,Silver,38900,2026-09-13,17,In Stock
VTX00002794,131,Dune,Limited,Silver,38900,2026-07-30,62,In Stock
VTX00002795,131,Dune,Sport,Gray,38900,2026-08-29,32,In Stock
VTX00002796,131,Dune,Limited,White,38900,2026-09-16,14,In Stock
VTX00002797,131,Dune,Sport,Gray,38900,2026-06-24,98,In Stock
VTX00002798,131,Dune,Sport,White,38900,2026-08-10,51,In Stock
VTX00002799,131,Dune,Limited,Gray,38900,2026-09-10,20,In Transit
VTX00002800,131,Dune,Sport,Black,38900,2026-08-08,53,In Stock
VTX00002801,131,Dune,Sport,Silver,38900,2026-08-11,50,In Stock
VTX00002802,131,Dune,Sport,Silver,38900,2026-08-20,41,In Transit
VTX00002803,131,Dune,Base,Blue,38900,2026-09-01,29,In Stock
VTX00002804,131,Dune,Base,White,38900,2026-09-16,14,In Transit
VTX00002805,131,Dune,Base,Gray,38900,2026-08-25,36,In Stock
VTX00002806,131,Everest,Sport,Red,52500,2026-08-03,58,In Stock
VTX00002807,131,Everest,Base,White,52500,2026-08-16,45,In Stock
VTX00002808,131,Everest,Limited,Blue,52500,2026-08-13,48,In Transit
VTX00002809,131,Everest,Base,Red,52500,2026-09-03,27,In Transit
VTX00002810,131,Flux EV,Base,Gray,47900,2026-09-10,20,In Stock
VTX00002811,131,Flux EV,Limited,Silver,47900,2026-09-27,3,In Transit
VTX00002812,131,Flux EV,Base,Red,47900,2026-08-27,34,In Stock
VTX00002813,131,Flux EV,Sport,Blue,47900,2026-08-15,46,In Stock
VTX00002814,131,Flux EV,Base,White,47900,2026-06-25,97,In Stock
VTX00002815,131,Flux EV,Sport,Silver,47900,2026-08-25,36,In Stock
VTX00002816,131,Granite,Sport,Red,43500,2026-09-02,28,In Stock
VTX00002817,131,Granite,Base,Blue,43500,2026-09-18,12,In Stock
VTX00002818,131,Granite,Sport,Red,43500,2026-08-29,32,In Transit
VTX00002819,131,Granite,Limited,Blue,43500,2026-08-09,52,In Stock
VTX00002820,131,Granite,Sport,Gray,43500,2026-09-13,17,In Stock
VTX00002821,131,Granite,Limited,Red,43500,2026-09-19,11,In Stock
VTX00002822,131,Granite,Limited,Black,43500,2026-07-12,80,In Stock
VTX00002823,131,Granite,Sport,Silver,43500,2026-08-12,49,In Stock
VTX00002824,131,Granite,Sport,Silver,43500,2026-08-04,57,In Stock
VTX00002825,131,Granite,Sport,Gray,43500,2026-08-03,58,In Stock
VTX00002826,131,Granite,Base,Black,43500,2026-09-08,22,In Stock
VTX00002827,131,Granite,Base,Black,43500,2026-09-08,22,In Stock
VTX00002828,131,Granite,Base,Gray,43500,2026-08-31,30,In Stock
VTX00002829,131,Granite,Base,Black,43500,2026-09-06,24,In Stock
VTX00002830,131,Harbor,Base,Black,32900,2026-08-29,32,In Stock
VTX00002831,131,Harbor,Sport,Red,32900,2026-09-18,12,In Stock
VTX00002832,131,Harbor,Limited,Black,32900,2026-08-09,52,In Stock
VTX00002833,131,Harbor,Sport,Black,32900,2026-09-06,24,In Stock
VTX00002834,131,Harbor,Base,Gray,32900,2026-08-26,35,In Stock
VTX00002835,131,Harbor,Base,Black,32900,2026-09-07,23,In Stock
VTX00002836,131,Harbor,Base,Silver,32900,2026-09-04,26,In Stock
VTX00002837,131,Harbor,Limited,Silver,32900,2026-09-11,19,In Stock
VTX00002838,131,Harbor,Limited,Blue,32900,2026-06-14,108,In Stock
VTX00002839,131,Harbor,Base,Black,32900,2026-09-08,22,In Stock
VTX00002840,132,Aria,Base,White,24500,2026-09-21,9,In Stock
VTX00002841,132,Aria,Sport,Silver,24500,2026-08-24,37,In Stock
VTX00002842,132,Aria,Sport,Blue,24500,2026-09-22,8,In Stock
VTX00002843,132,Aria,Sport,Red,24500,2026-08-28,33,In Stock
VTX00002844,132,Aria,Sport,Blue,24500,2026-09-13,17,In Stock
VTX00002845,132,Aria,Limited,Silver,24500,2026-07-04,88,In Stock
VTX00002846,132,Aria,Base,Blue,24500,2026-09-16,14,In Stock
VTX00002847,132,Aria,Base,Silver,24500,2026-06-25,97,In Stock
VTX00002848,132,Aria,Base,Red,24500,2026-09-09,21,In Stock
VTX00002849,132,Aria,Base,White,24500,2026-07-27,65,In Transit
VTX00002850,132,Brisa,Base,Red,29900,2026-09-09,21,In Stock
VTX00002851,132,Brisa,Sport,Blue,29900,2026-09-14,16,In Stock
VTX00002852,132,Brisa,Sport,Blue,29900,2026-07-23,69,In Stock
VTX00002853,132,Brisa,Base,Silver,29900,2026-09-22,8,In Stock
VTX00002854,132,Brisa,Sport,Silver,29900,2026-08-02,59,In Transit
VTX00002855,132,Brisa,Limited,Silver,29900,2026-09-04,26,In Stock
VTX00002856,132,Cirrus,Limited,Black,31500,2026-08-02,59,In Stock
VTX00002857,132,Cirrus,Base,White,31500,2026-08-30,31,In Stock
VTX00002858,132,Cirrus,Base,Blue,31500,2026-08-15,46,In Stock
VTX00002859,132,Cirrus,Base,Blue,31500,2026-08-25,36,In Stock
VTX00002860,132,Cirrus,Sport,Red,31500,2026-09-11,19,In Stock
VTX00002861,132,Dune,Limited,White,38900,2026-05-30,123,In Stock
VTX00002862,132,Dune,Base,Blue,38900,2026-08-11,50,In Stock
VTX00002863,132,Dune,Base,Silver,38900,2026-09-16,14,In Stock
VTX00002864,132,Dune,Limited,Blue,38900,2026-07-21,71,In Stock
VTX00002865,132,Dune,Sport,Blue,38900,2026-08-26,35,In Stock
VTX00002866,132,Dune,Sport,Blue,38900,2026-06-18,104,In Stock
VTX00002867,132,Dune,Sport,Red,38900,2026-07-31,61,In Stock
VTX00002868,132,Everest,Base,Blue,52500,2026-06-23,99,In Stock
VTX00002869,132,Everest,Base,Silver,52500,2026-07-17,75,In Transit
VTX00002870,132,Everest,Base,Red,52500,2026-08-01,60,In Stock
VTX00002871,132,Flux EV,Limited,Silver,47900,2026-07-30,62,In Stock
VTX00002872,132,Flux EV,Sport,Silver,47900,2026-08-17,44,In Transit
VTX00002873,132,Granite,Base,Silver,43500,2026-07-08,84,In Stock
VTX00002874,132,Granite,Base,Silver,43500,2026-07-22,70,In Stock
VTX00002875,132,Granite,Base,Blue,43500,2026-08-27,34,In Stock
VTX00002876,132,Harbor,Sport,Red,32900,2026-07-03,89,In Stock
VTX00002877,132,Harbor,Sport,Silver,32900,2026-09-05,25,In Stock
VTX00002878,133,Aria,Sport,Blue,24500,2026-08-17,44,In Stock
VTX00002879,133,Aria,Limited,Silver,24500,2026-06-07,115,In Stock
VTX00002880,133,Aria,Limited,Black,24500,2026-09-30,0,In Transit
VTX00002881,133,Aria,Base,Red,24500,2026-08-17,44,In Stock
VTX00002882,133,Aria,Base,Red,24500,2026-08-29,32,In Stock
VTX00002883,133,Aria,Sport,Red,24500,2026-08-05,56,In Stock
VTX00002884,133,Aria,Limited,Blue,24500,2026-09-01,29,In Transit
VTX00002885,133,Aria,Sport,Black,24500,2026-07-26,66,In Stock
VTX00002886,133,Brisa,Base,Blue,29900,2026-07-07,85,In Stock
VTX00002887,133,Brisa,Sport,Blue,29900,2026-09-12,18,In Stock
VTX00002888,133,Brisa,Base,Blue,29900,2026-07-12,80,In Stock
VTX00002889,133,Brisa,Limited,White,29900,2026-09-09,21,In Stock
VTX00002890,133,Brisa,Base,Silver,29900,2026-09-26,4,In Stock
VTX00002891,133,Brisa,Base,White,29900,2026-07-26,66,In Stock
VTX00002892,133,Brisa,Sport,Blue,29900,2026-08-03,58,In Stock
VTX00002893,133,Cirrus,Limited,Gray,31500,2026-08-08,53,In Stock
VTX00002894,133,Cirrus,Sport,Gray,31500,2026-08-15,46,In Stock
VTX00002895,133,Cirrus,Sport,Black,31500,2026-08-07,54,In Stock
VTX00002896,133,Cirrus,Base,Gray,31500,2026-09-12,18,In Stock
VTX00002897,133,Cirrus,Sport,Red,31500,2026-04-06,177,In Transit
VTX00002898,133,Cirrus,Limited,Blue,31500,2026-09-17,13,In Stock
VTX00002899,133,Cirrus,Sport,Black,31500,2026-08-20,41,In Stock
VTX00002900,133,Cirrus,Sport,Gray,31500,2026-08-30,31,In Stock
VTX00002901,133,Dune,Limited,White,38900,2026-09-06,24,In Stock
VTX00002902,133,Dune,Sport,Black,38900,2026-09-06,24,In Stock
VTX00002903,133,Dune,Limited,White,38900,2026-09-05,25,In Stock
VTX00002904,133,Dune,Base,White,38900,2026-09-23,7,In Stock
VTX00002905,133,Dune,Sport,Silver,38900,2026-08-24,37,In Stock
VTX00002906,133,Dune,Base,Silver,38900,2026-06-06,116,In Stock
VTX00002907,133,Dune,Limited,Gray,38900,2026-09-21,9,In Stock
VTX00002908,133,Dune,Base,Red,38900,2026-08-19,42,In Stock
VTX00002909,133,Dune,Base,White,38900,2026-09-03,27,In Stock
VTX00002910,133,Dune,Base,Black,38900,2026-08-30,31,In Stock
VTX00002911,133,Dune,Sport,Silver,38900,2026-09-11,19,In Stock
VTX00002912,133,Dune,Base,White,38900,2026-09-17,13,In Stock
VTX00002913,133,Dune,Base,Gray,38900,2026-09-23,7,In Stock
VTX00002914,133,Dune,Base,White,38900,2026-09-06,24,In Stock
VTX00002915,133,Dune,Limited,Red,38900,2026-08-24,37,In Stock
VTX00002916,133,Dune,Base,Red,38900,2026-07-21,71,In Stock
VTX00002917,133,Dune,Limited,Red,38900,2026-08-04,57,In Stock
VTX00002918,133,Dune,Base,Silver,38900,2026-09-14,16,In Stock
VTX00002919,133,Dune,Base,Gray,38900,2026-09-10,20,In Stock
VTX00002920,133,Dune,Base,Black,38900,2026-05-04,149,In Stock
VTX00002921,133,Everest,Base,Silver,52500,2026-08-08,53,In Stock
VTX00002922,133,Everest,Limited,Silver,52500,2026-08-06,55,In Stock
VTX00002923,133,Everest,Limited,White,52500,2026-08-28,33,In Stock
VTX00002924,133,Everest,Limited,Red,52500,2026-08-16,45,In Stock
VTX00002925,133,Everest,Base,Blue,52500,2026-07-18,74,In Stock
VTX00002926,133,Everest,Base,White,52500,2026-07-23,69,Hold
VTX00002927,133,Everest,Sport,Gray,52500,2026-08-08,53,In Transit
VTX00002928,133,Everest,Base,Blue,52500,2026-09-22,8,In Stock
VTX00002929,133,Everest,Limited,Gray,52500,2026-09-23,7,In Stock
VTX00002930,133,Everest,Sport,White,52500,2026-08-19,42,In Stock
VTX00002931,133,Everest,Sport,Red,52500,2026-08-27,34,In Stock
VTX00002932,133,Everest,Sport,White,52500,2026-05-23,130,In Stock
VTX00002933,133,Flux EV,Base,Red,47900,2026-09-02,28,In Stock
VTX00002934,133,Flux EV,Base,Black,47900,2026-07-30,62,In Stock
VTX00002935,133,Granite,Sport,Blue,43500,2026-08-13,48,In Transit
VTX00002936,133,Granite,Sport,Black,43500,2026-05-27,126,In Stock
VTX00002937,133,Granite,Base,Gray,43500,2026-08-07,54,In Stock
VTX00002938,133,Granite,Sport,Black,43500,2026-09-11,19,In Stock
VTX00002939,133,Granite,Sport,Black,43500,2026-07-06,86,In Stock
VTX00002940,133,Granite,Base,Black,43500,2026-05-22,131,In Stock
VTX00002941,133,Granite,Sport,Red,43500,2026-09-21,9,In Stock
VTX00002942,133,Granite,Sport,Red,43500,2026-09-15,15,In Stock
VTX00002943,133,Granite,Sport,Blue,43500,2026-08-27,34,In Stock
VTX00002944,133,Granite,Base,Silver,43500,2026-08-10,51,In Transit
VTX00002945,133,Granite,Limited,Silver,43500,2026-08-20,41,In Stock
VTX00002946,133,Granite,Base,Red,43500,2026-09-15,15,In Transit
VTX00002947,133,Granite,Sport,Blue,43500,2026-08-10,51,In Transit
VTX00002948,133,Granite,Sport,Red,43500,2026-09-10,20,In Stock
VTX00002949,133,Granite,Limited,Silver,43500,2026-08-22,39,In Stock
VTX00002950,133,Granite,Limited,Red,43500,2026-07-24,68,In Stock
VTX00002951,133,Granite,Sport,Silver,43500,2026-08-05,56,In Transit
VTX00002952,133,Granite,Base,Silver,43500,2026-07-23,69,In Stock
VTX00002953,133,Harbor,Base,Red,32900,2026-06-30,92,Hold
VTX00002954,133,Harbor,Sport,Red,32900,2026-09-03,27,In Stock
VTX00002955,133,Harbor,Base,Gray,32900,2026-09-12,18,In Stock
VTX00002956,133,Harbor,Limited,Silver,32900,2026-09-17,13,In Stock
VTX00002957,134,Aria,Limited,Silver,24500,2026-09-10,20,In Stock
VTX00002958,134,Aria,Base,Silver,24500,2026-09-14,16,Hold
VTX00002959,134,Aria,Base,Blue,24500,2026-08-14,47,In Stock
VTX00002960,134,Aria,Base,White,24500,2026-09-12,18,In Stock
VTX00002961,134,Aria,Sport,Red,24500,2026-09-18,12,In Stock
VTX00002962,134,Aria,Base,White,24500,2026-09-27,3,Hold
VTX00002963,134,Aria,Base,White,24500,2026-08-14,47,In Stock
VTX00002964,134,Aria,Base,Black,24500,2026-09-14,16,In Stock
VTX00002965,134,Brisa,Sport,Gray,29900,2026-08-12,49,In Stock
VTX00002966,134,Brisa,Sport,White,29900,2026-08-09,52,In Stock
VTX00002967,134,Brisa,Limited,Red,29900,2026-08-16,45,In Stock
VTX00002968,134,Brisa,Limited,White,29900,2026-09-03,27,In Stock
VTX00002969,134,Cirrus,Base,Silver,31500,2026-08-04,57,In Stock
VTX00002970,134,Cirrus,Base,White,31500,2026-09-05,25,In Stock
VTX00002971,134,Cirrus,Base,Red,31500,2026-09-12,18,In Stock
VTX00002972,134,Cirrus,Limited,White,31500,2026-09-11,19,In Stock
VTX00002973,134,Cirrus,Base,White,31500,2026-09-09,21,In Transit
VTX00002974,134,Cirrus,Sport,Blue,31500,2026-07-02,90,In Stock
VTX00002975,134,Cirrus,Base,Blue,31500,2026-09-06,24,In Stock
VTX00002976,134,Dune,Base,Red,38900,2026-09-02,28,In Stock
VTX00002977,134,Dune,Sport,White,38900,2026-09-27,3,In Transit
VTX00002978,134,Dune,Sport,Silver,38900,2026-09-17,13,In Stock
VTX00002979,134,Dune,Sport,White,38900,2026-09-06,24,In Stock
VTX00002980,134,Dune,Base,Gray,38900,2026-09-26,4,In Stock
VTX00002981,134,Dune,Base,White,38900,2026-04-05,178,In Stock
VTX00002982,134,Dune,Sport,White,38900,2026-08-02,59,In Stock
VTX00002983,134,Dune,Base,White,38900,2026-08-19,42,In Stock
VTX00002984,134,Everest,Base,Black,52500,2026-08-10,51,In Stock
VTX00002985,134,Flux EV,Base,White,47900,2026-08-20,41,In Stock
VTX00002986,134,Flux EV,Base,Blue,47900,2026-08-17,44,In Stock
VTX00002987,134,Granite,Sport,White,43500,2026-06-20,102,In Stock
VTX00002988,134,Granite,Base,Black,43500,2026-09-20,10,In Stock
VTX00002989,134,Granite,Base,Black,43500,2026-09-24,6,In Stock
VTX00002990,134,Granite,Sport,Blue,43500,2026-05-29,124,In Stock
VTX00002991,134,Granite,Sport,Red,43500,2026-09-24,6,In Stock
VTX00002992,134,Granite,Sport,Black,43500,2026-08-04,57,In Stock
VTX00002993,134,Harbor,Base,Blue,32900,2026-05-31,122,In Stock
VTX00002994,134,Harbor,Base,Blue,32900,2026-08-15,46,In Stock
VTX00002995,134,Harbor,Sport,Blue,32900,2026-09-22,8,In Stock
VTX00002996,134,Harbor,Base,White,32900,2026-09-09,21,In Stock
VTX00002997,135,Aria,Sport,Blue,24500,2026-07-07,85,In Stock
VTX00002998,135,Aria,Limited,White,24500,2026-08-26,35,In Stock
VTX00002999,135,Aria,Base,Silver,24500,2026-07-17,75,In Stock
VTX00003000,135,Aria,Base,Silver,24500,2026-08-14,47,In Stock
VTX00003001,135,Aria,Base,Silver,24500,2026-08-15,46,In Stock
VTX00003002,135,Aria,Sport,Red,24500,2026-08-11,50,In Stock
VTX00003003,135,Brisa,Base,Silver,29900,2026-08-12,49,In Stock
VTX00003004,135,Brisa,Sport,White,29900,2026-09-18,12,In Stock
VTX00003005,135,Brisa,Base,Silver,29900,2026-09-19,11,In Stock
VTX00003006,135,Brisa,Base,Black,29900,2026-07-27,65,In Stock
VTX00003007,135,Brisa,Base,Red,29900,2026-09-22,8,In Stock
VTX00003008,135,Brisa,Sport,Black,29900,2026-09-20,10,In Stock
VTX00003009,135,Cirrus,Limited,Silver,31500,2026-07-09,83,In Stock
VTX00003010,135,Cirrus,Base,Black,31500,2026-08-04,57,In Stock
VTX00003011,135,Cirrus,Limited,Gray,31500,2026-09-25,5,In Transit
VTX00003012,135,Cirrus,Sport,Blue,31500,2026-08-16,45,In Stock
VTX00003013,135,Cirrus,Sport,Silver,31500,2026-09-27,3,In Stock
VTX00003014,135,Dune,Sport,Black,38900,2026-09-11,19,In Stock
VTX00003015,135,Dune,Sport,Red,38900,2026-09-07,23,In Stock
VTX00003016,135,Dune,Limited,White,38900,2026-09-16,14,In Stock
VTX00003017,135,Dune,Sport,Red,38900,2026-07-22,70,In Transit
VTX00003018,135,Dune,Base,Blue,38900,2026-09-02,28,In Stock
VTX00003019,135,Dune,Limited,Silver,38900,2026-09-06,24,In Stock
VTX00003020,135,Dune,Limited,Red,38900,2026-08-29,32,In Stock
VTX00003021,135,Dune,Limited,Gray,38900,2026-06-11,111,In Stock
VTX00003022,135,Dune,Base,White,38900,2026-09-12,18,In Stock
VTX00003023,135,Dune,Sport,Silver,38900,2026-08-18,43,In Stock
VTX00003024,135,Dune,Limited,Blue,38900,2026-08-12,49,In Stock
VTX00003025,135,Everest,Base,Silver,52500,2026-09-09,21,In Stock
VTX00003026,135,Everest,Sport,White,52500,2026-09-15,15,In Stock
VTX00003027,135,Flux EV,Sport,Black,47900,2026-06-17,105,In Stock
VTX00003028,135,Flux EV,Base,White,47900,2026-07-28,64,In Stock
VTX00003029,135,Flux EV,Sport,Gray,47900,2026-07-21,71,In Stock
VTX00003030,135,Flux EV,Base,Silver,47900,2026-08-24,37,In Stock
VTX00003031,135,Flux EV,Limited,Gray,47900,2026-05-19,134,In Stock
VTX00003032,135,Flux EV,Sport,White,47900,2026-09-27,3,In Stock
VTX00003033,135,Granite,Base,Gray,43500,2026-06-18,104,In Stock
VTX00003034,135,Granite,Base,Silver,43500,2026-07-08,84,In Stock
VTX00003035,135,Granite,Base,Black,43500,2026-08-26,35,In Stock
VTX00003036,135,Granite,Base,Gray,43500,2026-06-23,99,In Stock
VTX00003037,135,Granite,Limited,Blue,43500,2026-08-30,31,In Stock
VTX00003038,135,Granite,Base,White,43500,2026-07-11,81,In Stock
VTX00003039,135,Harbor,Limited,Gray,32900,2026-09-02,28,In Stock
VTX00003040,135,Harbor,Sport,Silver,32900,2026-08-22,39,In Stock
VTX00003041,135,Harbor,Sport,Silver,32900,2026-07-23,69,In Stock
VTX00003042,136,Aria,Base,White,24500,2026-08-11,50,In Stock
VTX00003043,136,Aria,Sport,Silver,24500,2026-07-17,75,In Stock
VTX00003044,136,Aria,Base,Black,24500,2026-09-19,11,In Stock
VTX00003045,136,Aria,Base,White,24500,2026-07-09,83,In Stock
VTX00003046,136,Aria,Limited,White,24500,2026-08-12,49,In Stock
VTX00003047,136,Aria,Base,White,24500,2026-04-29,154,In Stock
VTX00003048,136,Aria,Base,Red,24500,2026-06-12,110,In Stock
VTX00003049,136,Aria,Base,Blue,24500,2026-08-23,38,In Stock
VTX00003050,136,Aria,Sport,Silver,24500,2026-06-21,101,In Stock
VTX00003051,136,Aria,Sport,Gray,24500,2026-06-16,106,In Stock
VTX00003052,136,Aria,Base,Black,24500,2026-08-10,51,In Stock
VTX00003053,136,Aria,Base,Black,24500,2026-08-24,37,In Stock
VTX00003054,136,Aria,Base,White,24500,2026-05-29,124,In Stock
VTX00003055,136,Aria,Base,Black,24500,2026-05-24,129,In Stock
VTX00003056,136,Aria,Base,Silver,24500,2026-08-31,30,In Stock
VTX00003057,136,Aria,Base,Gray,24500,2026-07-18,74,In Stock
VTX00003058,136,Aria,Sport,Gray,24500,2026-09-03,27,In Stock
VTX00003059,136,Aria,Limited,Blue,24500,2026-05-14,139,In Stock
VTX00003060,136,Aria,Base,Red,24500,2026-09-04,26,In Stock
VTX00003061,136,Aria,Sport,White,24500,2026-08-01,60,In Stock
VTX00003062,136,Aria,Limited,Gray,24500,2026-08-20,41,In Stock
VTX00003063,136,Aria,Sport,White,24500,2026-06-01,121,In Transit
VTX00003064,136,Aria,Base,Blue,24500,2026-05-08,145,In Stock
VTX00003065,136,Aria,Sport,Black,24500,2026-07-08,84,In Stock
VTX00003066,136,Aria,Sport,Blue,24500,2026-07-30,62,In Transit
VTX00003067,136,Aria,Sport,Black,24500,2026-08-21,40,In Stock
VTX00003068,136,Aria,Sport,White,24500,2026-06-12,110,In Transit
VTX00003069,136,Aria,Limited,Red,24500,2026-08-27,34,In Stock
VTX00003070,136,Aria,Base,Silver,24500,2026-08-23,38,In Stock
VTX00003071,136,Aria,Base,Gray,24500,2026-07-05,87,In Transit
VTX00003072,136,Aria,Sport,Silver,24500,2026-08-13,48,In Stock
VTX00003073,136,Aria,Limited,Black,24500,2026-06-03,119,In Stock
VTX00003074,136,Aria,Base,Silver,24500,2026-08-12,49,In Stock
VTX00003075,136,Brisa,Sport,Gray,29900,2026-05-09,144,In Stock
VTX00003076,136,Brisa,Limited,Gray,29900,2026-08-18,43,In Stock
VTX00003077,136,Brisa,Limited,Blue,29900,2026-09-08,22,In Stock
VTX00003078,136,Brisa,Sport,White,29900,2026-08-03,58,In Stock
VTX00003079,136,Brisa,Limited,Black,29900,2026-04-13,170,In Stock
VTX00003080,136,Brisa,Base,Silver,29900,2026-04-02,181,In Stock
VTX00003081,136,Brisa,Base,Blue,29900,2026-05-04,149,In Stock
VTX00003082,136,Brisa,Sport,Silver,29900,2026-08-25,36,In Transit
VTX00003083,136,Brisa,Sport,Gray,29900,2026-08-02,59,In Stock
VTX00003084,136,Brisa,Limited,Gray,29900,2026-08-21,40,In Stock
VTX00003085,136,Brisa,Sport,Gray,29900,2026-07-03,89,In Stock
VTX00003086,136,Brisa,Base,White,29900,2026-03-06,208,In Stock
VTX00003087,136,Brisa,Sport,Silver,29900,2026-07-12,80,In Stock
VTX00003088,136,Brisa,Base,Gray,29900,2026-08-23,38,In Stock
VTX00003089,136,Brisa,Base,Gray,29900,2026-07-02,90,In Stock
VTX00003090,136,Brisa,Sport,White,29900,2026-06-04,118,In Stock
VTX00003091,136,Brisa,Sport,Red,29900,2026-05-05,148,In Stock
VTX00003092,136,Brisa,Sport,Gray,29900,2026-06-26,96,In Stock
VTX00003093,136,Brisa,Sport,Silver,29900,2026-07-06,86,In Stock
VTX00003094,136,Brisa,Limited,White,29900,2026-09-22,8,In Stock
VTX00003095,136,Brisa,Sport,Black,29900,2026-07-18,74,Hold
VTX00003096,136,Brisa,Limited,Gray,29900,2026-09-12,18,In Stock
VTX00003097,136,Brisa,Limited,White,29900,2026-03-20,194,In Stock
VTX00003098,136,Brisa,Base,Red,29900,2026-08-31,30,In Stock
VTX00003099,136,Brisa,Sport,Black,29900,2026-09-12,18,Hold
VTX00003100,136,Brisa,Sport,Blue,29900,2026-08-13,48,In Stock
VTX00003101,136,Brisa,Sport,Blue,29900,2026-07-01,91,In Stock
VTX00003102,136,Brisa,Limited,Gray,29900,2026-07-12,80,In Stock
VTX00003103,136,Cirrus,Sport,Red,31500,2026-06-18,104,In Stock
VTX00003104,136,Cirrus,Base,Red,31500,2026-08-11,50,In Stock
VTX00003105,136,Cirrus,Base,Gray,31500,2026-07-23,69,In Stock
VTX00003106,136,Cirrus,Sport,Silver,31500,2026-04-03,180,In Stock
VTX00003107,136,Cirrus,Limited,Blue,31500,2026-06-06,116,In Stock
VTX00003108,136,Cirrus,Base,Red,31500,2026-06-07,115,In Stock
VTX00003109,136,Cirrus,Base,Black,31500,2026-07-26,66,In Stock
VTX00003110,136,Cirrus,Sport,White,31500,2026-04-06,177,In Stock
VTX00003111,136,Cirrus,Base,Silver,31500,2026-08-05,56,In Stock
VTX00003112,136,Cirrus,Limited,Gray,31500,2026-06-19,103,In Stock
VTX00003113,136,Cirrus,Limited,Gray,31500,2026-08-18,43,In Stock
VTX00003114,136,Cirrus,Base,Gray,31500,2026-09-17,13,In Stock
VTX00003115,136,Cirrus,Base,Red,31500,2026-08-19,42,In Stock
VTX00003116,136,Cirrus,Base,Gray,31500,2026-06-18,104,In Stock
VTX00003117,136,Cirrus,Limited,Red,31500,2026-06-28,94,In Stock
VTX00003118,136,Cirrus,Sport,Silver,31500,2026-08-13,48,In Stock
VTX00003119,136,Cirrus,Limited,Black,31500,2026-08-01,60,In Stock
VTX00003120,136,Cirrus,Limited,Blue,31500,2026-08-19,42,In Stock
VTX00003121,136,Cirrus,Base,Blue,31500,2026-09-11,19,In Stock
VTX00003122,136,Cirrus,Base,Black,31500,2026-03-24,190,In Stock
VTX00003123,136,Cirrus,Sport,Blue,31500,2026-09-28,2,In Stock
VTX00003124,136,Cirrus,Base,Black,31500,2026-07-09,83,In Stock
VTX00003125,136,Cirrus,Base,Silver,31500,2026-04-28,155,In Stock
VTX00003126,136,Cirrus,Sport,White,31500,2026-09-04,26,In Transit
VTX00003127,136,Cirrus,Base,Silver,31500,2026-08-22,39,In Stock
VTX00003128,136,Cirrus,Limited,Silver,31500,2026-06-28,94,In Stock
VTX00003129,136,Cirrus,Base,Silver,31500,2026-07-04,88,In Stock
VTX00003130,136,Cirrus,Base,Red,31500,2026-08-16,45,In Stock
VTX00003131,136,Cirrus,Base,Silver,31500,2026-07-11,81,In Transit
VTX00003132,136,Cirrus,Base,Blue,31500,2026-08-01,60,In Stock
VTX00003133,136,Cirrus,Sport,Silver,31500,2026-08-11,50,In Stock
VTX00003134,136,Cirrus,Sport,White,31500,2026-07-08,84,In Stock
VTX00003135,136,Cirrus,Base,Blue,31500,2026-06-17,105,In Stock
VTX00003136,136,Cirrus,Base,White,31500,2026-07-30,62,In Transit
VTX00003137,136,Cirrus,Sport,Black,31500,2026-06-26,96,In Stock
VTX00003138,136,Cirrus,Base,White,31500,2026-09-17,13,In Stock
VTX00003139,136,Cirrus,Base,Black,31500,2026-07-14,78,In Stock
VTX00003140,136,Cirrus,Sport,White,31500,2026-08-27,34,In Stock
VTX00003141,136,Cirrus,Base,White,31500,2026-06-30,92,In Stock
VTX00003142,136,Cirrus,Limited,Red,31500,2026-09-10,20,In Stock
VTX00003143,136,Cirrus,Base,Red,31500,2026-05-23,130,In Stock
VTX00003144,136,Cirrus,Limited,Black,31500,2026-09-10,20,Hold
VTX00003145,136,Cirrus,Sport,Blue,31500,2025-09-09,386,In Stock
VTX00003146,136,Cirrus,Base,Black,31500,2025-12-29,275,In Stock
VTX00003147,136,Cirrus,Sport,Blue,31500,2026-08-13,48,In Transit
VTX00003148,136,Cirrus,Base,Black,31500,2026-05-12,141,In Stock
VTX00003149,136,Cirrus,Sport,Black,31500,2026-08-06,55,In Stock
VTX00003150,136,Cirrus,Base,Gray,31500,2026-07-30,62,In Stock
VTX00003151,136,Cirrus,Sport,Silver,31500,2026-03-23,191,In Stock
VTX00003152,136,Cirrus,Base,White,31500,2026-08-10,51,In Stock
VTX00003153,136,Cirrus,Limited,Black,31500,2026-06-21,101,Hold
VTX00003154,136,Cirrus,Base,Red,31500,2026-08-13,48,In Stock
VTX00003155,136,Cirrus,Sport,White,31500,2026-08-23,38,In Stock
VTX00003156,136,Cirrus,Sport,Blue,31500,2026-06-01,121,In Stock
VTX00003157,136,Cirrus,Limited,Blue,31500,2025-08-26,400,In Transit
VTX00003158,136,Cirrus,Sport,Black,31500,2026-07-15,77,In Stock
VTX00003159,136,Cirrus,Limited,Black,31500,2026-09-19,11,In Stock
VTX00003160,136,Cirrus,Limited,Red,31500,2026-07-28,64,In Stock
VTX00003161,136,Cirrus,Sport,Black,31500,2026-09-08,22,In Stock
VTX00003162,136,Cirrus,Base,White,31500,2026-06-08,114,In Stock
VTX00003163,136,Cirrus,Sport,Red,31500,2026-09-15,15,In Stock
VTX00003164,136,Cirrus,Sport,Gray,31500,2026-07-19,73,In Stock
VTX00003165,136,Cirrus,Base,Gray,31500,2026-07-12,80,In Stock
VTX00003166,136,Cirrus,Base,White,31500,2026-07-08,84,In Stock
VTX00003167,136,Cirrus,Base,Silver,31500,2026-08-25,36,In Stock
VTX00003168,136,Cirrus,Sport,Gray,31500,2026-01-24,249,In Stock
VTX00003169,136,Cirrus,Base,Silver,31500,2026-02-16,226,In Stock
VTX00003170,136,Cirrus,Base,Red,31500,2026-08-21,40,In Stock
VTX00003171,136,Cirrus,Sport,Black,31500,2026-08-25,36,In Stock
VTX00003172,136,Cirrus,Sport,Silver,31500,2026-05-31,122,In Stock
VTX00003173,136,Cirrus,Sport,Silver,31500,2026-07-20,72,In Stock
VTX00003174,136,Cirrus,Limited,Blue,31500,2026-08-22,39,In Stock
VTX00003175,136,Cirrus,Sport,White,31500,2026-04-14,169,In Stock
VTX00003176,136,Cirrus,Base,Silver,31500,2026-08-04,57,In Stock
VTX00003177,136,Cirrus,Sport,Black,31500,2026-07-28,64,In Stock
VTX00003178,136,Cirrus,Sport,Silver,31500,2026-08-28,33,In Stock
VTX00003179,136,Cirrus,Base,Red,31500,2026-07-19,73,In Stock
VTX00003180,136,Cirrus,Base,Blue,31500,2026-06-27,95,In Stock
VTX00003181,136,Cirrus,Sport,Gray,31500,2026-07-19,73,In Stock
VTX00003182,136,Cirrus,Sport,Silver,31500,2026-07-08,84,In Stock
VTX00003183,136,Cirrus,Base,Black,31500,2026-09-13,17,In Stock
VTX00003184,136,Cirrus,Sport,Red,31500,2026-09-11,19,In Stock
VTX00003185,136,Cirrus,Base,White,31500,2026-07-12,80,In Stock
VTX00003186,136,Cirrus,Base,White,31500,2026-07-06,86,In Stock
VTX00003187,136,Cirrus,Base,Black,31500,2026-08-20,41,Hold
VTX00003188,136,Cirrus,Limited,Gray,31500,2026-03-08,206,In Stock
VTX00003189,136,Cirrus,Sport,Silver,31500,2026-07-22,70,In Stock
VTX00003190,136,Cirrus,Base,Gray,31500,2026-08-30,31,In Stock
VTX00003191,136,Dune,Base,Silver,38900,2026-06-05,117,In Stock
VTX00003192,136,Dune,Sport,Silver,38900,2026-07-27,65,In Stock
VTX00003193,136,Dune,Base,White,38900,2026-08-08,53,In Stock
VTX00003194,136,Dune,Base,White,38900,2026-09-23,7,In Stock
VTX00003195,136,Dune,Sport,Red,38900,2026-06-24,98,In Stock
VTX00003196,136,Dune,Sport,Blue,38900,2026-05-25,128,In Stock
VTX00003197,136,Dune,Sport,Gray,38900,2026-05-18,135,In Transit
VTX00003198,136,Dune,Base,Black,38900,2026-07-18,74,In Stock
VTX00003199,136,Dune,Sport,Black,38900,2026-09-05,25,In Stock
VTX00003200,136,Dune,Limited,Red,38900,2026-05-20,133,In Stock
VTX00003201,136,Dune,Base,White,38900,2026-09-06,24,In Stock
VTX00003202,136,Dune,Base,Blue,38900,2026-07-05,87,In Stock
VTX00003203,136,Dune,Base,Blue,38900,2026-06-30,92,In Stock
VTX00003204,136,Dune,Base,Blue,38900,2026-09-12,18,In Stock
VTX00003205,136,Dune,Sport,White,38900,2026-08-14,47,In Transit
VTX00003206,136,Dune,Base,Black,38900,2026-07-27,65,In Stock
VTX00003207,136,Dune,Base,Black,38900,2026-08-16,45,In Stock
VTX00003208,136,Dune,Base,Black,38900,2026-08-27,34,In Stock
VTX00003209,136,Dune,Limited,Red,38900,2026-07-15,77,In Transit
VTX00003210,136,Dune,Sport,Gray,38900,2026-08-18,43,In Stock
VTX00003211,136,Dune,Base,Black,38900,2026-04-08,175,In Stock
VTX00003212,136,Dune,Limited,Silver,38900,2026-06-14,108,In Stock
VTX00003213,136,Dune,Base,Silver,38900,2026-08-07,54,In Stock
VTX00003214,136,Dune,Sport,Gray,38900,2026-08-05,56,In Stock
VTX00003215,136,Dune,Sport,Silver,38900,2026-04-21,162,In Stock
VTX00003216,136,Dune,Sport,White,38900,2026-08-21,40,Hold
VTX00003217,136,Dune,Base,Silver,38900,2026-09-20,10,In Stock
VTX00003218,136,Dune,Limited,Blue,38900,2026-08-16,45,In Stock
VTX00003219,136,Dune,Base,Blue,38900,2026-08-07,54,In Stock
VTX00003220,136,Dune,Limited,Silver,38900,2026-08-20,41,In Stock
VTX00003221,136,Dune,Sport,Gray,38900,2026-06-12,110,In Stock
VTX00003222,136,Dune,Sport,Silver,38900,2026-04-05,178,In Stock
VTX00003223,136,Dune,Limited,Gray,38900,2026-08-29,32,In Stock
VTX00003224,136,Dune,Sport,Silver,38900,2026-06-08,114,In Transit
VTX00003225,136,Dune,Base,White,38900,2026-07-04,88,In Stock
VTX00003226,136,Dune,Base,Blue,38900,2026-07-16,76,In Stock
VTX00003227,136,Dune,Limited,Silver,38900,2026-08-17,44,In Stock
VTX00003228,136,Dune,Sport,Silver,38900,2026-05-23,130,Hold
VTX00003229,136,Dune,Limited,Silver,38900,2026-03-08,206,In Transit
VTX00003230,136,Dune,Sport,Red,38900,2026-08-04,57,In Stock
VTX00003231,136,Dune,Limited,Silver,38900,2026-09-08,22,In Stock
VTX00003232,136,Dune,Base,Black,38900,2026-08-23,38,In Transit
VTX00003233,136,Dune,Base,White,38900,2026-07-20,72,In Stock
VTX00003234,136,Dune,Base,Gray,38900,2026-08-21,40,In Stock
VTX00003235,136,Dune,Limited,White,38900,2026-08-03,58,In Transit
VTX00003236,136,Dune,Sport,Gray,38900,2026-06-23,99,Hold
VTX00003237,136,Dune,Base,Blue,38900,2026-05-28,125,In Stock
VTX00003238,136,Dune,Limited,White,38900,2026-08-12,49,In Stock
VTX00003239,136,Dune,Sport,Red,38900,2026-05-26,127,In Stock
VTX00003240,136,Dune,Base,Red,38900,2026-07-06,86,In Stock
VTX00003241,136,Dune,Base,Gray,38900,2026-06-26,96,In Stock
VTX00003242,136,Dune,Sport,Silver,38900,2026-04-24,159,In Stock
VTX00003243,136,Dune,Base,Red,38900,2026-07-29,63,In Stock
VTX00003244,136,Dune,Base,Black,38900,2026-09-21,9,In Stock
VTX00003245,136,Dune,Base,Gray,38900,2026-08-18,43,In Stock
VTX00003246,136,Dune,Base,Red,38900,2026-05-28,125,In Stock
VTX00003247,136,Dune,Base,Silver,38900,2026-03-16,198,In Stock
VTX00003248,136,Dune,Sport,Blue,38900,2026-09-13,17,In Stock
VTX00003249,136,Dune,Base,Silver,38900,2026-07-24,68,In Stock
VTX00003250,136,Dune,Sport,White,38900,2026-08-06,55,In Stock
VTX00003251,136,Dune,Limited,Silver,38900,2026-04-22,161,In Stock
VTX00003252,136,Dune,Sport,Red,38900,2026-08-28,33,In Transit
VTX00003253,136,Dune,Sport,Gray,38900,2026-05-05,148,In Stock
VTX00003254,136,Dune,Sport,Red,38900,2026-05-26,127,In Stock
VTX00003255,136,Dune,Sport,Blue,38900,2026-06-28,94,In Stock
VTX00003256,136,Dune,Base,White,38900,2026-08-07,54,In Stock
VTX00003257,136,Dune,Base,Blue,38900,2026-08-07,54,In Stock
VTX00003258,136,Dune,Base,Gray,38900,2026-09-16,14,In Stock
VTX00003259,136,Everest,Sport,White,52500,2026-06-15,107,In Transit
VTX00003260,136,Everest,Limited,Blue,52500,2026-05-16,137,In Stock
VTX00003261,136,Everest,Base,Black,52500,2026-08-16,45,In Stock
VTX00003262,136,Everest,Limited,Silver,52500,2026-05-28,125,In Stock
VTX00003263,136,Everest,Limited,White,52500,2026-07-13,79,In Stock
VTX00003264,136,Everest,Sport,Black,52500,2026-08-31,30,In Stock
VTX00003265,136,Everest,Base,White,52500,2026-07-26,66,In Stock
VTX00003266,136,Everest,Sport,Black,52500,2026-08-07,54,In Stock
VTX00003267,136,Everest,Sport,Red,52500,2025-11-04,330,In Stock
VTX00003268,136,Everest,Sport,Silver,52500,2026-08-16,45,In Stock
VTX00003269,136,Everest,Limited,Gray,52500,2026-07-07,85,In Stock
VTX00003270,136,Everest,Sport,Red,52500,2026-07-18,74,In Transit
VTX00003271,136,Everest,Limited,Gray,52500,2026-07-10,82,In Stock
VTX00003272,136,Everest,Limited,Gray,52500,2026-06-17,105,In Stock
VTX00003273,136,Everest,Sport,White,52500,2026-02-26,216,In Stock
VTX00003274,136,Everest,Sport,Black,52500,2026-03-16,198,Hold
VTX00003275,136,Everest,Sport,Silver,52500,2026-08-26,35,In Stock
VTX00003276,136,Everest,Base,Gray,52500,2026-07-09,83,In Stock
VTX00003277,136,Everest,Base,Silver,52500,2026-05-02,151,In Stock
VTX00003278,136,Everest,Limited,Silver,52500,2026-08-10,51,In Stock
VTX00003279,136,Everest,Sport,Black,52500,2026-05-31,122,In Stock
VTX00003280,136,Everest,Base,Gray,52500,2026-02-05,237,In Stock
VTX00003281,136,Everest,Base,Silver,52500,2026-08-04,57,In Stock
VTX00003282,136,Everest,Sport,White,52500,2026-06-28,94,In Stock
VTX00003283,136,Everest,Sport,Blue,52500,2026-06-12,110,In Stock
VTX00003284,136,Flux EV,Sport,Gray,47900,2026-03-15,199,In Stock
VTX00003285,136,Flux EV,Base,Silver,47900,2026-09-09,21,In Stock
VTX00003286,136,Flux EV,Limited,Blue,47900,2026-09-07,23,In Stock
VTX00003287,136,Flux EV,Sport,Red,47900,2026-09-03,27,In Stock
VTX00003288,136,Flux EV,Base,Red,47900,2026-07-06,86,In Stock
VTX00003289,136,Flux EV,Base,Blue,47900,2026-08-04,57,In Stock
VTX00003290,136,Flux EV,Base,Blue,47900,2026-07-25,67,In Stock
VTX00003291,136,Flux EV,Sport,White,47900,2026-07-18,74,In Stock
VTX00003292,136,Flux EV,Sport,Silver,47900,2026-04-08,175,In Stock
VTX00003293,136,Flux EV,Base,Gray,47900,2026-08-31,30,In Stock
VTX00003294,136,Flux EV,Limited,Silver,47900,2026-06-15,107,In Stock
VTX00003295,136,Flux EV,Sport,Red,47900,2026-09-15,15,In Stock
VTX00003296,136,Flux EV,Base,White,47900,2026-08-16,45,In Stock
VTX00003297,136,Flux EV,Limited,Gray,47900,2026-08-17,44,In Stock
VTX00003298,136,Flux EV,Sport,Gray,47900,2026-07-14,78,In Stock
VTX00003299,136,Flux EV,Base,Black,47900,2026-08-26,35,In Stock
VTX00003300,136,Flux EV,Limited,Red,47900,2026-01-26,247,Hold
VTX00003301,136,Flux EV,Base,White,47900,2026-05-05,148,In Stock
VTX00003302,136,Flux EV,Limited,Gray,47900,2026-03-07,207,In Transit
VTX00003303,136,Flux EV,Limited,Gray,47900,2026-09-05,25,In Stock
VTX00003304,136,Flux EV,Sport,Red,47900,2026-09-04,26,In Stock
VTX00003305,136,Flux EV,Base,Gray,47900,2026-08-23,38,In Stock
VTX00003306,136,Flux EV,Base,Blue,47900,2026-03-26,188,In Stock
VTX00003307,136,Flux EV,Base,Black,47900,2026-08-14,47,In Stock
VTX00003308,136,Flux EV,Sport,Silver,47900,2026-07-25,67,In Stock
VTX00003309,136,Flux EV,Sport,Gray,47900,2026-07-28,64,In Stock
VTX00003310,136,Flux EV,Base,Black,47900,2026-07-11,81,In Stock
VTX00003311,136,Flux EV,Sport,Blue,47900,2026-08-21,40,In Stock
VTX00003312,136,Flux EV,Limited,Black,47900,2026-08-05,56,In Stock
VTX00003313,136,Flux EV,Limited,Silver,47900,2026-07-23,69,In Transit
VTX00003314,136,Flux EV,Sport,Blue,47900,2026-07-28,64,In Transit
VTX00003315,136,Granite,Base,Gray,43500,2026-07-30,62,In Stock
VTX00003316,136,Granite,Sport,White,43500,2026-06-28,94,In Stock
VTX00003317,136,Granite,Limited,Black,43500,2026-09-07,23,In Stock
VTX00003318,136,Granite,Base,Red,43500,2026-08-29,32,In Stock
VTX00003319,136,Granite,Base,White,43500,2026-07-20,72,In Stock
VTX00003320,136,Granite,Sport,Black,43500,2026-08-22,39,In Stock
VTX00003321,136,Granite,Base,Silver,43500,2026-07-21,71,In Stock
VTX00003322,136,Granite,Sport,Red,43500,2026-07-31,61,In Stock
VTX00003323,136,Granite,Base,Red,43500,2026-07-29,63,In Stock
VTX00003324,136,Granite,Sport,White,43500,2026-05-30,123,In Stock
VTX00003325,136,Granite,Sport,Black,43500,2026-07-26,66,In Stock
VTX00003326,136,Granite,Limited,Silver,43500,2026-07-30,62,In Stock
VTX00003327,136,Granite,Limited,Gray,43500,2026-06-16,106,In Transit
VTX00003328,136,Granite,Sport,Blue,43500,2026-09-04,26,In Stock
VTX00003329,136,Granite,Base,Gray,43500,2026-02-09,233,In Stock
VTX00003330,136,Granite,Limited,Silver,43500,2026-03-13,201,In Stock
VTX00003331,136,Granite,Sport,Gray,43500,2026-06-28,94,In Stock
VTX00003332,136,Granite,Sport,White,43500,2026-05-13,140,In Stock
VTX00003333,136,Granite,Sport,Black,43500,2026-05-05,148,In Stock
VTX00003334,136,Granite,Sport,Black,43500,2026-05-06,147,In Stock
VTX00003335,136,Granite,Base,White,43500,2026-08-29,32,In Stock
VTX00003336,136,Granite,Sport,Blue,43500,2026-07-31,61,In Transit
VTX00003337,136,Granite,Sport,Gray,43500,2026-08-04,57,In Stock
VTX00003338,136,Granite,Sport,Silver,43500,2026-09-11,19,In Stock
VTX00003339,136,Granite,Sport,Red,43500,2026-08-09,52,In Stock
VTX00003340,136,Granite,Sport,Silver,43500,2026-06-26,96,In Stock
VTX00003341,136,Granite,Base,Black,43500,2026-09-03,27,In Stock
VTX00003342,136,Granite,Limited,Gray,43500,2026-08-05,56,In Stock
VTX00003343,136,Granite,Base,Silver,43500,2026-05-10,143,In Stock
VTX00003344,136,Granite,Limited,White,43500,2026-09-05,25,In Stock
VTX00003345,136,Granite,Base,Gray,43500,2026-09-06,24,In Stock
VTX00003346,136,Granite,Sport,Blue,43500,2026-07-05,87,In Stock
VTX00003347,136,Granite,Sport,Blue,43500,2026-07-09,83,In Stock
VTX00003348,136,Granite,Base,Gray,43500,2026-06-10,112,In Stock
VTX00003349,136,Granite,Base,Gray,43500,2026-08-13,48,In Stock
VTX00003350,136,Harbor,Sport,Gray,32900,2026-09-11,19,In Stock
VTX00003351,136,Harbor,Limited,Silver,32900,2026-08-04,57,In Transit
VTX00003352,136,Harbor,Base,Gray,32900,2026-09-13,17,In Stock
VTX00003353,136,Harbor,Base,Blue,32900,2026-08-19,42,In Stock
VTX00003354,136,Harbor,Limited,Gray,32900,2026-06-04,118,In Stock
VTX00003355,136,Harbor,Sport,Red,32900,2026-09-14,16,In Stock
VTX00003356,136,Harbor,Base,Blue,32900,2026-06-18,104,In Stock
VTX00003357,136,Harbor,Limited,Gray,32900,2026-09-09,21,In Stock
VTX00003358,136,Harbor,Limited,Black,32900,2026-09-14,16,In Stock
VTX00003359,136,Harbor,Base,Red,32900,2026-07-29,63,In Stock
VTX00003360,136,Harbor,Sport,Silver,32900,2026-09-04,26,In Stock
VTX00003361,136,Harbor,Limited,Red,32900,2026-07-29,63,In Stock
VTX00003362,136,Harbor,Base,Silver,32900,2026-09-26,4,In Stock
VTX00003363,136,Harbor,Base,Silver,32900,2026-07-30,62,In Stock
VTX00003364,136,Harbor,Limited,White,32900,2026-03-25,189,In Stock
VTX00003365,136,Harbor,Sport,Silver,32900,2026-06-19,103,In Transit
VTX00003366,136,Harbor,Base,Black,32900,2026-09-15,15,In Stock
VTX00003367,136,Harbor,Sport,Silver,32900,2026-09-02,28,In Stock
VTX00003368,136,Harbor,Base,Gray,32900,2026-06-12,110,In Transit
VTX00003369,136,Harbor,Sport,Black,32900,2026-08-13,48,In Transit
VTX00003370,136,Harbor,Base,Red,32900,2026-07-27,65,In Stock
VTX00003371,136,Harbor,Limited,Red,32900,2026-05-17,136,In Transit
VTX00003372,136,Harbor,Base,Blue,32900,2026-08-22,39,In Stock
VTX00003373,136,Harbor,Sport,Gray,32900,2026-08-29,32,In Stock
VTX00003374,136,Harbor,Sport,Blue,32900,2026-09-09,21,In Stock
VTX00003375,136,Harbor,Limited,Gray,32900,2026-07-20,72,Hold
VTX00003376,137,Aria,Base,White,24500,2026-06-15,107,In Stock
VTX00003377,137,Aria,Base,White,24500,2026-08-03,58,In Stock
VTX00003378,137,Aria,Base,Red,24500,2026-09-27,3,In Stock
VTX00003379,137,Aria,Base,Gray,24500,2026-09-07,23,In Stock
VTX00003380,137,Aria,Base,White,24500,2026-05-09,144,In Stock
VTX00003381,137,Aria,Limited,Red,24500,2026-07-10,82,In Stock
VTX00003382,137,Aria,Base,Silver,24500,2026-09-01,29,In Transit
VTX00003383,137,Aria,Base,White,24500,2026-08-25,36,In Stock
VTX00003384,137,Brisa,Base,White,29900,2026-08-22,39,In Stock
VTX00003385,137,Brisa,Sport,Silver,29900,2026-09-11,19,In Stock
VTX00003386,137,Brisa,Base,Blue,29900,2026-08-07,54,In Stock
VTX00003387,137,Brisa,Sport,Black,29900,2026-08-29,32,In Stock
VTX00003388,137,Cirrus,Sport,White,31500,2026-09-08,22,In Stock
VTX00003389,137,Cirrus,Limited,Silver,31500,2026-07-28,64,In Stock
VTX00003390,137,Cirrus,Sport,Black,31500,2026-09-24,6,In Stock
VTX00003391,137,Cirrus,Sport,Silver,31500,2026-09-16,14,In Stock
VTX00003392,137,Cirrus,Sport,Black,31500,2026-08-03,58,In Stock
VTX00003393,137,Cirrus,Limited,Black,31500,2026-09-04,26,In Transit
VTX00003394,137,Cirrus,Base,Red,31500,2026-09-21,9,In Stock
VTX00003395,137,Cirrus,Sport,Red,31500,2026-08-06,55,In Stock
VTX00003396,137,Cirrus,Sport,Blue,31500,2026-09-06,24,Hold
VTX00003397,137,Cirrus,Base,Black,31500,2026-08-13,48,In Stock
VTX00003398,137,Dune,Limited,Red,38900,2026-09-07,23,In Stock
VTX00003399,137,Dune,Base,White,38900,2026-08-09,52,In Stock
VTX00003400,137,Dune,Base,White,38900,2026-08-31,30,In Transit
VTX00003401,137,Dune,Limited,Blue,38900,2026-08-08,53,In Stock
VTX00003402,137,Dune,Sport,Silver,38900,2026-07-25,67,In Stock
VTX00003403,137,Dune,Sport,Black,38900,2026-09-15,15,In Stock
VTX00003404,137,Dune,Base,Blue,38900,2026-08-13,48,Hold
VTX00003405,137,Dune,Limited,Silver,38900,2026-08-25,36,In Stock
VTX00003406,137,Everest,Limited,Blue,52500,2026-08-26,35,In Transit
VTX00003407,137,Everest,Sport,Silver,52500,2026-08-24,37,In Stock
VTX00003408,137,Everest,Base,White,52500,2026-09-23,7,In Stock
VTX00003409,137,Everest,Sport,Blue,52500,2026-09-12,18,In Stock
VTX00003410,137,Everest,Base,White,52500,2026-09-09,21,Hold
VTX00003411,137,Everest,Sport,Black,52500,2026-08-25,36,In Stock
VTX00003412,137,Everest,Sport,Silver,52500,2026-08-20,41,In Stock
VTX00003413,137,Flux EV,Base,Silver,47900,2026-08-04,57,In Stock
VTX00003414,137,Flux EV,Base,Red,47900,2026-08-27,34,In Transit
VTX00003415,137,Flux EV,Limited,Silver,47900,2026-09-26,4,In Stock
VTX00003416,137,Granite,Sport,Red,43500,2026-09-04,26,In Stock
VTX00003417,137,Granite,Base,Blue,43500,2026-08-26,35,In Stock
VTX00003418,137,Granite,Sport,Silver,43500,2026-07-31,61,In Stock
VTX00003419,137,Granite,Base,Red,43500,2026-09-16,14,In Stock
VTX00003420,137,Granite,Base,Red,43500,2026-08-30,31,In Stock
VTX00003421,137,Granite,Sport,Blue,43500,2026-09-09,21,In Stock
VTX00003422,137,Harbor,Sport,Blue,32900,2026-09-13,17,In Stock
VTX00003423,138,Aria,Base,Red,24500,2026-06-06,116,In Stock
VTX00003424,138,Aria,Base,Black,24500,2026-05-17,136,In Stock
VTX00003425,138,Aria,Limited,Silver,24500,2026-08-24,37,In Stock
VTX00003426,138,Aria,Base,Gray,24500,2026-09-11,19,In Stock
VTX00003427,138,Aria,Base,Silver,24500,2026-06-05,117,In Stock
VTX00003428,138,Aria,Limited,Blue,24500,2026-07-07,85,In Stock
VTX00003429,138,Aria,Limited,Gray,24500,2026-08-03,58,In Stock
VTX00003430,138,Aria,Sport,Silver,24500,2026-09-03,27,In Stock
VTX00003431,138,Aria,Sport,White,24500,2026-07-13,79,In Stock
VTX00003432,138,Aria,Sport,Blue,24500,2026-05-28,125,In Stock
VTX00003433,138,Aria,Sport,Silver,24500,2026-08-16,45,In Stock
VTX00003434,138,Aria,Limited,Black,24500,2026-07-25,67,In Stock
VTX00003435,138,Aria,Base,Black,24500,2026-07-31,61,In Stock
VTX00003436,138,Aria,Sport,Red,24500,2026-08-09,52,In Stock
VTX00003437,138,Aria,Sport,Black,24500,2026-08-06,55,In Transit
VTX00003438,138,Aria,Sport,Silver,24500,2026-07-01,91,In Stock
VTX00003439,138,Aria,Limited,White,24500,2026-08-28,33,In Stock
VTX00003440,138,Aria,Sport,White,24500,2026-02-28,214,In Stock
VTX00003441,138,Aria,Base,Blue,24500,2026-08-24,37,In Stock
VTX00003442,138,Aria,Base,Red,24500,2026-07-29,63,In Stock
VTX00003443,138,Aria,Sport,Blue,24500,2026-05-27,126,In Stock
VTX00003444,138,Aria,Sport,Red,24500,2026-08-27,34,In Stock
VTX00003445,138,Aria,Base,Red,24500,2026-07-04,88,In Stock
VTX00003446,138,Aria,Base,Gray,24500,2026-09-03,27,In Stock
VTX00003447,138,Aria,Sport,Blue,24500,2026-06-26,96,In Stock
VTX00003448,138,Aria,Sport,Gray,24500,2026-06-11,111,In Stock
VTX00003449,138,Aria,Sport,White,24500,2026-08-21,40,In Stock
VTX00003450,138,Aria,Sport,Silver,24500,2026-08-08,53,In Stock
VTX00003451,138,Aria,Sport,Blue,24500,2026-07-14,78,In Transit
VTX00003452,138,Aria,Limited,White,24500,2026-08-02,59,In Stock
VTX00003453,138,Aria,Base,Black,24500,2026-08-27,34,In Stock
VTX00003454,138,Aria,Sport,Red,24500,2026-08-04,57,In Stock
VTX00003455,138,Aria,Base,Black,24500,2026-07-08,84,In Stock
VTX00003456,138,Aria,Sport,Silver,24500,2026-04-23,160,In Stock
VTX00003457,138,Brisa,Sport,Black,29900,2026-09-07,23,In Stock
VTX00003458,138,Brisa,Base,Blue,29900,2026-06-22,100,In Stock
VTX00003459,138,Brisa,Base,White,29900,2026-02-15,227,In Stock
VTX00003460,138,Brisa,Base,Red,29900,2026-06-19,103,In Stock
VTX00003461,138,Brisa,Base,Red,29900,2026-07-03,89,In Stock
VTX00003462,138,Brisa,Sport,Gray,29900,2026-07-05,87,In Transit
VTX00003463,138,Brisa,Limited,Red,29900,2026-06-29,93,In Stock
VTX00003464,138,Brisa,Sport,Gray,29900,2026-06-14,108,In Stock
VTX00003465,138,Cirrus,Sport,Blue,31500,2026-08-09,52,In Stock
VTX00003466,138,Cirrus,Base,Gray,31500,2026-06-07,115,In Stock
VTX00003467,138,Cirrus,Limited,Silver,31500,2026-07-11,81,In Transit
VTX00003468,138,Cirrus,Sport,White,31500,2026-08-08,53,In Stock
VTX00003469,138,Cirrus,Base,Red,31500,2026-02-27,215,In Stock
VTX00003470,138,Cirrus,Sport,Blue,31500,2026-08-12,49,In Stock
VTX00003471,138,Cirrus,Base,Black,31500,2026-08-20,41,In Stock
VTX00003472,138,Cirrus,Base,Silver,31500,2026-06-23,99,In Stock
VTX00003473,138,Cirrus,Base,Gray,31500,2026-07-17,75,In Stock
VTX00003474,138,Cirrus,Limited,Silver,31500,2026-08-31,30,In Stock
VTX00003475,138,Cirrus,Sport,Red,31500,2026-07-11,81,In Stock
VTX00003476,138,Dune,Sport,Gray,38900,2026-06-08,114,In Stock
VTX00003477,138,Dune,Base,Gray,38900,2026-08-30,31,In Stock
VTX00003478,138,Dune,Sport,Gray,38900,2026-05-21,132,In Stock
VTX00003479,138,Dune,Limited,Gray,38900,2026-09-06,24,In Stock
VTX00003480,138,Dune,Sport,Gray,38900,2026-07-30,62,In Stock
VTX00003481,138,Dune,Base,Gray,38900,2026-07-30,62,In Stock
VTX00003482,138,Dune,Sport,Blue,38900,2026-08-16,45,In Stock
VTX00003483,138,Dune,Sport,Blue,38900,2026-07-05,87,In Stock
VTX00003484,138,Dune,Limited,Gray,38900,2026-07-02,90,In Stock
VTX00003485,138,Everest,Base,Silver,52500,2026-08-23,38,In Transit
VTX00003486,138,Everest,Limited,Gray,52500,2026-06-18,104,In Stock
VTX00003487,138,Everest,Sport,Red,52500,2026-05-21,132,In Stock
VTX00003488,138,Everest,Sport,Red,52500,2026-08-26,35,In Stock
VTX00003489,138,Everest,Sport,White,52500,2026-06-18,104,In Stock
VTX00003490,138,Everest,Limited,White,52500,2026-07-16,76,In Stock
VTX00003491,138,Everest,Base,Silver,52500,2026-07-31,61,In Stock
VTX00003492,138,Everest,Limited,Gray,52500,2026-07-14,78,In Stock
VTX00003493,138,Everest,Base,Black,52500,2026-08-11,50,In Stock
VTX00003494,138,Everest,Base,Red,52500,2026-07-27,65,In Stock
VTX00003495,138,Everest,Sport,Blue,52500,2026-04-24,159,In Stock
VTX00003496,138,Everest,Base,White,52500,2026-07-12,80,In Transit
VTX00003497,138,Everest,Base,Red,52500,2026-09-04,26,In Transit
VTX00003498,138,Everest,Sport,Blue,52500,2026-07-06,86,In Stock
VTX00003499,138,Everest,Sport,Silver,52500,2026-08-29,32,In Stock
VTX00003500,138,Flux EV,Base,Blue,47900,2026-09-03,27,In Stock
VTX00003501,138,Flux EV,Sport,Red,47900,2026-06-10,112,In Stock
VTX00003502,138,Flux EV,Sport,Blue,47900,2025-09-21,374,In Stock
VTX00003503,138,Flux EV,Base,Gray,47900,2026-07-30,62,In Transit
VTX00003504,138,Flux EV,Base,White,47900,2026-08-26,35,In Stock
VTX00003505,138,Flux EV,Limited,Silver,47900,2026-08-31,30,In Stock
VTX00003506,138,Flux EV,Limited,Blue,47900,2026-06-14,108,In Stock
VTX00003507,138,Flux EV,Base,Silver,47900,2026-08-04,57,In Transit
VTX00003508,138,Flux EV,Limited,Blue,47900,2026-07-19,73,In Transit
VTX00003509,138,Granite,Base,White,43500,2026-07-24,68,In Stock
VTX00003510,138,Granite,Base,White,43500,2026-09-15,15,In Stock
VTX00003511,138,Granite,Limited,Gray,43500,2026-09-02,28,In Transit
VTX00003512,138,Granite,Sport,Red,43500,2026-08-24,37,In Stock
VTX00003513,138,Granite,Sport,Red,43500,2026-09-18,12,In Stock
VTX00003514,138,Granite,Base,Gray,43500,2026-09-02,28,In Stock
VTX00003515,138,Granite,Base,Silver,43500,2026-08-21,40,Hold
VTX00003516,138,Granite,Limited,Gray,43500,2026-07-07,85,In Stock
VTX00003517,138,Granite,Base,Gray,43500,2026-04-01,182,In Stock
VTX00003518,138,Granite,Sport,Blue,43500,2026-07-27,65,In Stock
VTX00003519,138,Granite,Sport,Silver,43500,2026-05-28,125,In Stock
VTX00003520,138,Granite,Base,Black,43500,2026-07-24,68,In Stock
VTX00003521,138,Granite,Base,Red,43500,2026-03-25,189,In Stock
VTX00003522,138,Granite,Base,Black,43500,2026-05-13,140,In Stock
VTX00003523,138,Granite,Base,Gray,43500,2026-02-09,233,In Stock
VTX00003524,138,Granite,Base,Gray,43500,2026-09-05,25,In Stock
VTX00003525,138,Granite,Base,Silver,43500,2026-08-17,44,In Stock
VTX00003526,138,Granite,Limited,White,43500,2026-06-22,100,In Transit
VTX00003527,138,Granite,Sport,Gray,43500,2026-09-03,27,In Stock
VTX00003528,138,Granite,Base,White,43500,2026-02-24,218,In Stock
VTX00003529,138,Granite,Limited,Blue,43500,2026-08-27,34,In Stock
VTX00003530,138,Granite,Limited,Blue,43500,2026-08-26,35,In Stock
VTX00003531,138,Granite,Sport,White,43500,2026-09-20,10,In Stock
VTX00003532,138,Granite,Sport,Red,43500,2026-07-05,87,In Stock
VTX00003533,138,Granite,Base,Blue,43500,2026-08-02,59,In Stock
VTX00003534,138,Granite,Base,Gray,43500,2026-08-28,33,In Stock
VTX00003535,138,Granite,Base,Black,43500,2026-05-15,138,In Stock
VTX00003536,138,Granite,Base,Silver,43500,2026-09-15,15,In Stock
VTX00003537,138,Granite,Sport,Black,43500,2026-07-19,73,In Stock
VTX00003538,138,Granite,Limited,Blue,43500,2026-07-16,76,In Stock
VTX00003539,138,Harbor,Base,White,32900,2026-08-17,44,In Stock
VTX00003540,138,Harbor,Base,Black,32900,2026-08-14,47,In Stock
VTX00003541,138,Harbor,Sport,Gray,32900,2026-06-30,92,In Stock
VTX00003542,138,Harbor,Base,Silver,32900,2026-08-18,43,In Stock
VTX00003543,138,Harbor,Base,Blue,32900,2026-08-23,38,In Stock
VTX00003544,138,Harbor,Sport,Gray,32900,2026-08-11,50,In Stock
VTX00003545,139,Aria,Base,Red,24500,2026-05-24,129,In Stock
VTX00003546,139,Aria,Sport,Silver,24500,2026-06-08,114,In Stock
VTX00003547,139,Aria,Base,Red,24500,2026-04-20,163,In Stock
VTX00003548,139,Aria,Base,Silver,24500,2026-05-31,122,In Stock
VTX00003549,139,Aria,Base,Silver,24500,2026-05-25,128,In Stock
VTX00003550,139,Aria,Base,Black,24500,2026-07-30,62,In Stock
VTX00003551,139,Aria,Sport,Gray,24500,2026-04-18,165,Hold
VTX00003552,139,Aria,Limited,Silver,24500,2026-07-27,65,In Stock
VTX00003553,139,Aria,Sport,Gray,24500,2026-07-31,61,In Stock
VTX00003554,139,Aria,Base,Gray,24500,2026-04-30,153,In Stock
VTX00003555,139,Aria,Base,Red,24500,2026-08-21,40,In Stock
VTX00003556,139,Aria,Base,Red,24500,2026-09-21,9,In Stock
VTX00003557,139,Aria,Base,Gray,24500,2026-08-07,54,In Stock
VTX00003558,139,Aria,Sport,Blue,24500,2026-08-17,44,In Stock
VTX00003559,139,Aria,Base,Gray,24500,2026-07-30,62,In Stock
VTX00003560,139,Aria,Base,Black,24500,2026-07-26,66,In Stock
VTX00003561,139,Aria,Sport,Red,24500,2026-09-22,8,In Stock
VTX00003562,139,Aria,Sport,White,24500,2026-08-22,39,In Stock
VTX00003563,139,Aria,Base,Black,24500,2026-09-20,10,In Stock
VTX00003564,139,Aria,Sport,Red,24500,2026-04-13,170,In Transit
VTX00003565,139,Aria,Sport,Red,24500,2026-07-14,78,In Stock
VTX00003566,139,Aria,Sport,Silver,24500,2026-07-06,86,In Stock
VTX00003567,139,Aria,Sport,Black,24500,2026-05-21,132,In Stock
VTX00003568,139,Aria,Limited,Red,24500,2026-08-27,34,In Stock
VTX00003569,139,Aria,Base,Silver,24500,2026-03-11,203,In Stock
VTX00003570,139,Aria,Limited,Blue,24500,2026-05-17,136,In Stock
VTX00003571,139,Aria,Base,Gray,24500,2026-09-12,18,In Stock
VTX00003572,139,Aria,Sport,Black,24500,2026-07-19,73,In Stock
VTX00003573,139,Aria,Sport,Red,24500,2026-09-30,0,In Stock
VTX00003574,139,Aria,Sport,Silver,24500,2026-06-29,93,In Stock
VTX00003575,139,Aria,Base,White,24500,2026-07-26,66,In Stock
VTX00003576,139,Aria,Base,Blue,24500,2026-08-13,48,In Stock
VTX00003577,139,Aria,Base,Black,24500,2026-09-10,20,In Stock
VTX00003578,139,Aria,Base,Silver,24500,2026-06-23,99,In Stock
VTX00003579,139,Aria,Limited,Red,24500,2026-07-08,84,In Stock
VTX00003580,139,Aria,Base,Red,24500,2026-08-08,53,In Stock
VTX00003581,139,Aria,Sport,Gray,24500,2026-08-27,34,In Stock
VTX00003582,139,Aria,Sport,Black,24500,2026-01-05,268,In Stock
VTX00003583,139,Aria,Sport,Red,24500,2026-08-02,59,In Stock
VTX00003584,139,Aria,Sport,Black,24500,2026-09-01,29,In Stock
VTX00003585,139,Aria,Base,Gray,24500,2026-04-12,171,In Stock
VTX00003586,139,Aria,Sport,Gray,24500,2026-05-28,125,In Stock
VTX00003587,139,Aria,Base,Blue,24500,2026-04-06,177,In Stock
VTX00003588,139,Aria,Base,Black,24500,2026-08-30,31,In Stock
VTX00003589,139,Brisa,Limited,Gray,29900,2026-05-23,130,In Stock
VTX00003590,139,Brisa,Base,Silver,29900,2026-03-07,207,In Stock
VTX00003591,139,Brisa,Limited,Blue,29900,2026-05-10,143,In Stock
VTX00003592,139,Brisa,Base,Blue,29900,2026-09-03,27,In Stock
VTX00003593,139,Brisa,Limited,Gray,29900,2026-05-06,147,In Stock
VTX00003594,139,Brisa,Sport,Blue,29900,2026-07-31,61,In Stock
VTX00003595,139,Brisa,Limited,White,29900,2026-07-26,66,In Stock
VTX00003596,139,Brisa,Base,Gray,29900,2026-09-01,29,In Stock
VTX00003597,139,Brisa,Limited,Silver,29900,2026-07-24,68,In Stock
VTX00003598,139,Brisa,Base,Blue,29900,2026-06-27,95,In Transit
VTX00003599,139,Brisa,Sport,Black,29900,2026-09-15,15,In Transit
VTX00003600,139,Brisa,Base,Red,29900,2026-08-27,34,In Stock
VTX00003601,139,Brisa,Limited,Black,29900,2026-08-16,45,In Stock
VTX00003602,139,Brisa,Base,Blue,29900,2026-06-15,107,In Stock
VTX00003603,139,Brisa,Limited,Blue,29900,2026-09-05,25,In Stock
VTX00003604,139,Brisa,Sport,Gray,29900,2026-08-13,48,In Stock
VTX00003605,139,Brisa,Limited,Red,29900,2026-07-30,62,In Stock
VTX00003606,139,Brisa,Sport,White,29900,2026-05-09,144,In Stock
VTX00003607,139,Brisa,Sport,Red,29900,2026-09-05,25,In Stock
VTX00003608,139,Brisa,Sport,Red,29900,2026-07-28,64,In Stock
VTX00003609,139,Brisa,Sport,Blue,29900,2026-03-24,190,In Stock
VTX00003610,139,Cirrus,Sport,Black,31500,2026-06-26,96,In Stock
VTX00003611,139,Cirrus,Base,White,31500,2026-08-17,44,In Stock
VTX00003612,139,Cirrus,Sport,Black,31500,2026-08-05,56,In Stock
VTX00003613,139,Cirrus,Limited,Blue,31500,2026-09-16,14,In Transit
VTX00003614,139,Cirrus,Sport,Gray,31500,2026-09-13,17,In Stock
VTX00003615,139,Cirrus,Base,Blue,31500,2026-08-12,49,In Stock
VTX00003616,139,Cirrus,Limited,Blue,31500,2026-08-04,57,In Stock
VTX00003617,139,Cirrus,Sport,Blue,31500,2026-08-13,48,In Stock
VTX00003618,139,Cirrus,Limited,Blue,31500,2026-06-08,114,In Stock
VTX00003619,139,Cirrus,Sport,White,31500,2026-09-03,27,Hold
VTX00003620,139,Cirrus,Sport,Silver,31500,2026-08-06,55,In Stock
VTX00003621,139,Cirrus,Base,Red,31500,2026-06-22,100,In Transit
VTX00003622,139,Cirrus,Sport,White,31500,2026-08-21,40,In Stock
VTX00003623,139,Cirrus,Limited,Red,31500,2026-09-06,24,In Stock
VTX00003624,139,Cirrus,Base,Blue,31500,2026-04-01,182,In Stock
VTX00003625,139,Cirrus,Limited,Gray,31500,2026-07-11,81,In Stock
VTX00003626,139,Cirrus,Base,Silver,31500,2026-05-25,128,In Stock
VTX00003627,139,Cirrus,Base,White,31500,2026-08-01,60,In Stock
VTX00003628,139,Cirrus,Base,Red,31500,2026-07-04,88,In Stock
VTX00003629,139,Cirrus,Sport,Silver,31500,2026-08-31,30,In Stock
VTX00003630,139,Cirrus,Base,Blue,31500,2026-08-20,41,In Stock
VTX00003631,139,Cirrus,Base,Black,31500,2026-01-06,267,In Transit
VTX00003632,139,Cirrus,Sport,Silver,31500,2026-08-06,55,In Stock
VTX00003633,139,Cirrus,Base,White,31500,2026-07-13,79,In Stock
VTX00003634,139,Cirrus,Sport,Blue,31500,2026-08-05,56,In Stock
VTX00003635,139,Cirrus,Sport,Blue,31500,2026-09-12,18,In Transit
VTX00003636,139,Cirrus,Sport,Gray,31500,2026-08-18,43,In Stock
VTX00003637,139,Cirrus,Base,Red,31500,2026-09-13,17,In Transit
VTX00003638,139,Cirrus,Sport,Silver,31500,2026-06-21,101,In Stock
VTX00003639,139,Cirrus,Sport,Gray,31500,2026-07-30,62,In Stock
VTX00003640,139,Cirrus,Sport,Red,31500,2026-06-07,115,In Stock
VTX00003641,139,Cirrus,Limited,Red,31500,2026-06-01,121,In Stock
VTX00003642,139,Cirrus,Sport,Gray,31500,2026-06-12,110,In Stock
VTX00003643,139,Cirrus,Base,Silver,31500,2026-05-17,136,In Transit
VTX00003644,139,Cirrus,Base,Gray,31500,2026-07-22,70,In Stock
VTX00003645,139,Cirrus,Base,White,31500,2026-08-04,57,In Stock
VTX00003646,139,Cirrus,Sport,White,31500,2026-09-29,1,In Stock
VTX00003647,139,Cirrus,Sport,Blue,31500,2026-06-21,101,In Stock
VTX00003648,139,Cirrus,Limited,Blue,31500,2026-08-02,59,In Stock
VTX00003649,139,Cirrus,Limited,Black,31500,2026-09-09,21,In Transit
VTX00003650,139,Cirrus,Base,Red,31500,2026-06-06,116,In Transit
VTX00003651,139,Cirrus,Sport,Silver,31500,2026-07-06,86,In Stock
VTX00003652,139,Cirrus,Base,Black,31500,2026-02-23,219,In Stock
VTX00003653,139,Cirrus,Base,Blue,31500,2026-09-10,20,In Stock
VTX00003654,139,Cirrus,Sport,Black,31500,2026-02-06,236,In Stock
VTX00003655,139,Cirrus,Base,Silver,31500,2026-09-08,22,In Stock
VTX00003656,139,Cirrus,Sport,Gray,31500,2026-09-02,28,In Stock
VTX00003657,139,Cirrus,Sport,Silver,31500,2026-05-05,148,In Stock
VTX00003658,139,Cirrus,Base,Black,31500,2026-09-22,8,In Stock
VTX00003659,139,Cirrus,Base,Red,31500,2026-08-09,52,In Stock
VTX00003660,139,Cirrus,Base,Red,31500,2026-07-22,70,In Stock
VTX00003661,139,Cirrus,Sport,Red,31500,2026-08-26,35,In Stock
VTX00003662,139,Cirrus,Limited,Black,31500,2026-09-03,27,In Stock
VTX00003663,139,Dune,Base,Red,38900,2026-05-24,129,In Stock
VTX00003664,139,Dune,Limited,Blue,38900,2026-04-21,162,In Stock
VTX00003665,139,Dune,Base,Gray,38900,2026-08-08,53,In Stock
VTX00003666,139,Dune,Base,Black,38900,2026-08-23,38,In Stock
VTX00003667,139,Dune,Base,White,38900,2026-09-12,18,In Stock
VTX00003668,139,Dune,Base,Red,38900,2026-07-28,64,In Stock
VTX00003669,139,Dune,Base,Red,38900,2026-08-30,31,In Stock
VTX00003670,139,Dune,Base,Red,38900,2026-09-23,7,In Stock
VTX00003671,139,Dune,Base,Blue,38900,2026-08-09,52,In Stock
VTX00003672,139,Dune,Base,Red,38900,2026-05-31,122,In Stock
VTX00003673,139,Dune,Base,Black,38900,2026-08-16,45,In Stock
VTX00003674,139,Dune,Base,Gray,38900,2026-08-23,38,In Stock
VTX00003675,139,Dune,Base,White,38900,2026-06-06,116,In Stock
VTX00003676,139,Dune,Base,Silver,38900,2026-08-09,52,In Stock
VTX00003677,139,Dune,Sport,White,38900,2026-06-16,106,Hold
VTX00003678,139,Dune,Sport,Black,38900,2026-09-08,22,In Stock
VTX00003679,139,Dune,Limited,Silver,38900,2026-01-04,269,In Transit
VTX00003680,139,Dune,Base,Black,38900,2026-07-26,66,In Stock
VTX00003681,139,Dune,Limited,Silver,38900,2026-06-16,106,In Transit
VTX00003682,139,Dune,Sport,White,38900,2026-06-23,99,In Stock
VTX00003683,139,Dune,Base,Gray,38900,2026-04-23,160,In Stock
VTX00003684,139,Dune,Base,Silver,38900,2025-11-24,310,In Stock
VTX00003685,139,Dune,Base,Gray,38900,2026-09-17,13,In Stock
VTX00003686,139,Dune,Sport,Red,38900,2026-08-18,43,In Stock
VTX00003687,139,Dune,Sport,Red,38900,2026-08-17,44,In Stock
VTX00003688,139,Dune,Limited,Red,38900,2026-06-16,106,In Stock
VTX00003689,139,Dune,Base,Red,38900,2026-06-26,96,In Stock
VTX00003690,139,Dune,Sport,Red,38900,2026-03-12,202,In Stock
VTX00003691,139,Dune,Base,Silver,38900,2026-08-05,56,In Stock
VTX00003692,139,Dune,Base,Blue,38900,2026-04-09,174,In Stock
VTX00003693,139,Dune,Sport,Red,38900,2026-07-12,80,In Stock
VTX00003694,139,Dune,Base,Black,38900,2026-08-07,54,In Stock
VTX00003695,139,Dune,Base,Black,38900,2026-07-23,69,In Stock
VTX00003696,139,Dune,Sport,Black,38900,2026-08-24,37,In Stock
VTX00003697,139,Dune,Base,White,38900,2026-05-30,123,In Stock
VTX00003698,139,Dune,Sport,Silver,38900,2026-05-11,142,In Stock
VTX00003699,139,Dune,Limited,Black,38900,2026-09-15,15,In Stock
VTX00003700,139,Dune,Base,Silver,38900,2026-09-16,14,In Stock
VTX00003701,139,Dune,Base,White,38900,2026-05-03,150,In Stock
VTX00003702,139,Dune,Base,Gray,38900,2026-09-09,21,In Stock
VTX00003703,139,Everest,Sport,White,52500,2026-08-14,47,In Stock
VTX00003704,139,Everest,Base,Silver,52500,2026-08-26,35,In Stock
VTX00003705,139,Everest,Sport,Silver,52500,2026-07-31,61,In Transit
VTX00003706,139,Everest,Base,Red,52500,2026-03-21,193,In Stock
VTX00003707,139,Everest,Base,White,52500,2026-08-08,53,In Stock
VTX00003708,139,Everest,Base,Blue,52500,2026-06-11,111,In Transit
VTX00003709,139,Everest,Sport,Black,52500,2026-08-01,60,In Stock
VTX00003710,139,Everest,Sport,White,52500,2026-08-15,46,In Stock
VTX00003711,139,Everest,Limited,Black,52500,2026-06-15,107,In Transit
VTX00003712,139,Flux EV,Limited,Red,47900,2026-07-04,88,Hold
VTX00003713,139,Flux EV,Base,Red,47900,2026-08-05,56,In Stock
VTX00003714,139,Flux EV,Sport,Blue,47900,2026-09-05,25,In Stock
VTX00003715,139,Flux EV,Sport,Red,47900,2026-07-29,63,In Transit
VTX00003716,139,Flux EV,Limited,Gray,47900,2026-05-22,131,In Stock
VTX00003717,139,Flux EV,Base,Blue,47900,2026-06-01,121,In Stock
VTX00003718,139,Flux EV,Limited,Gray,47900,2026-07-21,71,In Stock
VTX00003719,139,Granite,Limited,Gray,43500,2026-06-28,94,In Stock
VTX00003720,139,Granite,Sport,Silver,43500,2026-07-23,69,In Stock
VTX00003721,139,Granite,Limited,Black,43500,2026-05-26,127,In Stock
VTX00003722,139,Granite,Limited,White,43500,2026-08-19,42,In Transit
VTX00003723,139,Granite,Base,Black,43500,2026-05-17,136,In Stock
VTX00003724,139,Granite,Sport,Red,43500,2026-07-31,61,In Stock
VTX00003725,139,Granite,Base,White,43500,2026-08-27,34,In Stock
VTX00003726,139,Granite,Sport,Black,43500,2026-07-04,88,In Stock
VTX00003727,139,Granite,Base,Blue,43500,2026-05-23,130,In Stock
VTX00003728,139,Granite,Base,Red,43500,2026-05-06,147,Hold
VTX00003729,139,Granite,Base,Red,43500,2026-09-21,9,In Stock
VTX00003730,139,Granite,Sport,Black,43500,2026-07-17,75,In Stock
VTX00003731,139,Granite,Sport,Silver,43500,2026-09-12,18,In Stock
VTX00003732,139,Granite,Sport,Blue,43500,2026-08-22,39,In Stock
VTX00003733,139,Granite,Limited,Gray,43500,2026-05-17,136,In Stock
VTX00003734,139,Granite,Sport,White,43500,2026-05-05,148,In Transit
VTX00003735,139,Granite,Sport,Blue,43500,2026-07-27,65,In Stock
VTX00003736,139,Granite,Limited,Blue,43500,2026-04-22,161,Hold
VTX00003737,139,Granite,Base,Gray,43500,2026-07-29,63,Hold
VTX00003738,139,Granite,Sport,White,43500,2026-07-07,85,In Stock
VTX00003739,139,Granite,Base,Blue,43500,2026-07-31,61,In Stock
VTX00003740,139,Granite,Limited,Blue,43500,2026-04-27,156,In Stock
VTX00003741,139,Granite,Base,Silver,43500,2026-07-21,71,In Stock
VTX00003742,139,Granite,Base,Black,43500,2026-08-18,43,In Stock
VTX00003743,139,Granite,Base,White,43500,2026-07-14,78,In Stock
VTX00003744,139,Granite,Limited,Gray,43500,2026-08-19,42,In Stock
VTX00003745,139,Granite,Sport,Gray,43500,2026-03-05,209,In Stock
VTX00003746,139,Granite,Base,Black,43500,2026-07-23,69,In Stock
VTX00003747,139,Granite,Base,Gray,43500,2026-05-31,122,Hold
VTX00003748,139,Granite,Base,Black,43500,2026-07-29,63,In Stock
VTX00003749,139,Granite,Base,Black,43500,2026-07-09,83,In Stock
VTX00003750,139,Granite,Sport,Red,43500,2026-09-07,23,In Transit
VTX00003751,139,Granite,Limited,White,43500,2026-07-24,68,In Stock
VTX00003752,139,Granite,Sport,Blue,43500,2026-08-12,49,In Stock
VTX00003753,139,Granite,Base,Red,43500,2026-02-19,223,In Stock
VTX00003754,139,Granite,Base,Blue,43500,2026-07-02,90,In Stock
VTX00003755,139,Granite,Base,Black,43500,2026-08-28,33,In Transit
VTX00003756,139,Harbor,Sport,Red,32900,2026-06-11,111,In Stock
VTX00003757,139,Harbor,Base,Gray,32900,2026-08-07,54,In Stock
VTX00003758,139,Harbor,Limited,Red,32900,2026-08-30,31,In Transit
VTX00003759,139,Harbor,Base,White,32900,2026-06-03,119,In Stock
VTX00003760,139,Harbor,Base,Gray,32900,2026-07-09,83,In Stock
VTX00003761,139,Harbor,Sport,White,32900,2026-08-20,41,In Stock
VTX00003762,139,Harbor,Sport,Gray,32900,2026-05-13,140,In Stock
VTX00003763,139,Harbor,Limited,Black,32900,2026-09-20,10,In Stock
VTX00003764,139,Harbor,Limited,Black,32900,2026-07-07,85,In Stock
VTX00003765,139,Harbor,Sport,Blue,32900,2026-08-14,47,In Transit
VTX00003766,139,Harbor,Sport,Red,32900,2026-07-13,79,In Stock
VTX00003767,139,Harbor,Base,Gray,32900,2026-08-29,32,In Transit
VTX00003768,139,Harbor,Sport,Black,32900,2026-05-30,123,In Stock
VTX00003769,139,Harbor,Sport,Blue,32900,2026-08-04,57,In Stock
VTX00003770,139,Harbor,Sport,Silver,32900,2026-03-17,197,In Stock
VTX00003771,139,Harbor,Limited,Red,32900,2026-03-12,202,In Stock
VTX00003772,139,Harbor,Limited,Blue,32900,2026-09-29,1,In Transit
VTX00003773,140,Aria,Base,Black,24500,2026-04-28,155,In Stock
VTX00003774,140,Aria,Sport,Blue,24500,2026-07-29,63,In Stock
VTX00003775,140,Aria,Limited,Gray,24500,2026-08-21,40,In Stock
VTX00003776,140,Aria,Sport,White,24500,2026-08-10,51,In Stock
VTX00003777,140,Aria,Base,Silver,24500,2026-08-04,57,In Stock
VTX00003778,140,Aria,Sport,Silver,24500,2026-07-01,91,In Stock
VTX00003779,140,Aria,Base,White,24500,2026-05-02,151,In Stock
VTX00003780,140,Aria,Base,Gray,24500,2026-08-17,44,In Stock
VTX00003781,140,Aria,Base,White,24500,2026-04-08,175,In Stock
VTX00003782,140,Aria,Sport,Red,24500,2026-04-11,172,In Stock
VTX00003783,140,Aria,Limited,Black,24500,2026-05-11,142,In Stock
VTX00003784,140,Aria,Limited,Red,24500,2026-06-03,119,In Stock
VTX00003785,140,Aria,Limited,Black,24500,2026-06-17,105,In Stock
VTX00003786,140,Aria,Sport,Blue,24500,2026-08-27,34,In Stock
VTX00003787,140,Aria,Sport,Blue,24500,2026-08-10,51,In Stock
VTX00003788,140,Aria,Limited,Gray,24500,2026-08-07,54,In Stock
VTX00003789,140,Aria,Base,Red,24500,2026-09-01,29,In Stock
VTX00003790,140,Aria,Base,White,24500,2026-06-21,101,In Stock
VTX00003791,140,Aria,Base,Gray,24500,2026-04-13,170,In Stock
VTX00003792,140,Aria,Base,Black,24500,2026-09-29,1,In Stock
VTX00003793,140,Aria,Sport,White,24500,2026-08-20,41,In Stock
VTX00003794,140,Aria,Limited,White,24500,2026-07-21,71,In Stock
VTX00003795,140,Aria,Base,Blue,24500,2026-08-05,56,In Stock
VTX00003796,140,Aria,Base,White,24500,2026-06-23,99,In Stock
VTX00003797,140,Aria,Sport,Blue,24500,2026-07-24,68,In Stock
VTX00003798,140,Aria,Base,Gray,24500,2026-08-09,52,In Stock
VTX00003799,140,Aria,Base,Silver,24500,2026-08-08,53,In Stock
VTX00003800,140,Aria,Base,Blue,24500,2026-05-02,151,In Stock
VTX00003801,140,Aria,Base,Blue,24500,2026-09-15,15,In Stock
VTX00003802,140,Aria,Base,White,24500,2026-08-11,50,In Stock
VTX00003803,140,Aria,Sport,Gray,24500,2026-06-29,93,In Stock
VTX00003804,140,Aria,Base,White,24500,2026-08-31,30,In Transit
VTX00003805,140,Aria,Base,White,24500,2026-09-10,20,In Stock
VTX00003806,140,Aria,Sport,White,24500,2026-06-22,100,In Stock
VTX00003807,140,Aria,Limited,Silver,24500,2026-08-11,50,In Stock
VTX00003808,140,Aria,Sport,White,24500,2026-09-12,18,In Stock
VTX00003809,140,Aria,Limited,Black,24500,2026-07-31,61,In Stock
VTX00003810,140,Aria,Sport,Red,24500,2026-08-06,55,In Stock
VTX00003811,140,Aria,Sport,Red,24500,2026-07-23,69,In Stock
VTX00003812,140,Aria,Sport,Blue,24500,2026-08-20,41,In Stock
VTX00003813,140,Aria,Base,White,24500,2026-08-23,38,In Stock
VTX00003814,140,Aria,Sport,Red,24500,2026-06-04,118,In Stock
VTX00003815,140,Aria,Base,Gray,24500,2026-08-27,34,In Stock
VTX00003816,140,Aria,Base,Gray,24500,2026-08-09,52,In Stock
VTX00003817,140,Aria,Sport,Gray,24500,2026-07-15,77,In Stock
VTX00003818,140,Brisa,Base,Blue,29900,2026-04-06,177,In Stock
VTX00003819,140,Brisa,Base,Silver,29900,2026-08-31,30,In Stock
VTX00003820,140,Brisa,Limited,Blue,29900,2026-08-17,44,In Stock
VTX00003821,140,Brisa,Limited,White,29900,2026-05-01,152,In Stock
VTX00003822,140,Brisa,Limited,Gray,29900,2026-05-10,143,In Stock
VTX00003823,140,Brisa,Limited,Silver,29900,2026-08-31,30,In Stock
VTX00003824,140,Brisa,Sport,Gray,29900,2026-08-28,33,In Stock
VTX00003825,140,Brisa,Base,Red,29900,2026-08-28,33,In Stock
VTX00003826,140,Brisa,Base,Gray,29900,2026-05-18,135,In Stock
VTX00003827,140,Brisa,Sport,Silver,29900,2026-07-20,72,In Stock
VTX00003828,140,Brisa,Base,Blue,29900,2026-09-24,6,In Stock
VTX00003829,140,Brisa,Sport,Black,29900,2026-07-13,79,In Stock
VTX00003830,140,Brisa,Base,White,29900,2026-05-30,123,In Stock
VTX00003831,140,Brisa,Base,Red,29900,2026-06-15,107,In Stock
VTX00003832,140,Cirrus,Limited,Gray,31500,2026-05-25,128,In Stock
VTX00003833,140,Cirrus,Base,Blue,31500,2026-08-17,44,In Stock
VTX00003834,140,Cirrus,Base,Red,31500,2026-07-21,71,In Transit
VTX00003835,140,Cirrus,Sport,Black,31500,2026-09-02,28,In Stock
VTX00003836,140,Cirrus,Base,Gray,31500,2026-09-12,18,In Stock
VTX00003837,140,Cirrus,Base,Blue,31500,2026-05-16,137,In Stock
VTX00003838,140,Cirrus,Base,Red,31500,2026-09-11,19,In Stock
VTX00003839,140,Cirrus,Sport,Red,31500,2026-08-25,36,In Stock
VTX00003840,140,Cirrus,Base,Gray,31500,2026-07-11,81,In Stock
VTX00003841,140,Cirrus,Base,Silver,31500,2026-06-22,100,In Stock
VTX00003842,140,Cirrus,Sport,Black,31500,2026-05-29,124,In Transit
VTX00003843,140,Cirrus,Limited,Blue,31500,2026-08-15,46,In Stock
VTX00003844,140,Cirrus,Base,Blue,31500,2026-08-05,56,In Stock
VTX00003845,140,Cirrus,Sport,Blue,31500,2026-08-21,40,In Stock
VTX00003846,140,Cirrus,Limited,Gray,31500,2026-05-23,130,In Stock
VTX00003847,140,Cirrus,Limited,Silver,31500,2026-04-29,154,In Stock
VTX00003848,140,Cirrus,Sport,Black,31500,2026-06-15,107,In Stock
VTX00003849,140,Cirrus,Limited,Silver,31500,2026-05-24,129,In Stock
VTX00003850,140,Cirrus,Base,Blue,31500,2026-04-29,154,In Stock
VTX00003851,140,Cirrus,Sport,Black,31500,2026-05-11,142,In Stock
VTX00003852,140,Cirrus,Sport,Gray,31500,2026-08-21,40,In Stock
VTX00003853,140,Cirrus,Sport,Black,31500,2026-07-12,80,In Stock
VTX00003854,140,Cirrus,Sport,Silver,31500,2026-08-15,46,In Stock
VTX00003855,140,Cirrus,Sport,White,31500,2026-09-20,10,In Transit
VTX00003856,140,Cirrus,Base,Blue,31500,2026-08-18,43,In Stock
VTX00003857,140,Cirrus,Base,Gray,31500,2026-04-17,166,In Stock
VTX00003858,140,Cirrus,Sport,Black,31500,2026-06-17,105,In Stock
VTX00003859,140,Cirrus,Base,Silver,31500,2026-08-26,35,In Stock
VTX00003860,140,Cirrus,Base,Red,31500,2026-09-23,7,In Stock
VTX00003861,140,Cirrus,Base,Red,31500,2026-06-22,100,In Stock
VTX00003862,140,Cirrus,Base,Gray,31500,2026-08-31,30,In Transit
VTX00003863,140,Cirrus,Sport,Black,31500,2026-09-13,17,In Stock
VTX00003864,140,Cirrus,Sport,Black,31500,2026-08-28,33,In Stock
VTX00003865,140,Cirrus,Base,Silver,31500,2026-05-05,148,In Stock
VTX00003866,140,Cirrus,Base,Gray,31500,2026-04-23,160,In Stock
VTX00003867,140,Cirrus,Limited,Red,31500,2026-08-03,58,In Stock
VTX00003868,140,Cirrus,Base,Black,31500,2026-08-05,56,In Stock
VTX00003869,140,Cirrus,Limited,Blue,31500,2026-08-31,30,In Stock
VTX00003870,140,Cirrus,Base,Gray,31500,2026-08-22,39,In Stock
VTX00003871,140,Cirrus,Base,Black,31500,2026-07-29,63,In Stock
VTX00003872,140,Cirrus,Base,Blue,31500,2026-09-11,19,In Stock
VTX00003873,140,Cirrus,Base,Black,31500,2026-08-31,30,In Stock
VTX00003874,140,Cirrus,Sport,Black,31500,2026-08-12,49,In Stock
VTX00003875,140,Cirrus,Base,Blue,31500,2026-08-08,53,In Stock
VTX00003876,140,Cirrus,Base,Blue,31500,2026-04-09,174,In Stock
VTX00003877,140,Cirrus,Base,Gray,31500,2026-07-16,76,In Stock
VTX00003878,140,Cirrus,Base,White,31500,2026-08-23,38,In Stock
VTX00003879,140,Cirrus,Sport,Gray,31500,2026-07-27,65,In Stock
VTX00003880,140,Cirrus,Base,Black,31500,2026-05-29,124,In Stock
VTX00003881,140,Dune,Base,Silver,38900,2026-06-01,121,In Stock
VTX00003882,140,Dune,Sport,Red,38900,2026-08-21,40,In Stock
VTX00003883,140,Dune,Base,Silver,38900,2026-07-10,82,In Stock
VTX00003884,140,Dune,Sport,White,38900,2026-08-28,33,In Stock
VTX00003885,140,Dune,Base,Black,38900,2026-07-15,77,In Stock
VTX00003886,140,Dune,Sport,Black,38900,2026-06-29,93,In Stock
VTX00003887,140,Dune,Base,Red,38900,2026-08-28,33,In Stock
VTX00003888,140,Dune,Base,Gray,38900,2026-08-21,40,In Stock
VTX00003889,140,Dune,Base,Red,38900,2026-09-09,21,In Stock
VTX00003890,140,Dune,Base,White,38900,2026-07-04,88,In Stock
VTX00003891,140,Dune,Base,White,38900,2026-09-03,27,In Stock
VTX00003892,140,Dune,Base,Red,38900,2026-08-01,60,In Transit
VTX00003893,140,Dune,Limited,Silver,38900,2026-09-01,29,In Stock
VTX00003894,140,Dune,Base,Gray,38900,2026-08-06,55,In Stock
VTX00003895,140,Dune,Base,Black,38900,2026-09-17,13,In Stock
VTX00003896,140,Dune,Limited,Blue,38900,2026-09-22,8,In Transit
VTX00003897,140,Dune,Sport,Black,38900,2026-07-09,83,In Stock
VTX00003898,140,Dune,Sport,Gray,38900,2026-08-22,39,In Transit
VTX00003899,140,Everest,Sport,Gray,52500,2026-05-28,125,In Stock
VTX00003900,140,Everest,Base,Gray,52500,2026-02-16,226,In Transit
VTX00003901,140,Everest,Base,Gray,52500,2026-06-22,100,Hold
VTX00003902,140,Everest,Base,Blue,52500,2026-09-14,16,In Stock
VTX00003903,140,Everest,Limited,Blue,52500,2026-04-28,155,In Stock
VTX00003904,140,Everest,Sport,White,52500,2026-02-17,225,In Stock
VTX00003905,140,Everest,Base,Gray,52500,2026-08-15,46,In Stock
VTX00003906,140,Everest,Base,Gray,52500,2026-08-06,55,In Stock
VTX00003907,140,Everest,Sport,Gray,52500,2026-08-08,53,In Stock
VTX00003908,140,Everest,Sport,Silver,52500,2026-04-22,161,In Stock
VTX00003909,140,Everest,Base,Silver,52500,2026-07-19,73,In Stock
VTX00003910,140,Everest,Sport,Red,52500,2026-09-10,20,In Transit
VTX00003911,140,Everest,Sport,Red,52500,2026-08-09,52,In Stock
VTX00003912,140,Everest,Base,Blue,52500,2026-09-12,18,In Stock
VTX00003913,140,Everest,Base,White,52500,2026-02-27,215,In Stock
VTX00003914,140,Everest,Base,Silver,52500,2026-09-06,24,In Stock
VTX00003915,140,Everest,Limited,Silver,52500,2026-09-20,10,In Stock
VTX00003916,140,Everest,Limited,Gray,52500,2026-09-12,18,In Stock
VTX00003917,140,Everest,Base,Gray,52500,2026-09-13,17,In Transit
VTX00003918,140,Everest,Sport,Gray,52500,2026-05-28,125,In Stock
VTX00003919,140,Everest,Sport,Silver,52500,2026-05-31,122,In Stock
VTX00003920,140,Everest,Limited,Blue,52500,2026-05-21,132,In Stock
VTX00003921,140,Everest,Base,Gray,52500,2026-09-04,26,In Stock
VTX00003922,140,Everest,Limited,Gray,52500,2026-08-14,47,Hold
VTX00003923,140,Everest,Sport,Black,52500,2026-08-08,53,In Stock
VTX00003924,140,Everest,Base,Blue,52500,2026-08-13,48,In Stock
VTX00003925,140,Everest,Sport,Silver,52500,2026-06-17,105,In Stock
VTX00003926,140,Everest,Limited,Black,52500,2026-07-02,90,In Transit
VTX00003927,140,Everest,Base,Black,52500,2026-05-08,145,In Stock
VTX00003928,140,Flux EV,Base,Silver,47900,2026-08-08,53,In Stock
VTX00003929,140,Flux EV,Limited,White,47900,2026-07-16,76,In Stock
VTX00003930,140,Flux EV,Base,White,47900,2026-08-09,52,In Stock
VTX00003931,140,Flux EV,Base,Gray,47900,2026-07-15,77,In Stock
VTX00003932,140,Flux EV,Limited,Gray,47900,2026-06-14,108,Hold
VTX00003933,140,Flux EV,Sport,Black,47900,2026-09-09,21,In Stock
VTX00003934,140,Flux EV,Base,Gray,47900,2026-09-26,4,In Stock
VTX00003935,140,Flux EV,Base,Red,47900,2026-07-04,88,In Stock
VTX00003936,140,Flux EV,Base,Blue,47900,2026-08-14,47,In Stock
VTX00003937,140,Flux EV,Base,Black,47900,2026-08-19,42,In Stock
VTX00003938,140,Flux EV,Sport,White,47900,2026-08-22,39,In Stock
VTX00003939,140,Flux EV,Limited,Gray,47900,2026-06-18,104,In Stock
VTX00003940,140,Flux EV,Base,White,47900,2026-07-28,64,In Stock
VTX00003941,140,Flux EV,Base,Red,47900,2026-09-17,13,In Stock
VTX00003942,140,Flux EV,Base,Black,47900,2026-05-19,134,In Stock
VTX00003943,140,Flux EV,Sport,Blue,47900,2026-09-04,26,In Stock
VTX00003944,140,Flux EV,Sport,Red,47900,2026-08-30,31,In Transit
VTX00003945,140,Flux EV,Sport,Black,47900,2026-09-14,16,In Stock
VTX00003946,140,Flux EV,Base,Blue,47900,2026-06-12,110,In Stock
VTX00003947,140,Flux EV,Base,Silver,47900,2026-04-11,172,In Stock
VTX00003948,140,Flux EV,Base,Silver,47900,2026-03-02,212,In Stock
VTX00003949,140,Flux EV,Sport,Red,47900,2026-07-25,67,In Stock
VTX00003950,140,Flux EV,Limited,Gray,47900,2026-04-26,157,In Stock
VTX00003951,140,Flux EV,Limited,Blue,47900,2026-08-19,42,In Stock
VTX00003952,140,Flux EV,Sport,Black,47900,2026-06-30,92,In Stock
VTX00003953,140,Flux EV,Sport,Silver,47900,2026-07-11,81,In Stock
VTX00003954,140,Flux EV,Limited,Red,47900,2026-07-29,63,In Stock
VTX00003955,140,Flux EV,Base,Black,47900,2026-08-14,47,In Stock
VTX00003956,140,Flux EV,Base,Red,47900,2026-08-20,41,In Stock
VTX00003957,140,Flux EV,Limited,Blue,47900,2026-07-24,68,In Stock
VTX00003958,140,Flux EV,Base,White,47900,2026-07-08,84,In Stock
VTX00003959,140,Flux EV,Base,Red,47900,2026-07-30,62,In Transit
VTX00003960,140,Flux EV,Sport,Blue,47900,2026-09-12,18,In Stock
VTX00003961,140,Flux EV,Base,Blue,47900,2026-07-10,82,In Transit
VTX00003962,140,Flux EV,Limited,White,47900,2026-09-11,19,In Stock
VTX00003963,140,Flux EV,Base,Gray,47900,2026-08-22,39,In Stock
VTX00003964,140,Flux EV,Sport,Black,47900,2026-08-21,40,In Stock
VTX00003965,140,Flux EV,Limited,Black,47900,2026-06-14,108,In Stock
VTX00003966,140,Flux EV,Base,Blue,47900,2026-08-18,43,In Stock
VTX00003967,140,Flux EV,Base,Gray,47900,2026-06-10,112,In Stock
VTX00003968,140,Flux EV,Sport,White,47900,2026-09-11,19,In Stock
VTX00003969,140,Flux EV,Sport,Red,47900,2026-08-11,50,In Stock
VTX00003970,140,Flux EV,Base,Silver,47900,2026-09-02,28,In Stock
VTX00003971,140,Flux EV,Base,Black,47900,2026-05-01,152,In Stock
VTX00003972,140,Flux EV,Base,White,47900,2026-08-23,38,In Stock
VTX00003973,140,Flux EV,Limited,White,47900,2026-07-08,84,In Stock
VTX00003974,140,Flux EV,Base,Black,47900,2026-07-18,74,In Stock
VTX00003975,140,Flux EV,Base,Black,47900,2026-07-04,88,In Stock
VTX00003976,140,Flux EV,Limited,Silver,47900,2026-09-20,10,In Stock
VTX00003977,140,Flux EV,Limited,Black,47900,2026-05-06,147,In Stock
VTX00003978,140,Flux EV,Limited,Silver,47900,2026-07-07,85,In Transit
VTX00003979,140,Flux EV,Sport,Gray,47900,2026-05-30,123,In Stock
VTX00003980,140,Flux EV,Base,Red,47900,2026-05-22,131,In Stock
VTX00003981,140,Flux EV,Base,Red,47900,2026-08-17,44,In Stock
VTX00003982,140,Flux EV,Sport,Black,47900,2026-07-19,73,In Stock
VTX00003983,140,Flux EV,Base,Silver,47900,2026-07-24,68,In Stock
VTX00003984,140,Flux EV,Base,Silver,47900,2026-07-26,66,In Stock
VTX00003985,140,Flux EV,Base,Gray,47900,2026-08-08,53,In Stock
VTX00003986,140,Flux EV,Base,Silver,47900,2026-08-26,35,In Stock
VTX00003987,140,Flux EV,Base,Red,47900,2026-09-13,17,In Stock
VTX00003988,140,Flux EV,Limited,Gray,47900,2026-09-15,15,In Stock
VTX00003989,140,Granite,Base,Blue,43500,2026-09-02,28,In Stock
VTX00003990,140,Granite,Sport,Gray,43500,2026-08-20,41,In Stock
VTX00003991,140,Granite,Sport,Blue,43500,2026-08-27,34,In Stock
VTX00003992,140,Granite,Sport,Black,43500,2026-06-29,93,In Stock
VTX00003993,140,Granite,Limited,Gray,43500,2026-09-01,29,In Stock
VTX00003994,140,Granite,Limited,Blue,43500,2026-07-14,78,In Stock
VTX00003995,140,Granite,Base,Red,43500,2026-06-09,113,In Stock
VTX00003996,140,Granite,Base,Silver,43500,2026-06-17,105,In Stock
VTX00003997,140,Granite,Base,Black,43500,2026-08-12,49,In Stock
VTX00003998,140,Granite,Sport,Black,43500,2026-08-16,45,In Stock
VTX00003999,140,Granite,Base,Black,43500,2026-07-19,73,In Stock
VTX00004000,140,Granite,Base,Blue,43500,2026-06-25,97,In Stock
VTX00004001,140,Granite,Base,Black,43500,2026-04-07,176,In Stock
VTX00004002,140,Granite,Limited,Gray,43500,2026-03-22,192,In Transit
VTX00004003,140,Granite,Sport,Gray,43500,2026-08-29,32,In Stock
VTX00004004,140,Granite,Sport,White,43500,2026-03-09,205,In Stock
VTX00004005,140,Granite,Sport,White,43500,2026-05-11,142,In Stock
VTX00004006,140,Granite,Base,Silver,43500,2026-04-18,165,In Stock
VTX00004007,140,Granite,Sport,Black,43500,2026-04-15,168,In Stock
VTX00004008,140,Granite,Base,Red,43500,2026-08-31,30,In Stock
VTX00004009,140,Granite,Base,Red,43500,2026-03-06,208,In Stock
VTX00004010,140,Granite,Sport,Gray,43500,2026-09-02,28,In Stock
VTX00004011,140,Granite,Base,Black,43500,2026-09-03,27,In Stock
VTX00004012,140,Granite,Base,White,43500,2026-08-18,43,In Stock
VTX00004013,140,Granite,Sport,Silver,43500,2026-08-16,45,In Stock
VTX00004014,140,Granite,Sport,Red,43500,2026-03-04,210,In Stock
VTX00004015,140,Granite,Base,Gray,43500,2026-07-10,82,In Stock
VTX00004016,140,Harbor,Base,Silver,32900,2026-06-23,99,In Stock
VTX00004017,140,Harbor,Sport,Silver,32900,2026-07-20,72,In Stock
VTX00004018,140,Harbor,Base,Red,32900,2026-01-30,243,In Stock
VTX00004019,140,Harbor,Sport,Red,32900,2026-07-07,85,In Stock
VTX00004020,140,Harbor,Limited,White,32900,2026-08-18,43,In Stock
VTX00004021,140,Harbor,Limited,Gray,32900,2026-07-02,90,In Stock
VTX00004022,140,Harbor,Base,Blue,32900,2026-06-08,114,In Stock
VTX00004023,140,Harbor,Base,Black,32900,2026-08-30,31,In Stock
VTX00004024,140,Harbor,Sport,Blue,32900,2026-07-26,66,In Stock
VTX00004025,140,Harbor,Base,Red,32900,2026-08-26,35,In Stock
VTX00004026,140,Harbor,Base,Gray,32900,2026-09-18,12,In Stock
VTX00004027,140,Harbor,Base,Silver,32900,2026-07-24,68,In Stock
VTX00004028,140,Harbor,Base,Silver,32900,2026-07-09,83,In Stock
VTX00004029,140,Harbor,Limited,Red,32900,2026-08-30,31,In Stock
VTX00004030,140,Harbor,Base,Red,32900,2026-09-03,27,In Stock
VTX00004031,140,Harbor,Limited,Black,32900,2026-07-27,65,In Stock
VTX00004032,140,Harbor,Base,Silver,32900,2026-08-06,55,In Stock
VTX00004033,140,Harbor,Sport,Blue,32900,2026-02-02,240,In Stock
VTX00004034,140,Harbor,Sport,Blue,32900,2026-07-20,72,In Stock
VTX00004035,140,Harbor,Sport,Gray,32900,2026-07-18,74,In Stock
VTX00004036,140,Harbor,Base,White,32900,2026-06-22,100,In Stock
VTX00004037,140,Harbor,Base,Black,32900,2026-04-30,153,In Stock
VTX00004038,140,Harbor,Base,Gray,32900,2026-07-20,72,In Stock
VTX00004039,140,Harbor,Base,White,32900,2026-08-24,37,In Stock
VTX00004040,140,Harbor,Base,Gray,32900,2026-08-27,34,In Stock
VTX00004041,140,Harbor,Sport,Gray,32900,2026-06-30,92,In Transit
