dealer_id,month,model,units_sold,avg_sale_price
101,2024-10,Aria,6,23472.0
101,2024-10,Brisa,1,29322.0
101,2024-10,Cirrus,5,29454.0
101,2024-10,Dune,7,36654.0
101,2024-10,Everest,2,50850.0
101,2024-10,Flux EV,1,46653.0
101,2024-10,Granite,2,42246.0
101,2024-10,Harbor,1,31215.0
101,2024-11,Aria,3,23403.0
101,2024-11,Brisa,3,28016.0
101,2024-11,Cirrus,4,31132.0
101,2024-11,Dune,2,36970.0
101,2024-11,Everest,5,50676.0
101,2024-11,Flux EV,3,45601.0
101,2024-11,Granite,3,41061.0
101,2024-11,Harbor,5,31139.0
101,2024-12,Aria,7,23263.0
101,2024-12,Brisa,3,29078.0
101,2024-12,Cirrus,8,29875.0
101,2024-12,Dune,8,36617.0
101,2024-12,Everest,3,50334.0
101,2024-12,Flux EV,1,46020.0
101,2024-12,Granite,3,40490.0
101,2024-12,Harbor,7,30373.0
101,2025-01,Aria,0,
101,2025-01,Brisa,3,29188.0
101,2025-01,Cirrus,7,30404.0
101,2025-01,Dune,1,37687.0
101,2025-01,Everest,1,50974.0
101,2025-01,Flux EV,0,
101,2025-01,Granite,0,
101,2025-01,Harbor,0,
101,2025-02,Aria,4,23427.0
101,2025-02,Brisa,0,
101,2025-02,Cirrus,3,29944.0
101,2025-02,Dune,2,37855.0
101,2025-02,Everest,2,51463.0
101,2025-02,Flux EV,2,46171.0
101,2025-02,Granite,5,40758.0
101,2025-02,Harbor,4,31759.0
101,2025-03,Aria,4,23210.0
101,2025-03,Brisa,3,29394.0
101,2025-03,Cirrus,8,30782.0
101,2025-03,Dune,8,38093.0
101,2025-03,Everest,1,50855.0
101,2025-03,Flux EV,1,47141.0
101,2025-03,Granite,3,41595.0
101,2025-03,Harbor,4,30865.0
101,2025-04,Aria,3,23568.0
101,2025-04,Brisa,4,29323.0
101,2025-04,Cirrus,5,29556.0
101,2025-04,Dune,4,38011.0
101,2025-04,Everest,4,51556.0
101,2025-04,Flux EV,2,46702.0
101,2025-04,Granite,5,41721.0
101,2025-04,Harbor,3,31370.0
101,2025-05,Aria,2,23213.0
101,2025-05,Brisa,10,27481.0
101,2025-05,Cirrus,8,30715.0
101,2025-05,Dune,6,37470.0
101,2025-05,Everest,2,52006.0
101,2025-05,Flux EV,0,
101,2025-05,Granite,6,42772.0
101,2025-05,Harbor,1,31256.0
101,2025-06,Aria,5,24157.0
101,2025-06,Brisa,3,28043.0
101,2025-06,Cirrus,7,31109.0
101,2025-06,Dune,4,37120.0
101,2025-06,Everest,2,49798.0
101,2025-06,Flux EV,2,45257.0
101,2025-06,Granite,5,41670.0
101,2025-06,Harbor,1,30536.0
101,2025-07,Aria,7,22864.0
101,2025-07,Brisa,3,29468.0
101,2025-07,Cirrus,1,30414.0
101,2025-07,Dune,2,37924.0
101,2025-07,Everest,0,
101,2025-07,Flux EV,1,45482.0
101,2025-07,Granite,1,40875.0
101,2025-07,Harbor,0,
101,2025-08,Aria,4,23994.0
101,2025-08,Brisa,2,28037.0
101,2025-08,Cirrus,3,30413.0
101,2025-08,Dune,0,
101,2025-08,Everest,1,50514.0
101,2025-08,Flux EV,1,45848.0
101,2025-08,Granite,0,
101,2025-08,Harbor,2,31484.0
101,2025-09,Aria,6,23207.0
101,2025-09,Brisa,1,28042.0
101,2025-09,Cirrus,1,31363.0
101,2025-09,Dune,4,36819.0
101,2025-09,Everest,1,51400.0
101,2025-09,Flux EV,0,
101,2025-09,Granite,3,41646.0
101,2025-09,Harbor,2,32366.0
101,2025-10,Aria,3,23572.0
101,2025-10,Brisa,6,28549.0
101,2025-10,Cirrus,5,30207.0
101,2025-10,Dune,5,37861.0
101,2025-10,Everest,2,48122.0
101,2025-10,Flux EV,2,45909.0
101,2025-10,Granite,2,40425.0
101,2025-10,Harbor,4,32402.0
101,2025-11,Aria,4,23594.0
101,2025-11,Brisa,4,28754.0
101,2025-11,Cirrus,3,30502.0
101,2025-11,Dune,3,37695.0
101,2025-11,Everest,1,50467.0
101,2025-11,Flux EV,4,46346.0
101,2025-11,Granite,1,42515.0
101,2025-11,Harbor,1,31467.0
101,2025-12,Aria,5,24238.0
101,2025-12,Brisa,2,28967.0
101,2025-12,Cirrus,7,29039.0
101,2025-12,Dune,7,37508.0
101,2025-12,Everest,0,
101,2025-12,Flux EV,3,45036.0
101,2025-12,Granite,1,41282.0
101,2025-12,Harbor,3,31866.0
101,2026-01,Aria,1,23073.0
101,2026-01,Brisa,0,
101,2026-01,Cirrus,5,29876.0
101,2026-01,Dune,1,38043.0
101,2026-01,Everest,0,
101,2026-01,Flux EV,1,46138.0
101,2026-01,Granite,2,42908.0
101,2026-01,Harbor,2,30875.0
101,2026-02,Aria,0,
101,2026-02,Brisa,5,28732.0
101,2026-02,Cirrus,5,30427.0
101,2026-02,Dune,3,37469.0
101,2026-02,Everest,3,52113.0
101,2026-02,Flux EV,2,46742.0
101,2026-02,Granite,1,41496.0
101,2026-02,Harbor,1,30621.0
101,2026-03,Aria,5,23714.0
101,2026-03,Brisa,4,28465.0
101,2026-03,Cirrus,10,31345.0
101,2026-03,Dune,4,36329.0
101,2026-03,Everest,1,49907.0
101,2026-03,Flux EV,2,45611.0
101,2026-03,Granite,2,42161.0
101,2026-03,Harbor,3,31796.0
101,2026-04,Aria,2,23481.0
101,2026-04,Brisa,6,28760.0
101,2026-04,Cirrus,3,29665.0
101,2026-04,Dune,7,37523.0
101,2026-04,Everest,1,50863.0
101,2026-04,Flux EV,0,
101,2026-04,Granite,0,
101,2026-04,Harbor,0,
101,2026-05,Aria,3,24074.0
101,2026-05,Brisa,2,29149.0
101,2026-05,Cirrus,5,31016.0
101,2026-05,Dune,2,37951.0
101,2026-05,Everest,3,51197.0
101,2026-05,Flux EV,4,46667.0
101,2026-05,Granite,3,40880.0
101,2026-05,Harbor,0,
101,2026-06,Aria,4,23551.0
101,2026-06,Brisa,3,28417.0
101,2026-06,Cirrus,5,29688.0
101,2026-06,Dune,1,35756.0
101,2026-06,Everest,1,50556.0
101,2026-06,Flux EV,1,45758.0
101,2026-06,Granite,2,40391.0
101,2026-06,Harbor,1,31450.0
101,2026-07,Aria,3,23140.0
101,2026-07,Brisa,1,28676.0
101,2026-07,Cirrus,6,31347.0
101,2026-07,Dune,2,37240.0
101,2026-07,Everest,0,
101,2026-07,Flux EV,2,46850.0
101,2026-07,Granite,4,41753.0
101,2026-07,Harbor,2,32141.0
101,2026-08,Aria,2,23673.0
101,2026-08,Brisa,4,28421.0
101,2026-08,Cirrus,3,31018.0
101,2026-08,Dune,1,35852.0
101,2026-08,Everest,1,50478.0
101,2026-08,Flux EV,1,44912.0
101,2026-08,Granite,1,41123.0
101,2026-08,Harbor,4,32078.0
101,2026-09,Aria,5,23369.0
101,2026-09,Brisa,3,27824.0
101,2026-09,Cirrus,4,29778.0
101,2026-09,Dune,0,
101,2026-09,Everest,1,51587.0
101,2026-09,Flux EV,0,
101,2026-09,Granite,1,41299.0
101,2026-09,Harbor,2,32107.0
102,2024-10,Aria,5,23158.0
102,2024-10,Brisa,4,27976.0
102,2024-10,Cirrus,9,31181.0
102,2024-10,Dune,16,37755.0
102,2024-10,Everest,3,48969.0
102,2024-10,Flux EV,1,44915.0
102,2024-10,Granite,5,41836.0
102,2024-10,Harbor,9,32718.0
102,2024-11,Aria,9,23400.0
102,2024-11,Brisa,7,29107.0
102,2024-11,Cirrus,11,30396.0
102,2024-11,Dune,14,37444.0
102,2024-11,Everest,5,51849.0
102,2024-11,Flux EV,2,46046.0
102,2024-11,Granite,4,41440.0
102,2024-11,Harbor,5,31302.0
102,2024-12,Aria,9,23715.0
102,2024-12,Brisa,5,27737.0
102,2024-12,Cirrus,8,30979.0
102,2024-12,Dune,10,37189.0
102,2024-12,Everest,4,48970.0
102,2024-12,Flux EV,4,46688.0
102,2024-12,Granite,6,41986.0
102,2024-12,Harbor,5,31822.0
102,2025-01,Aria,5,23681.0
102,2025-01,Brisa,3,27617.0
102,2025-01,Cirrus,4,29805.0
102,2025-01,Dune,6,37912.0
102,2025-01,Everest,3,51213.0
102,2025-01,Flux EV,0,
102,2025-01,Granite,3,41509.0
102,2025-01,Harbor,4,31331.0
102,2025-02,Aria,2,23682.0
102,2025-02,Brisa,5,27876.0
102,2025-02,Cirrus,13,30962.0
102,2025-02,Dune,9,36464.0
102,2025-02,Everest,7,50225.0
102,2025-02,Flux EV,2,47196.0
102,2025-02,Granite,6,42301.0
102,2025-02,Harbor,2,31100.0
102,2025-03,Aria,7,24254.0
102,2025-03,Brisa,4,29817.0
102,2025-03,Cirrus,13,31196.0
102,2025-03,Dune,4,37692.0
102,2025-03,Everest,7,51380.0
102,2025-03,Flux EV,2,45150.0
102,2025-03,Granite,5,40858.0
102,2025-03,Harbor,6,32115.0
102,2025-04,Aria,4,24528.0
102,2025-04,Brisa,9,29634.0
102,2025-04,Cirrus,9,31021.0
102,2025-04,Dune,7,37533.0
102,2025-04,Everest,5,50853.0
102,2025-04,Flux EV,2,46067.0
102,2025-04,Granite,10,41841.0
102,2025-04,Harbor,7,31394.0
102,2025-05,Aria,7,23128.0
102,2025-05,Brisa,3,28965.0
102,2025-05,Cirrus,8,30545.0
102,2025-05,Dune,9,35919.0
102,2025-05,Everest,1,50811.0
102,2025-05,Flux EV,3,47361.0
102,2025-05,Granite,4,41486.0
102,2025-05,Harbor,4,31246.0
102,2025-06,Aria,11,23796.0
102,2025-06,Brisa,8,29356.0
102,2025-06,Cirrus,12,30858.0
102,2025-06,Dune,7,38286.0
102,2025-06,Everest,4,50494.0
102,2025-06,Flux EV,1,45772.0
102,2025-06,Granite,4,40108.0
102,2025-06,Harbor,2,30957.0
102,2025-07,Aria,4,23492.0
102,2025-07,Brisa,4,28615.0
102,2025-07,Cirrus,7,29682.0
102,2025-07,Dune,7,36474.0
102,2025-07,Everest,1,50180.0
102,2025-07,Flux EV,2,45420.0
102,2025-07,Granite,6,41166.0
102,2025-07,Harbor,3,32169.0
102,2025-08,Aria,7,24248.0
102,2025-08,Brisa,6,28772.0
102,2025-08,Cirrus,6,29930.0
102,2025-08,Dune,2,37518.0
102,2025-08,Everest,2,51621.0
102,2025-08,Flux EV,0,
102,2025-08,Granite,1,42083.0
102,2025-08,Harbor,8,31785.0
102,2025-09,Aria,4,23502.0
102,2025-09,Brisa,4,28741.0
102,2025-09,Cirrus,9,30200.0
102,2025-09,Dune,10,37514.0
102,2025-09,Everest,4,49729.0
102,2025-09,Flux EV,0,
102,2025-09,Granite,4,40933.0
102,2025-09,Harbor,5,31784.0
102,2025-10,Aria,5,23576.0
102,2025-10,Brisa,5,28327.0
102,2025-10,Cirrus,8,30198.0
102,2025-10,Dune,4,37454.0
102,2025-10,Everest,4,50463.0
102,2025-10,Flux EV,3,46662.0
102,2025-10,Granite,4,41712.0
102,2025-10,Harbor,7,31692.0
102,2025-11,Aria,4,23513.0
102,2025-11,Brisa,6,28524.0
102,2025-11,Cirrus,1,29381.0
102,2025-11,Dune,10,37191.0
102,2025-11,Everest,2,49635.0
102,2025-11,Flux EV,1,47063.0
102,2025-11,Granite,3,40308.0
102,2025-11,Harbor,4,31472.0
102,2025-12,Aria,2,22980.0
102,2025-12,Brisa,4,28700.0
102,2025-12,Cirrus,10,29610.0
102,2025-12,Dune,8,36447.0
102,2025-12,Everest,3,49165.0
102,2025-12,Flux EV,1,45782.0
102,2025-12,Granite,4,40717.0
102,2025-12,Harbor,1,30881.0
102,2026-01,Aria,8,23438.0
102,2026-01,Brisa,5,28093.0
102,2026-01,Cirrus,3,30777.0
102,2026-01,Dune,8,37903.0
102,2026-01,Everest,6,51867.0
102,2026-01,Flux EV,1,46217.0
102,2026-01,Granite,7,41628.0
102,2026-01,Harbor,4,30282.0
102,2026-02,Aria,7,23749.0
102,2026-02,Brisa,4,27956.0
102,2026-02,Cirrus,7,30323.0
102,2026-02,Dune,5,37901.0
102,2026-02,Everest,2,49560.0
102,2026-02,Flux EV,2,45563.0
102,2026-02,Granite,1,42551.0
102,2026-02,Harbor,2,32222.0
102,2026-03,Aria,8,22651.0
102,2026-03,Brisa,2,28786.0
102,2026-03,Cirrus,7,30934.0
102,2026-03,Dune,5,37574.0
102,2026-03,Everest,0,
102,2026-03,Flux EV,3,45194.0
102,2026-03,Granite,1,41954.0
102,2026-03,Harbor,0,
102,2026-04,Aria,6,24639.0
102,2026-04,Brisa,1,29183.0
102,2026-04,Cirrus,7,30152.0
102,2026-04,Dune,7,38284.0
102,2026-04,Everest,2,50266.0
102,2026-04,Flux EV,2,47891.0
102,2026-04,Granite,10,42396.0
102,2026-04,Harbor,3,31140.0
102,2026-05,Aria,12,22884.0
102,2026-05,Brisa,4,29356.0
102,2026-05,Cirrus,7,31284.0
102,2026-05,Dune,10,37015.0
102,2026-05,Everest,2,51022.0
102,2026-05,Flux EV,2,46504.0
102,2026-05,Granite,3,42178.0
102,2026-05,Harbor,7,31930.0
102,2026-06,Aria,5,23826.0
102,2026-06,Brisa,5,28536.0
102,2026-06,Cirrus,2,30343.0
102,2026-06,Dune,6,37536.0
102,2026-06,Everest,3,49406.0
102,2026-06,Flux EV,0,
102,2026-06,Granite,3,41648.0
102,2026-06,Harbor,6,32401.0
102,2026-07,Aria,5,23279.0
102,2026-07,Brisa,3,27931.0
102,2026-07,Cirrus,9,30392.0
102,2026-07,Dune,8,36659.0
102,2026-07,Everest,1,50004.0
102,2026-07,Flux EV,0,
102,2026-07,Granite,2,41341.0
102,2026-07,Harbor,3,31372.0
102,2026-08,Aria,7,23462.0
102,2026-08,Brisa,5,29047.0
102,2026-08,Cirrus,5,30199.0
102,2026-08,Dune,9,36922.0
102,2026-08,Everest,1,51095.0
102,2026-08,Flux EV,1,46649.0
102,2026-08,Granite,2,42387.0
102,2026-08,Harbor,2,31411.0
102,2026-09,Aria,2,23032.0
102,2026-09,Brisa,1,28414.0
102,2026-09,Cirrus,7,30047.0
102,2026-09,Dune,8,38003.0
102,2026-09,Everest,1,49947.0
102,2026-09,Flux EV,0,
102,2026-09,Granite,2,41536.0
102,2026-09,Harbor,1,31027.0
103,2024-10,Aria,5,23461.0
103,2024-10,Brisa,0,
103,2024-10,Cirrus,5,30042.0
103,2024-10,Dune,6,37981.0
103,2024-10,Everest,0,
103,2024-10,Flux EV,4,45316.0
103,2024-10,Granite,4,41938.0
103,2024-10,Harbor,2,32351.0
103,2024-11,Aria,4,24113.0
103,2024-11,Brisa,5,28423.0
103,2024-11,Cirrus,7,31517.0
103,2024-11,Dune,3,37220.0
103,2024-11,Everest,4,48900.0
103,2024-11,Flux EV,1,45057.0
103,2024-11,Granite,4,39973.0
103,2024-11,Harbor,2,31065.0
103,2024-12,Aria,0,
103,2024-12,Brisa,5,29019.0
103,2024-12,Cirrus,9,29556.0
103,2024-12,Dune,6,38937.0
103,2024-12,Everest,1,49756.0
103,2024-12,Flux EV,5,46520.0
103,2024-12,Granite,5,42618.0
103,2024-12,Harbor,6,31906.0
103,2025-01,Aria,5,23644.0
103,2025-01,Brisa,2,29057.0
103,2025-01,Cirrus,4,30564.0
103,2025-01,Dune,3,37547.0
103,2025-01,Everest,0,
103,2025-01,Flux EV,4,46755.0
103,2025-01,Granite,4,41774.0
103,2025-01,Harbor,1,31225.0
103,2025-02,Aria,1,23850.0
103,2025-02,Brisa,1,29268.0
103,2025-02,Cirrus,5,30151.0
103,2025-02,Dune,2,35867.0
103,2025-02,Everest,5,50309.0
103,2025-02,Flux EV,0,
103,2025-02,Granite,4,42112.0
103,2025-02,Harbor,2,31006.0
103,2025-03,Aria,3,23561.0
103,2025-03,Brisa,6,28831.0
103,2025-03,Cirrus,5,28742.0
103,2025-03,Dune,6,36848.0
103,2025-03,Everest,1,50484.0
103,2025-03,Flux EV,0,
103,2025-03,Granite,2,42022.0
103,2025-03,Harbor,2,31141.0
103,2025-04,Aria,7,23378.0
103,2025-04,Brisa,2,28647.0
103,2025-04,Cirrus,2,29995.0
103,2025-04,Dune,4,36248.0
103,2025-04,Everest,5,49743.0
103,2025-04,Flux EV,1,46221.0
103,2025-04,Granite,4,41288.0
103,2025-04,Harbor,5,31806.0
103,2025-05,Aria,3,23946.0
103,2025-05,Brisa,4,28421.0
103,2025-05,Cirrus,3,30195.0
103,2025-05,Dune,8,36644.0
103,2025-05,Everest,0,
103,2025-05,Flux EV,1,46457.0
103,2025-05,Granite,5,43483.0
103,2025-05,Harbor,5,32162.0
103,2025-06,Aria,5,22835.0
103,2025-06,Brisa,4,29086.0
103,2025-06,Cirrus,2,30135.0
103,2025-06,Dune,0,
103,2025-06,Everest,3,48215.0
103,2025-06,Flux EV,1,46502.0
103,2025-06,Granite,4,41130.0
103,2025-06,Harbor,2,32275.0
103,2025-07,Aria,6,24117.0
103,2025-07,Brisa,2,28178.0
103,2025-07,Cirrus,5,30428.0
103,2025-07,Dune,2,37463.0
103,2025-07,Everest,4,49149.0
103,2025-07,Flux EV,1,44984.0
103,2025-07,Granite,2,42609.0
103,2025-07,Harbor,3,31864.0
103,2025-08,Aria,4,23840.0
103,2025-08,Brisa,1,28506.0
103,2025-08,Cirrus,6,30144.0
103,2025-08,Dune,9,37547.0
103,2025-08,Everest,1,51596.0
103,2025-08,Flux EV,2,45730.0
103,2025-08,Granite,5,42281.0
103,2025-08,Harbor,4,30901.0
103,2025-09,Aria,5,23265.0
103,2025-09,Brisa,3,28730.0
103,2025-09,Cirrus,2,31205.0
103,2025-09,Dune,4,37808.0
103,2025-09,Everest,2,50725.0
103,2025-09,Flux EV,2,48019.0
103,2025-09,Granite,5,40477.0
103,2025-09,Harbor,4,31510.0
103,2025-10,Aria,3,23804.0
103,2025-10,Brisa,3,28155.0
103,2025-10,Cirrus,8,29671.0
103,2025-10,Dune,2,36847.0
103,2025-10,Everest,1,50454.0
103,2025-10,Flux EV,1,45812.0
103,2025-10,Granite,2,40960.0
103,2025-10,Harbor,4,31558.0
103,2025-11,Aria,7,23171.0
103,2025-11,Brisa,3,27759.0
103,2025-11,Cirrus,3,29718.0
103,2025-11,Dune,2,37960.0
103,2025-11,Everest,2,50439.0
103,2025-11,Flux EV,1,45690.0
103,2025-11,Granite,1,41616.0
103,2025-11,Harbor,2,30594.0
103,2025-12,Aria,5,22961.0
103,2025-12,Brisa,1,28731.0
103,2025-12,Cirrus,3,31347.0
103,2025-12,Dune,2,36774.0
103,2025-12,Everest,2,50621.0
103,2025-12,Flux EV,2,45905.0
103,2025-12,Granite,1,42071.0
103,2025-12,Harbor,8,31597.0
103,2026-01,Aria,5,22888.0
103,2026-01,Brisa,4,28105.0
103,2026-01,Cirrus,4,30006.0
103,2026-01,Dune,2,37486.0
103,2026-01,Everest,0,
103,2026-01,Flux EV,0,
103,2026-01,Granite,4,41874.0
103,2026-01,Harbor,1,32095.0
103,2026-02,Aria,4,23436.0
103,2026-02,Brisa,5,28185.0
103,2026-02,Cirrus,3,29996.0
103,2026-02,Dune,2,37481.0
103,2026-02,Everest,1,50842.0
103,2026-02,Flux EV,3,46127.0
103,2026-02,Granite,2,41658.0
103,2026-02,Harbor,4,32072.0
103,2026-03,Aria,5,23568.0
103,2026-03,Brisa,3,28548.0
103,2026-03,Cirrus,5,29543.0
103,2026-03,Dune,7,38237.0
103,2026-03,Everest,1,49953.0
103,2026-03,Flux EV,1,45561.0
103,2026-03,Granite,3,42816.0
103,2026-03,Harbor,3,31335.0
103,2026-04,Aria,1,22572.0
103,2026-04,Brisa,1,27768.0
103,2026-04,Cirrus,6,30697.0
103,2026-04,Dune,3,37586.0
103,2026-04,Everest,2,50225.0
103,2026-04,Flux EV,0,
103,2026-04,Granite,4,41729.0
103,2026-04,Harbor,4,30956.0
103,2026-05,Aria,3,24387.0
103,2026-05,Brisa,3,28405.0
103,2026-05,Cirrus,4,29391.0
103,2026-05,Dune,3,38041.0
103,2026-05,Everest,1,50721.0
103,2026-05,Flux EV,0,
103,2026-05,Granite,3,42856.0
103,2026-05,Harbor,1,32076.0
103,2026-06,Aria,1,23780.0
103,2026-06,Brisa,1,28203.0
103,2026-06,Cirrus,3,29671.0
103,2026-06,Dune,1,36945.0
103,2026-06,Everest,1,50352.0
103,2026-06,Flux EV,0,
103,2026-06,Granite,1,40690.0
103,2026-06,Harbor,4,30781.0
103,2026-07,Aria,2,24396.0
103,2026-07,Brisa,2,29635.0
103,2026-07,Cirrus,2,30150.0
103,2026-07,Dune,0,
103,2026-07,Everest,2,50093.0
103,2026-07,Flux EV,1,46035.0
103,2026-07,Granite,8,41558.0
103,2026-07,Harbor,0,
103,2026-08,Aria,4,24354.0
103,2026-08,Brisa,1,28118.0
103,2026-08,Cirrus,8,30315.0
103,2026-08,Dune,3,37303.0
103,2026-08,Everest,2,50026.0
103,2026-08,Flux EV,1,45632.0
103,2026-08,Granite,3,42680.0
103,2026-08,Harbor,2,31996.0
103,2026-09,Aria,3,23637.0
103,2026-09,Brisa,4,28255.0
103,2026-09,Cirrus,3,29476.0
103,2026-09,Dune,5,36629.0
103,2026-09,Everest,2,51230.0
103,2026-09,Flux EV,3,45833.0
103,2026-09,Granite,6,41846.0
103,2026-09,Harbor,4,31691.0
104,2024-10,Aria,3,23867.0
104,2024-10,Brisa,2,28898.0
104,2024-10,Cirrus,3,30606.0
104,2024-10,Dune,2,37376.0
104,2024-10,Everest,4,50453.0
104,2024-10,Flux EV,4,45622.0
104,2024-10,Granite,3,41400.0
104,2024-10,Harbor,1,32633.0
104,2024-11,Aria,2,22760.0
104,2024-11,Brisa,1,28545.0
104,2024-11,Cirrus,2,30711.0
104,2024-11,Dune,3,37479.0
104,2024-11,Everest,1,51370.0
104,2024-11,Flux EV,0,
104,2024-11,Granite,0,
104,2024-11,Harbor,1,31380.0
104,2024-12,Aria,2,23058.0
104,2024-12,Brisa,0,
104,2024-12,Cirrus,4,30852.0
104,2024-12,Dune,5,36633.0
104,2024-12,Everest,1,51024.0
104,2024-12,Flux EV,1,45048.0
104,2024-12,Granite,7,41871.0
104,2024-12,Harbor,6,31487.0
104,2025-01,Aria,0,
104,2025-01,Brisa,2,28646.0
104,2025-01,Cirrus,4,29667.0
104,2025-01,Dune,3,38657.0
104,2025-01,Everest,1,51034.0
104,2025-01,Flux EV,0,
104,2025-01,Granite,0,
104,2025-01,Harbor,0,
104,2025-02,Aria,3,23889.0
104,2025-02,Brisa,5,26912.0
104,2025-02,Cirrus,2,29123.0
104,2025-02,Dune,1,36578.0
104,2025-02,Everest,2,50353.0
104,2025-02,Flux EV,2,46105.0
104,2025-02,Granite,5,40694.0
104,2025-02,Harbor,0,
104,2025-03,Aria,3,23725.0
104,2025-03,Brisa,2,28125.0
104,2025-03,Cirrus,2,29638.0
104,2025-03,Dune,2,36411.0
104,2025-03,Everest,1,50397.0
104,2025-03,Flux EV,0,
104,2025-03,Granite,4,40365.0
104,2025-03,Harbor,0,
104,2025-04,Aria,2,23598.0
104,2025-04,Brisa,3,29220.0
104,2025-04,Cirrus,4,29350.0
104,2025-04,Dune,2,37410.0
104,2025-04,Everest,0,
104,2025-04,Flux EV,1,45934.0
104,2025-04,Granite,2,42786.0
104,2025-04,Harbor,1,31215.0
104,2025-05,Aria,3,23870.0
104,2025-05,Brisa,3,28178.0
104,2025-05,Cirrus,2,29971.0
104,2025-05,Dune,4,37806.0
104,2025-05,Everest,2,51745.0
104,2025-05,Flux EV,0,
104,2025-05,Granite,1,41228.0
104,2025-05,Harbor,1,31629.0
104,2025-06,Aria,4,23457.0
104,2025-06,Brisa,2,28294.0
104,2025-06,Cirrus,5,30540.0
104,2025-06,Dune,4,37234.0
104,2025-06,Everest,1,50419.0
104,2025-06,Flux EV,0,
104,2025-06,Granite,4,43480.0
104,2025-06,Harbor,1,31902.0
104,2025-07,Aria,6,23292.0
104,2025-07,Brisa,2,28252.0
104,2025-07,Cirrus,3,29713.0
104,2025-07,Dune,3,38589.0
104,2025-07,Everest,1,51466.0
104,2025-07,Flux EV,0,
104,2025-07,Granite,4,41740.0
104,2025-07,Harbor,1,31534.0
104,2025-08,Aria,0,
104,2025-08,Brisa,2,28619.0
104,2025-08,Cirrus,2,31141.0
104,2025-08,Dune,1,37140.0
104,2025-08,Everest,4,50175.0
104,2025-08,Flux EV,1,44297.0
104,2025-08,Granite,1,40245.0
104,2025-08,Harbor,0,
104,2025-09,Aria,5,24192.0
104,2025-09,Brisa,3,29292.0
104,2025-09,Cirrus,1,29417.0
104,2025-09,Dune,3,36860.0
104,2025-09,Everest,2,50080.0
104,2025-09,Flux EV,0,
104,2025-09,Granite,2,41344.0
104,2025-09,Harbor,1,32005.0
104,2025-10,Aria,0,
104,2025-10,Brisa,3,28052.0
104,2025-10,Cirrus,3,30761.0
104,2025-10,Dune,1,36514.0
104,2025-10,Everest,2,49298.0
104,2025-10,Flux EV,1,47189.0
104,2025-10,Granite,1,42118.0
104,2025-10,Harbor,0,
104,2025-11,Aria,2,23945.0
104,2025-11,Brisa,2,28805.0
104,2025-11,Cirrus,4,30650.0
104,2025-11,Dune,3,37605.0
104,2025-11,Everest,1,50971.0
104,2025-11,Flux EV,0,
104,2025-11,Granite,1,41624.0
104,2025-11,Harbor,2,30879.0
104,2025-12,Aria,2,22781.0
104,2025-12,Brisa,2,28701.0
104,2025-12,Cirrus,5,30750.0
104,2025-12,Dune,2,36917.0
104,2025-12,Everest,0,
104,2025-12,Flux EV,0,
104,2025-12,Granite,3,42662.0
104,2025-12,Harbor,1,31948.0
104,2026-01,Aria,4,23842.0
104,2026-01,Brisa,2,28385.0
104,2026-01,Cirrus,1,30672.0
104,2026-01,Dune,0,
104,2026-01,Everest,0,
104,2026-01,Flux EV,0,
104,2026-01,Granite,2,40471.0
104,2026-01,Harbor,3,32701.0
104,2026-02,Aria,2,23604.0
104,2026-02,Brisa,3,28790.0
104,2026-02,Cirrus,4,30181.0
104,2026-02,Dune,3,37802.0
104,2026-02,Everest,1,49865.0
104,2026-02,Flux EV,0,
104,2026-02,Granite,3,42520.0
104,2026-02,Harbor,3,32394.0
104,2026-03,Aria,0,
104,2026-03,Brisa,0,
104,2026-03,Cirrus,2,30463.0
104,2026-03,Dune,2,37476.0
104,2026-03,Everest,1,51962.0
104,2026-03,Flux EV,0,
104,2026-03,Granite,0,
104,2026-03,Harbor,2,31682.0
104,2026-04,Aria,2,23488.0
104,2026-04,Brisa,2,29869.0
104,2026-04,Cirrus,3,30553.0
104,2026-04,Dune,1,36846.0
104,2026-04,Everest,0,
104,2026-04,Flux EV,2,44923.0
104,2026-04,Granite,2,41235.0
104,2026-04,Harbor,2,31629.0
104,2026-05,Aria,2,24008.0
104,2026-05,Brisa,0,
104,2026-05,Cirrus,2,29865.0
104,2026-05,Dune,6,37532.0
104,2026-05,Everest,2,52463.0
104,2026-05,Flux EV,1,46062.0
104,2026-05,Granite,3,44113.0
104,2026-05,Harbor,1,32112.0
104,2026-06,Aria,5,23536.0
104,2026-06,Brisa,2,28448.0
104,2026-06,Cirrus,2,29849.0
104,2026-06,Dune,1,37694.0
104,2026-06,Everest,0,
104,2026-06,Flux EV,0,
104,2026-06,Granite,2,42745.0
104,2026-06,Harbor,1,30532.0
104,2026-07,Aria,1,23393.0
104,2026-07,Brisa,1,29011.0
104,2026-07,Cirrus,0,
104,2026-07,Dune,0,
104,2026-07,Everest,2,50810.0
104,2026-07,Flux EV,0,
104,2026-07,Granite,2,42247.0
104,2026-07,Harbor,1,31861.0
104,2026-08,Aria,1,22972.0
104,2026-08,Brisa,1,29061.0
104,2026-08,Cirrus,4,30214.0
104,2026-08,Dune,3,37711.0
104,2026-08,Everest,0,
104,2026-08,Flux EV,1,45230.0
104,2026-08,Granite,2,41911.0
104,2026-08,Harbor,0,
104,2026-09,Aria,2,23155.0
104,2026-09,Brisa,1,28139.0
104,2026-09,Cirrus,1,30219.0
104,2026-09,Dune,2,38041.0
104,2026-09,Everest,0,
104,2026-09,Flux EV,0,
104,2026-09,Granite,3,41518.0
104,2026-09,Harbor,0,
105,2024-10,Aria,7,23349.0
105,2024-10,Brisa,9,29767.0
105,2024-10,Cirrus,10,30139.0
105,2024-10,Dune,9,36982.0
105,2024-10,Everest,4,50800.0
105,2024-10,Flux EV,7,45540.0
105,2024-10,Granite,9,41768.0
105,2024-10,Harbor,3,30950.0
105,2024-11,Aria,9,23640.0
105,2024-11,Brisa,4,29041.0
105,2024-11,Cirrus,10,30446.0
105,2024-11,Dune,2,37831.0
105,2024-11,Everest,5,50752.0
105,2024-11,Flux EV,7,46393.0
105,2024-11,Granite,1,41835.0
105,2024-11,Harbor,2,30675.0
105,2024-12,Aria,3,23624.0
105,2024-12,Brisa,4,29329.0
105,2024-12,Cirrus,10,30354.0
105,2024-12,Dune,6,36714.0
105,2024-12,Everest,3,50709.0
105,2024-12,Flux EV,7,45898.0
105,2024-12,Granite,4,40365.0
105,2024-12,Harbor,10,32061.0
105,2025-01,Aria,4,23948.0
105,2025-01,Brisa,7,28142.0
105,2025-01,Cirrus,6,30819.0
105,2025-01,Dune,6,37365.0
105,2025-01,Everest,1,49754.0
105,2025-01,Flux EV,1,45584.0
105,2025-01,Granite,6,42794.0
105,2025-01,Harbor,5,31268.0
105,2025-02,Aria,11,23693.0
105,2025-02,Brisa,3,28125.0
105,2025-02,Cirrus,6,29823.0
105,2025-02,Dune,7,38303.0
105,2025-02,Everest,1,50274.0
105,2025-02,Flux EV,6,44908.0
105,2025-02,Granite,2,41483.0
105,2025-02,Harbor,3,32366.0
105,2025-03,Aria,5,22651.0
105,2025-03,Brisa,2,28539.0
105,2025-03,Cirrus,13,30577.0
105,2025-03,Dune,8,37130.0
105,2025-03,Everest,3,50238.0
105,2025-03,Flux EV,3,45486.0
105,2025-03,Granite,4,41533.0
105,2025-03,Harbor,4,31750.0
105,2025-04,Aria,10,24153.0
105,2025-04,Brisa,3,28554.0
105,2025-04,Cirrus,9,30672.0
105,2025-04,Dune,5,35890.0
105,2025-04,Everest,3,50129.0
105,2025-04,Flux EV,9,44438.0
105,2025-04,Granite,0,
105,2025-04,Harbor,8,31030.0
105,2025-05,Aria,8,23150.0
105,2025-05,Brisa,5,28485.0
105,2025-05,Cirrus,15,29823.0
105,2025-05,Dune,7,36618.0
105,2025-05,Everest,4,49655.0
105,2025-05,Flux EV,4,46374.0
105,2025-05,Granite,4,42097.0
105,2025-05,Harbor,2,32102.0
105,2025-06,Aria,4,23811.0
105,2025-06,Brisa,5,28256.0
105,2025-06,Cirrus,7,29696.0
105,2025-06,Dune,4,37463.0
105,2025-06,Everest,3,49540.0
105,2025-06,Flux EV,8,45552.0
105,2025-06,Granite,4,41132.0
105,2025-06,Harbor,5,31548.0
105,2025-07,Aria,4,23123.0
105,2025-07,Brisa,6,28353.0
105,2025-07,Cirrus,5,29814.0
105,2025-07,Dune,10,36846.0
105,2025-07,Everest,7,49331.0
105,2025-07,Flux EV,6,46801.0
105,2025-07,Granite,3,41123.0
105,2025-07,Harbor,6,33209.0
105,2025-08,Aria,4,23673.0
105,2025-08,Brisa,11,29480.0
105,2025-08,Cirrus,13,30135.0
105,2025-08,Dune,6,36100.0
105,2025-08,Everest,4,49480.0
105,2025-08,Flux EV,5,45623.0
105,2025-08,Granite,4,41331.0
105,2025-08,Harbor,5,33026.0
105,2025-09,Aria,5,24262.0
105,2025-09,Brisa,4,28671.0
105,2025-09,Cirrus,5,29394.0
105,2025-09,Dune,6,37829.0
105,2025-09,Everest,0,
105,2025-09,Flux EV,3,44765.0
105,2025-09,Granite,3,44549.0
105,2025-09,Harbor,2,31798.0
105,2025-10,Aria,5,23431.0
105,2025-10,Brisa,7,28060.0
105,2025-10,Cirrus,8,29226.0
105,2025-10,Dune,8,37221.0
105,2025-10,Everest,4,49587.0
105,2025-10,Flux EV,4,47008.0
105,2025-10,Granite,4,41789.0
105,2025-10,Harbor,3,31044.0
105,2025-11,Aria,8,23302.0
105,2025-11,Brisa,8,28451.0
105,2025-11,Cirrus,5,30930.0
105,2025-11,Dune,7,36512.0
105,2025-11,Everest,9,49283.0
105,2025-11,Flux EV,3,46712.0
105,2025-11,Granite,6,41906.0
105,2025-11,Harbor,2,31285.0
105,2025-12,Aria,1,23701.0
105,2025-12,Brisa,6,27157.0
105,2025-12,Cirrus,5,29783.0
105,2025-12,Dune,6,36307.0
105,2025-12,Everest,3,52273.0
105,2025-12,Flux EV,3,44662.0
105,2025-12,Granite,4,43235.0
105,2025-12,Harbor,5,31951.0
105,2026-01,Aria,4,23532.0
105,2026-01,Brisa,2,27974.0
105,2026-01,Cirrus,5,29827.0
105,2026-01,Dune,4,37814.0
105,2026-01,Everest,4,48432.0
105,2026-01,Flux EV,4,47495.0
105,2026-01,Granite,1,41912.0
105,2026-01,Harbor,4,32379.0
105,2026-02,Aria,6,23306.0
105,2026-02,Brisa,6,28913.0
105,2026-02,Cirrus,4,30093.0
105,2026-02,Dune,6,37261.0
105,2026-02,Everest,2,51165.0
105,2026-02,Flux EV,4,45849.0
105,2026-02,Granite,3,41361.0
105,2026-02,Harbor,1,30296.0
105,2026-03,Aria,4,23400.0
105,2026-03,Brisa,4,29071.0
105,2026-03,Cirrus,8,30147.0
105,2026-03,Dune,5,36998.0
105,2026-03,Everest,2,51041.0
105,2026-03,Flux EV,2,45186.0
105,2026-03,Granite,2,41972.0
105,2026-03,Harbor,3,32547.0
105,2026-04,Aria,11,23565.0
105,2026-04,Brisa,5,29456.0
105,2026-04,Cirrus,8,29644.0
105,2026-04,Dune,8,38444.0
105,2026-04,Everest,2,51212.0
105,2026-04,Flux EV,12,45626.0
105,2026-04,Granite,6,41860.0
105,2026-04,Harbor,3,31691.0
105,2026-05,Aria,7,23691.0
105,2026-05,Brisa,4,28764.0
105,2026-05,Cirrus,8,29693.0
105,2026-05,Dune,7,37770.0
105,2026-05,Everest,3,51320.0
105,2026-05,Flux EV,5,45420.0
105,2026-05,Granite,3,40674.0
105,2026-05,Harbor,5,30432.0
105,2026-06,Aria,6,24073.0
105,2026-06,Brisa,7,27799.0
105,2026-06,Cirrus,11,30369.0
105,2026-06,Dune,10,35804.0
105,2026-06,Everest,4,49693.0
105,2026-06,Flux EV,7,45171.0
105,2026-06,Granite,4,41914.0
105,2026-06,Harbor,4,31415.0
105,2026-07,Aria,2,23384.0
105,2026-07,Brisa,3,28156.0
105,2026-07,Cirrus,8,30152.0
105,2026-07,Dune,6,37072.0
105,2026-07,Everest,3,51190.0
105,2026-07,Flux EV,4,45332.0
105,2026-07,Granite,7,41294.0
105,2026-07,Harbor,5,31620.0
105,2026-08,Aria,6,23403.0
105,2026-08,Brisa,1,28109.0
105,2026-08,Cirrus,5,30535.0
105,2026-08,Dune,4,38159.0
105,2026-08,Everest,1,50821.0
105,2026-08,Flux EV,0,
105,2026-08,Granite,1,41431.0
105,2026-08,Harbor,3,31235.0
105,2026-09,Aria,4,23473.0
105,2026-09,Brisa,3,28753.0
105,2026-09,Cirrus,11,30296.0
105,2026-09,Dune,7,36962.0
105,2026-09,Everest,2,51113.0
105,2026-09,Flux EV,1,45624.0
105,2026-09,Granite,6,41711.0
105,2026-09,Harbor,1,31327.0
106,2024-10,Aria,3,24392.0
106,2024-10,Brisa,2,28397.0
106,2024-10,Cirrus,1,29613.0
106,2024-10,Dune,6,37447.0
106,2024-10,Everest,1,49787.0
106,2024-10,Flux EV,0,
106,2024-10,Granite,2,41272.0
106,2024-10,Harbor,2,31964.0
106,2024-11,Aria,2,23686.0
106,2024-11,Brisa,0,
106,2024-11,Cirrus,4,30001.0
106,2024-11,Dune,2,37736.0
106,2024-11,Everest,1,50385.0
106,2024-11,Flux EV,2,45623.0
106,2024-11,Granite,3,41914.0
106,2024-11,Harbor,3,31097.0
106,2024-12,Aria,1,23482.0
106,2024-12,Brisa,4,27731.0
106,2024-12,Cirrus,5,29972.0
106,2024-12,Dune,7,36932.0
106,2024-12,Everest,1,50877.0
106,2024-12,Flux EV,0,
106,2024-12,Granite,2,41030.0
106,2024-12,Harbor,2,30781.0
106,2025-01,Aria,3,23721.0
106,2025-01,Brisa,0,
106,2025-01,Cirrus,0,
106,2025-01,Dune,6,37667.0
106,2025-01,Everest,1,49288.0
106,2025-01,Flux EV,0,
106,2025-01,Granite,2,43235.0
106,2025-01,Harbor,1,30609.0
106,2025-02,Aria,2,23614.0
106,2025-02,Brisa,3,27695.0
106,2025-02,Cirrus,1,30646.0
106,2025-02,Dune,1,37649.0
106,2025-02,Everest,3,49244.0
106,2025-02,Flux EV,2,45756.0
106,2025-02,Granite,0,
106,2025-02,Harbor,0,
106,2025-03,Aria,4,23459.0
106,2025-03,Brisa,5,29483.0
106,2025-03,Cirrus,5,30136.0
106,2025-03,Dune,3,37564.0
106,2025-03,Everest,2,49617.0
106,2025-03,Flux EV,3,47308.0
106,2025-03,Granite,2,42280.0
106,2025-03,Harbor,3,31934.0
106,2025-04,Aria,4,24011.0
106,2025-04,Brisa,1,28264.0
106,2025-04,Cirrus,3,29230.0
106,2025-04,Dune,4,37645.0
106,2025-04,Everest,0,
106,2025-04,Flux EV,4,45522.0
106,2025-04,Granite,2,41506.0
106,2025-04,Harbor,0,
106,2025-05,Aria,8,23656.0
106,2025-05,Brisa,2,28797.0
106,2025-05,Cirrus,2,29169.0
106,2025-05,Dune,2,36864.0
106,2025-05,Everest,3,48905.0
106,2025-05,Flux EV,2,47478.0
106,2025-05,Granite,1,41226.0
106,2025-05,Harbor,4,31057.0
106,2025-06,Aria,3,23726.0
106,2025-06,Brisa,1,29401.0
106,2025-06,Cirrus,3,29987.0
106,2025-06,Dune,6,37875.0
106,2025-06,Everest,2,51936.0
106,2025-06,Flux EV,4,45980.0
106,2025-06,Granite,2,42196.0
106,2025-06,Harbor,4,32680.0
106,2025-07,Aria,2,23426.0
106,2025-07,Brisa,2,28707.0
106,2025-07,Cirrus,6,31021.0
106,2025-07,Dune,1,37361.0
106,2025-07,Everest,0,
106,2025-07,Flux EV,1,45584.0
106,2025-07,Granite,1,41877.0
106,2025-07,Harbor,1,31878.0
106,2025-08,Aria,3,24551.0
106,2025-08,Brisa,3,29250.0
106,2025-08,Cirrus,7,30482.0
106,2025-08,Dune,5,37045.0
106,2025-08,Everest,1,49394.0
106,2025-08,Flux EV,1,44979.0
106,2025-08,Granite,2,42555.0
106,2025-08,Harbor,1,31693.0
106,2025-09,Aria,3,23152.0
106,2025-09,Brisa,1,27990.0
106,2025-09,Cirrus,2,29917.0
106,2025-09,Dune,2,38079.0
106,2025-09,Everest,2,51641.0
106,2025-09,Flux EV,0,
106,2025-09,Granite,2,40127.0
106,2025-09,Harbor,0,
106,2025-10,Aria,1,23274.0
106,2025-10,Brisa,2,27789.0
106,2025-10,Cirrus,6,30839.0
106,2025-10,Dune,5,36649.0
106,2025-10,Everest,2,49769.0
106,2025-10,Flux EV,2,45176.0
106,2025-10,Granite,2,41944.0
106,2025-10,Harbor,1,31559.0
106,2025-11,Aria,3,23670.0
106,2025-11,Brisa,2,28748.0
106,2025-11,Cirrus,5,29744.0
106,2025-11,Dune,5,37051.0
106,2025-11,Everest,3,50302.0
106,2025-11,Flux EV,0,
106,2025-11,Granite,1,41584.0
106,2025-11,Harbor,1,30113.0
106,2025-12,Aria,2,23137.0
106,2025-12,Brisa,5,28774.0
106,2025-12,Cirrus,7,30010.0
106,2025-12,Dune,2,37019.0
106,2025-12,Everest,1,50471.0
106,2025-12,Flux EV,0,
106,2025-12,Granite,2,41425.0
106,2025-12,Harbor,1,31785.0
106,2026-01,Aria,2,23716.0
106,2026-01,Brisa,4,27980.0
106,2026-01,Cirrus,1,30099.0
106,2026-01,Dune,2,37343.0
106,2026-01,Everest,0,
106,2026-01,Flux EV,2,45678.0
106,2026-01,Granite,1,41755.0
106,2026-01,Harbor,3,31242.0
106,2026-02,Aria,0,
106,2026-02,Brisa,3,29162.0
106,2026-02,Cirrus,1,30412.0
106,2026-02,Dune,2,37925.0
106,2026-02,Everest,0,
106,2026-02,Flux EV,0,
106,2026-02,Granite,2,42798.0
106,2026-02,Harbor,4,31666.0
106,2026-03,Aria,5,23414.0
106,2026-03,Brisa,2,28957.0
106,2026-03,Cirrus,6,29144.0
106,2026-03,Dune,2,38075.0
106,2026-03,Everest,0,
106,2026-03,Flux EV,0,
106,2026-03,Granite,2,42599.0
106,2026-03,Harbor,1,31802.0
106,2026-04,Aria,5,23696.0
106,2026-04,Brisa,0,
106,2026-04,Cirrus,1,30870.0
106,2026-04,Dune,5,36899.0
106,2026-04,Everest,0,
106,2026-04,Flux EV,1,47284.0
106,2026-04,Granite,4,41619.0
106,2026-04,Harbor,4,32084.0
106,2026-05,Aria,1,23229.0
106,2026-05,Brisa,1,29917.0
106,2026-05,Cirrus,1,30357.0
106,2026-05,Dune,3,38003.0
106,2026-05,Everest,3,50485.0
106,2026-05,Flux EV,0,
106,2026-05,Granite,0,
106,2026-05,Harbor,2,31118.0
106,2026-06,Aria,4,23953.0
106,2026-06,Brisa,1,28544.0
106,2026-06,Cirrus,4,29909.0
106,2026-06,Dune,1,36623.0
106,2026-06,Everest,1,50403.0
106,2026-06,Flux EV,1,46561.0
106,2026-06,Granite,2,41145.0
106,2026-06,Harbor,3,31883.0
106,2026-07,Aria,5,23365.0
106,2026-07,Brisa,4,28031.0
106,2026-07,Cirrus,5,29962.0
106,2026-07,Dune,0,
106,2026-07,Everest,2,51221.0
106,2026-07,Flux EV,3,44904.0
106,2026-07,Granite,3,42150.0
106,2026-07,Harbor,2,31362.0
106,2026-08,Aria,2,23246.0
106,2026-08,Brisa,2,28805.0
106,2026-08,Cirrus,4,30804.0
106,2026-08,Dune,3,37319.0
106,2026-08,Everest,1,49857.0
106,2026-08,Flux EV,4,46280.0
106,2026-08,Granite,3,42099.0
106,2026-08,Harbor,1,32231.0
106,2026-09,Aria,2,23136.0
106,2026-09,Brisa,2,28603.0
106,2026-09,Cirrus,4,30585.0
106,2026-09,Dune,4,36592.0
106,2026-09,Everest,2,51325.0
106,2026-09,Flux EV,1,46002.0
106,2026-09,Granite,1,41471.0
106,2026-09,Harbor,2,31288.0
107,2024-10,Aria,7,23355.0
107,2024-10,Brisa,3,30061.0
107,2024-10,Cirrus,5,29599.0
107,2024-10,Dune,3,36524.0
107,2024-10,Everest,2,48376.0
107,2024-10,Flux EV,2,45417.0
107,2024-10,Granite,5,41201.0
107,2024-10,Harbor,1,31297.0
107,2024-11,Aria,4,23224.0
107,2024-11,Brisa,3,28873.0
107,2024-11,Cirrus,9,29773.0
107,2024-11,Dune,5,37807.0
107,2024-11,Everest,0,
107,2024-11,Flux EV,2,45217.0
107,2024-11,Granite,4,41652.0
107,2024-11,Harbor,2,32262.0
107,2024-12,Aria,4,23732.0
107,2024-12,Brisa,2,29219.0
107,2024-12,Cirrus,4,29732.0
107,2024-12,Dune,7,38290.0
107,2024-12,Everest,0,
107,2024-12,Flux EV,1,44914.0
107,2024-12,Granite,4,41530.0
107,2024-12,Harbor,2,31850.0
107,2025-01,Aria,5,24041.0
107,2025-01,Brisa,5,28105.0
107,2025-01,Cirrus,6,30438.0
107,2025-01,Dune,3,36172.0
107,2025-01,Everest,1,49262.0
107,2025-01,Flux EV,1,44919.0
107,2025-01,Granite,3,41389.0
107,2025-01,Harbor,2,32022.0
107,2025-02,Aria,4,23859.0
107,2025-02,Brisa,2,29169.0
107,2025-02,Cirrus,2,30256.0
107,2025-02,Dune,11,37342.0
107,2025-02,Everest,0,
107,2025-02,Flux EV,1,45221.0
107,2025-02,Granite,4,41843.0
107,2025-02,Harbor,7,31790.0
107,2025-03,Aria,4,22997.0
107,2025-03,Brisa,5,29660.0
107,2025-03,Cirrus,2,31308.0
107,2025-03,Dune,4,38443.0
107,2025-03,Everest,4,51072.0
107,2025-03,Flux EV,4,46552.0
107,2025-03,Granite,7,41541.0
107,2025-03,Harbor,2,31074.0
107,2025-04,Aria,1,23591.0
107,2025-04,Brisa,2,28424.0
107,2025-04,Cirrus,6,30961.0
107,2025-04,Dune,2,37369.0
107,2025-04,Everest,2,49988.0
107,2025-04,Flux EV,1,45321.0
107,2025-04,Granite,5,42239.0
107,2025-04,Harbor,4,31344.0
107,2025-05,Aria,9,23293.0
107,2025-05,Brisa,4,27729.0
107,2025-05,Cirrus,5,30285.0
107,2025-05,Dune,7,36676.0
107,2025-05,Everest,2,50944.0
107,2025-05,Flux EV,0,
107,2025-05,Granite,5,41624.0
107,2025-05,Harbor,3,31589.0
107,2025-06,Aria,6,23422.0
107,2025-06,Brisa,4,28084.0
107,2025-06,Cirrus,6,30558.0
107,2025-06,Dune,6,36727.0
107,2025-06,Everest,2,49786.0
107,2025-06,Flux EV,0,
107,2025-06,Granite,4,42766.0
107,2025-06,Harbor,4,30565.0
107,2025-07,Aria,3,23246.0
107,2025-07,Brisa,1,28471.0
107,2025-07,Cirrus,8,29894.0
107,2025-07,Dune,7,35782.0
107,2025-07,Everest,1,51152.0
107,2025-07,Flux EV,2,46751.0
107,2025-07,Granite,2,41295.0
107,2025-07,Harbor,2,31464.0
107,2025-08,Aria,2,23152.0
107,2025-08,Brisa,4,28676.0
107,2025-08,Cirrus,5,29756.0
107,2025-08,Dune,4,36610.0
107,2025-08,Everest,4,49381.0
107,2025-08,Flux EV,0,
107,2025-08,Granite,2,41608.0
107,2025-08,Harbor,2,31014.0
107,2025-09,Aria,4,23378.0
107,2025-09,Brisa,6,28631.0
107,2025-09,Cirrus,8,30225.0
107,2025-09,Dune,7,36357.0
107,2025-09,Everest,1,49908.0
107,2025-09,Flux EV,2,45600.0
107,2025-09,Granite,3,40779.0
107,2025-09,Harbor,4,32585.0
107,2025-10,Aria,7,24092.0
107,2025-10,Brisa,3,29085.0
107,2025-10,Cirrus,7,29997.0
107,2025-10,Dune,9,37657.0
107,2025-10,Everest,0,
107,2025-10,Flux EV,2,46131.0
107,2025-10,Granite,1,42126.0
107,2025-10,Harbor,3,31069.0
107,2025-11,Aria,8,23450.0
107,2025-11,Brisa,5,28500.0
107,2025-11,Cirrus,11,30492.0
107,2025-11,Dune,3,37478.0
107,2025-11,Everest,4,49285.0
107,2025-11,Flux EV,1,45383.0
107,2025-11,Granite,5,44222.0
107,2025-11,Harbor,5,31247.0
107,2025-12,Aria,4,23826.0
107,2025-12,Brisa,0,
107,2025-12,Cirrus,13,29466.0
107,2025-12,Dune,7,37846.0
107,2025-12,Everest,8,50996.0
107,2025-12,Flux EV,0,
107,2025-12,Granite,3,39711.0
107,2025-12,Harbor,3,31478.0
107,2026-01,Aria,6,23070.0
107,2026-01,Brisa,4,28472.0
107,2026-01,Cirrus,3,30521.0
107,2026-01,Dune,5,37831.0
107,2026-01,Everest,0,
107,2026-01,Flux EV,0,
107,2026-01,Granite,5,42397.0
107,2026-01,Harbor,2,31875.0
107,2026-02,Aria,4,23043.0
107,2026-02,Brisa,4,28099.0
107,2026-02,Cirrus,7,29897.0
107,2026-02,Dune,6,37544.0
107,2026-02,Everest,4,51791.0
107,2026-02,Flux EV,1,45859.0
107,2026-02,Granite,1,41051.0
107,2026-02,Harbor,1,31544.0
107,2026-03,Aria,3,23623.0
107,2026-03,Brisa,3,28621.0
107,2026-03,Cirrus,4,30034.0
107,2026-03,Dune,2,36103.0
107,2026-03,Everest,6,51535.0
107,2026-03,Flux EV,1,44119.0
107,2026-03,Granite,5,42273.0
107,2026-03,Harbor,7,31810.0
107,2026-04,Aria,4,23816.0
107,2026-04,Brisa,6,28984.0
107,2026-04,Cirrus,9,31102.0
107,2026-04,Dune,11,37472.0
107,2026-04,Everest,2,50549.0
107,2026-04,Flux EV,1,46374.0
107,2026-04,Granite,14,40370.0
107,2026-04,Harbor,6,31027.0
107,2026-05,Aria,5,23595.0
107,2026-05,Brisa,8,28325.0
107,2026-05,Cirrus,8,30145.0
107,2026-05,Dune,6,37678.0
107,2026-05,Everest,3,52197.0
107,2026-05,Flux EV,2,47744.0
107,2026-05,Granite,4,42730.0
107,2026-05,Harbor,2,31956.0
107,2026-06,Aria,7,23968.0
107,2026-06,Brisa,5,28554.0
107,2026-06,Cirrus,4,30950.0
107,2026-06,Dune,9,36718.0
107,2026-06,Everest,2,50105.0
107,2026-06,Flux EV,2,44664.0
107,2026-06,Granite,3,42277.0
107,2026-06,Harbor,3,32069.0
107,2026-07,Aria,5,23009.0
107,2026-07,Brisa,2,28706.0
107,2026-07,Cirrus,11,30156.0
107,2026-07,Dune,6,38006.0
107,2026-07,Everest,3,50963.0
107,2026-07,Flux EV,0,
107,2026-07,Granite,2,41596.0
107,2026-07,Harbor,6,31180.0
107,2026-08,Aria,5,23343.0
107,2026-08,Brisa,6,27921.0
107,2026-08,Cirrus,4,30052.0
107,2026-08,Dune,10,36936.0
107,2026-08,Everest,3,50924.0
107,2026-08,Flux EV,2,45093.0
107,2026-08,Granite,6,42704.0
107,2026-08,Harbor,2,31317.0
107,2026-09,Aria,5,23758.0
107,2026-09,Brisa,7,28803.0
107,2026-09,Cirrus,10,31027.0
107,2026-09,Dune,10,37241.0
107,2026-09,Everest,1,51674.0
107,2026-09,Flux EV,1,45877.0
107,2026-09,Granite,3,41136.0
107,2026-09,Harbor,2,31352.0
108,2024-10,Aria,3,23946.0
108,2024-10,Brisa,6,29276.0
108,2024-10,Cirrus,2,30043.0
108,2024-10,Dune,4,36715.0
108,2024-10,Everest,6,49226.0
108,2024-10,Flux EV,2,47630.0
108,2024-10,Granite,4,42789.0
108,2024-10,Harbor,1,30883.0
108,2024-11,Aria,3,23214.0
108,2024-11,Brisa,6,29057.0
108,2024-11,Cirrus,9,30378.0
108,2024-11,Dune,5,38222.0
108,2024-11,Everest,3,52238.0
108,2024-11,Flux EV,4,46397.0
108,2024-11,Granite,6,42572.0
108,2024-11,Harbor,3,31845.0
108,2024-12,Aria,6,22602.0
108,2024-12,Brisa,4,28795.0
108,2024-12,Cirrus,4,30531.0
108,2024-12,Dune,5,36060.0
108,2024-12,Everest,3,50728.0
108,2024-12,Flux EV,2,45490.0
108,2024-12,Granite,4,41749.0
108,2024-12,Harbor,2,31592.0
108,2025-01,Aria,6,23717.0
108,2025-01,Brisa,3,29094.0
108,2025-01,Cirrus,3,30148.0
108,2025-01,Dune,5,37232.0
108,2025-01,Everest,3,51469.0
108,2025-01,Flux EV,3,47028.0
108,2025-01,Granite,4,41090.0
108,2025-01,Harbor,3,31717.0
108,2025-02,Aria,6,22766.0
108,2025-02,Brisa,5,29201.0
108,2025-02,Cirrus,4,28908.0
108,2025-02,Dune,4,37157.0
108,2025-02,Everest,1,50725.0
108,2025-02,Flux EV,3,43847.0
108,2025-02,Granite,6,41590.0
108,2025-02,Harbor,3,31408.0
108,2025-03,Aria,4,23939.0
108,2025-03,Brisa,3,28762.0
108,2025-03,Cirrus,6,30816.0
108,2025-03,Dune,5,39065.0
108,2025-03,Everest,4,50359.0
108,2025-03,Flux EV,6,45522.0
108,2025-03,Granite,6,41260.0
108,2025-03,Harbor,3,32249.0
108,2025-04,Aria,6,23531.0
108,2025-04,Brisa,3,29091.0
108,2025-04,Cirrus,9,29705.0
108,2025-04,Dune,7,36124.0
108,2025-04,Everest,1,50877.0
108,2025-04,Flux EV,3,46251.0
108,2025-04,Granite,4,41330.0
108,2025-04,Harbor,2,31346.0
108,2025-05,Aria,2,23892.0
108,2025-05,Brisa,5,28873.0
108,2025-05,Cirrus,6,29990.0
108,2025-05,Dune,5,37094.0
108,2025-05,Everest,5,47912.0
108,2025-05,Flux EV,1,44438.0
108,2025-05,Granite,8,42613.0
108,2025-05,Harbor,3,31615.0
108,2025-06,Aria,4,24433.0
108,2025-06,Brisa,3,28814.0
108,2025-06,Cirrus,5,30542.0
108,2025-06,Dune,4,38588.0
108,2025-06,Everest,7,49371.0
108,2025-06,Flux EV,2,45396.0
108,2025-06,Granite,3,40042.0
108,2025-06,Harbor,1,32035.0
108,2025-07,Aria,3,23906.0
108,2025-07,Brisa,2,28966.0
108,2025-07,Cirrus,8,31138.0
108,2025-07,Dune,2,36652.0
108,2025-07,Everest,2,52299.0
108,2025-07,Flux EV,1,46106.0
108,2025-07,Granite,3,40582.0
108,2025-07,Harbor,2,31566.0
108,2025-08,Aria,7,23073.0
108,2025-08,Brisa,3,27949.0
108,2025-08,Cirrus,3,30537.0
108,2025-08,Dune,4,37646.0
108,2025-08,Everest,1,48047.0
108,2025-08,Flux EV,2,45894.0
108,2025-08,Granite,4,42469.0
108,2025-08,Harbor,1,31193.0
108,2025-09,Aria,2,23643.0
108,2025-09,Brisa,5,28476.0
108,2025-09,Cirrus,5,30007.0
108,2025-09,Dune,7,36896.0
108,2025-09,Everest,3,49080.0
108,2025-09,Flux EV,1,46136.0
108,2025-09,Granite,4,41329.0
108,2025-09,Harbor,2,31928.0
108,2025-10,Aria,4,23325.0
108,2025-10,Brisa,2,28470.0
108,2025-10,Cirrus,5,30378.0
108,2025-10,Dune,5,37474.0
108,2025-10,Everest,3,49564.0
108,2025-10,Flux EV,2,45940.0
108,2025-10,Granite,8,40373.0
108,2025-10,Harbor,4,31638.0
108,2025-11,Aria,4,23550.0
108,2025-11,Brisa,1,29083.0
108,2025-11,Cirrus,3,30920.0
108,2025-11,Dune,4,37202.0
108,2025-11,Everest,3,50899.0
108,2025-11,Flux EV,3,46564.0
108,2025-11,Granite,7,39899.0
108,2025-11,Harbor,2,31179.0
108,2025-12,Aria,5,22809.0
108,2025-12,Brisa,1,28430.0
108,2025-12,Cirrus,10,30666.0
108,2025-12,Dune,5,37118.0
108,2025-12,Everest,0,
108,2025-12,Flux EV,1,45285.0
108,2025-12,Granite,4,41312.0
108,2025-12,Harbor,3,31268.0
108,2026-01,Aria,1,23729.0
108,2026-01,Brisa,5,29649.0
108,2026-01,Cirrus,3,30809.0
108,2026-01,Dune,6,37101.0
108,2026-01,Everest,2,50271.0
108,2026-01,Flux EV,5,45173.0
108,2026-01,Granite,3,42040.0
108,2026-01,Harbor,2,32608.0
108,2026-02,Aria,2,23318.0
108,2026-02,Brisa,4,28281.0
108,2026-02,Cirrus,4,29974.0
108,2026-02,Dune,7,36201.0
108,2026-02,Everest,1,51877.0
108,2026-02,Flux EV,1,46340.0
108,2026-02,Granite,3,42124.0
108,2026-02,Harbor,1,31917.0
108,2026-03,Aria,5,23365.0
108,2026-03,Brisa,1,27804.0
108,2026-03,Cirrus,3,30161.0
108,2026-03,Dune,4,36966.0
108,2026-03,Everest,3,51327.0
108,2026-03,Flux EV,2,45402.0
108,2026-03,Granite,6,41054.0
108,2026-03,Harbor,1,31414.0
108,2026-04,Aria,1,23321.0
108,2026-04,Brisa,2,29118.0
108,2026-04,Cirrus,2,30569.0
108,2026-04,Dune,10,37147.0
108,2026-04,Everest,0,
108,2026-04,Flux EV,1,46132.0
108,2026-04,Granite,2,41513.0
108,2026-04,Harbor,7,32410.0
108,2026-05,Aria,4,23992.0
108,2026-05,Brisa,1,27604.0
108,2026-05,Cirrus,4,29645.0
108,2026-05,Dune,11,38000.0
108,2026-05,Everest,2,51009.0
108,2026-05,Flux EV,4,46492.0
108,2026-05,Granite,7,41378.0
108,2026-05,Harbor,2,31095.0
108,2026-06,Aria,7,23091.0
108,2026-06,Brisa,3,28746.0
108,2026-06,Cirrus,11,31500.0
108,2026-06,Dune,0,
108,2026-06,Everest,1,51338.0
108,2026-06,Flux EV,3,45059.0
108,2026-06,Granite,6,43073.0
108,2026-06,Harbor,5,31663.0
108,2026-07,Aria,6,22845.0
108,2026-07,Brisa,3,28234.0
108,2026-07,Cirrus,1,30213.0
108,2026-07,Dune,4,37103.0
108,2026-07,Everest,0,
108,2026-07,Flux EV,3,44183.0
108,2026-07,Granite,7,41528.0
108,2026-07,Harbor,3,32712.0
108,2026-08,Aria,3,23531.0
108,2026-08,Brisa,3,28661.0
108,2026-08,Cirrus,3,29833.0
108,2026-08,Dune,4,37205.0
108,2026-08,Everest,3,51273.0
108,2026-08,Flux EV,1,45611.0
108,2026-08,Granite,4,42179.0
108,2026-08,Harbor,3,32337.0
108,2026-09,Aria,3,22796.0
108,2026-09,Brisa,3,28330.0
108,2026-09,Cirrus,6,30685.0
108,2026-09,Dune,4,37394.0
108,2026-09,Everest,0,
108,2026-09,Flux EV,3,45172.0
108,2026-09,Granite,7,41658.0
108,2026-09,Harbor,3,31885.0
109,2024-10,Aria,9,23057.0
109,2024-10,Brisa,6,28730.0
109,2024-10,Cirrus,13,30651.0
109,2024-10,Dune,7,37611.0
109,2024-10,Everest,4,51096.0
109,2024-10,Flux EV,5,46489.0
109,2024-10,Granite,9,42743.0
109,2024-10,Harbor,3,32388.0
109,2024-11,Aria,9,24022.0
109,2024-11,Brisa,7,28310.0
109,2024-11,Cirrus,18,29392.0
109,2024-11,Dune,9,38331.0
109,2024-11,Everest,5,49724.0
109,2024-11,Flux EV,6,46830.0
109,2024-11,Granite,9,42099.0
109,2024-11,Harbor,4,32462.0
109,2024-12,Aria,18,23993.0
109,2024-12,Brisa,8,29201.0
109,2024-12,Cirrus,12,30796.0
109,2024-12,Dune,7,37467.0
109,2024-12,Everest,1,49987.0
109,2024-12,Flux EV,6,47487.0
109,2024-12,Granite,11,39642.0
109,2024-12,Harbor,4,31285.0
109,2025-01,Aria,8,23171.0
109,2025-01,Brisa,2,28689.0
109,2025-01,Cirrus,9,30120.0
109,2025-01,Dune,3,36719.0
109,2025-01,Everest,3,49951.0
109,2025-01,Flux EV,3,47193.0
109,2025-01,Granite,7,42557.0
109,2025-01,Harbor,1,32551.0
109,2025-02,Aria,4,23955.0
109,2025-02,Brisa,4,28200.0
109,2025-02,Cirrus,7,30393.0
109,2025-02,Dune,10,37725.0
109,2025-02,Everest,4,52460.0
109,2025-02,Flux EV,1,44930.0
109,2025-02,Granite,8,41067.0
109,2025-02,Harbor,5,32689.0
109,2025-03,Aria,7,23085.0
109,2025-03,Brisa,4,28797.0
109,2025-03,Cirrus,11,30475.0
109,2025-03,Dune,11,38308.0
109,2025-03,Everest,10,49192.0
109,2025-03,Flux EV,9,45379.0
109,2025-03,Granite,12,41720.0
109,2025-03,Harbor,4,31289.0
109,2025-04,Aria,13,23250.0
109,2025-04,Brisa,9,27946.0
109,2025-04,Cirrus,11,30294.0
109,2025-04,Dune,11,36620.0
109,2025-04,Everest,9,48790.0
109,2025-04,Flux EV,4,44094.0
109,2025-04,Granite,8,42475.0
109,2025-04,Harbor,5,31166.0
109,2025-05,Aria,7,22934.0
109,2025-05,Brisa,9,28470.0
109,2025-05,Cirrus,12,30802.0
109,2025-05,Dune,9,37008.0
109,2025-05,Everest,4,50226.0
109,2025-05,Flux EV,3,47119.0
109,2025-05,Granite,6,42817.0
109,2025-05,Harbor,6,31952.0
109,2025-06,Aria,4,22707.0
109,2025-06,Brisa,4,29051.0
109,2025-06,Cirrus,9,29582.0
109,2025-06,Dune,8,38593.0
109,2025-06,Everest,3,50471.0
109,2025-06,Flux EV,3,47086.0
109,2025-06,Granite,5,40945.0
109,2025-06,Harbor,4,31093.0
109,2025-07,Aria,7,23286.0
109,2025-07,Brisa,5,30067.0
109,2025-07,Cirrus,12,29922.0
109,2025-07,Dune,7,37645.0
109,2025-07,Everest,5,49979.0
109,2025-07,Flux EV,2,46735.0
109,2025-07,Granite,5,41667.0
109,2025-07,Harbor,3,32631.0
109,2025-08,Aria,8,23222.0
109,2025-08,Brisa,9,28283.0
109,2025-08,Cirrus,6,29445.0
109,2025-08,Dune,7,38702.0
109,2025-08,Everest,4,48612.0
109,2025-08,Flux EV,3,45991.0
109,2025-08,Granite,7,41871.0
109,2025-08,Harbor,2,31541.0
109,2025-09,Aria,10,23336.0
109,2025-09,Brisa,3,29191.0
109,2025-09,Cirrus,8,29790.0
109,2025-09,Dune,12,36162.0
109,2025-09,Everest,3,50304.0
109,2025-09,Flux EV,9,47550.0
109,2025-09,Granite,6,42419.0
109,2025-09,Harbor,6,30816.0
109,2025-10,Aria,7,23469.0
109,2025-10,Brisa,3,28854.0
109,2025-10,Cirrus,10,30170.0
109,2025-10,Dune,7,37608.0
109,2025-10,Everest,5,49940.0
109,2025-10,Flux EV,3,47472.0
109,2025-10,Granite,8,41759.0
109,2025-10,Harbor,4,32142.0
109,2025-11,Aria,5,23476.0
109,2025-11,Brisa,3,28993.0
109,2025-11,Cirrus,8,30643.0
109,2025-11,Dune,10,37053.0
109,2025-11,Everest,4,52666.0
109,2025-11,Flux EV,4,45793.0
109,2025-11,Granite,11,41670.0
109,2025-11,Harbor,7,32069.0
109,2025-12,Aria,8,23211.0
109,2025-12,Brisa,4,28323.0
109,2025-12,Cirrus,12,29817.0
109,2025-12,Dune,8,36742.0
109,2025-12,Everest,6,50004.0
109,2025-12,Flux EV,6,45224.0
109,2025-12,Granite,12,42100.0
109,2025-12,Harbor,9,31016.0
109,2026-01,Aria,6,23568.0
109,2026-01,Brisa,6,27638.0
109,2026-01,Cirrus,11,29962.0
109,2026-01,Dune,4,36077.0
109,2026-01,Everest,6,50516.0
109,2026-01,Flux EV,1,47090.0
109,2026-01,Granite,11,42087.0
109,2026-01,Harbor,5,31475.0
109,2026-02,Aria,9,23423.0
109,2026-02,Brisa,4,27985.0
109,2026-02,Cirrus,5,29601.0
109,2026-02,Dune,6,36980.0
109,2026-02,Everest,4,49383.0
109,2026-02,Flux EV,3,46384.0
109,2026-02,Granite,14,41770.0
109,2026-02,Harbor,1,31678.0
109,2026-03,Aria,5,24047.0
109,2026-03,Brisa,6,28826.0
109,2026-03,Cirrus,8,29966.0
109,2026-03,Dune,13,38215.0
109,2026-03,Everest,1,51904.0
109,2026-03,Flux EV,0,
109,2026-03,Granite,6,42711.0
109,2026-03,Harbor,6,31136.0
109,2026-04,Aria,6,23832.0
109,2026-04,Brisa,15,29585.0
109,2026-04,Cirrus,7,30029.0
109,2026-04,Dune,15,37625.0
109,2026-04,Everest,3,50659.0
109,2026-04,Flux EV,5,45490.0
109,2026-04,Granite,7,42354.0
109,2026-04,Harbor,4,31691.0
109,2026-05,Aria,6,23667.0
109,2026-05,Brisa,7,29551.0
109,2026-05,Cirrus,12,30688.0
109,2026-05,Dune,10,37881.0
109,2026-05,Everest,5,49848.0
109,2026-05,Flux EV,6,46053.0
109,2026-05,Granite,10,42127.0
109,2026-05,Harbor,5,30873.0
109,2026-06,Aria,9,24508.0
109,2026-06,Brisa,4,28537.0
109,2026-06,Cirrus,12,29927.0
109,2026-06,Dune,7,38183.0
109,2026-06,Everest,6,50967.0
109,2026-06,Flux EV,3,45905.0
109,2026-06,Granite,10,41574.0
109,2026-06,Harbor,6,31925.0
109,2026-07,Aria,5,23838.0
109,2026-07,Brisa,6,28748.0
109,2026-07,Cirrus,6,29596.0
109,2026-07,Dune,12,36405.0
109,2026-07,Everest,4,49779.0
109,2026-07,Flux EV,2,47094.0
109,2026-07,Granite,7,41346.0
109,2026-07,Harbor,4,31631.0
109,2026-08,Aria,8,23366.0
109,2026-08,Brisa,1,28672.0
109,2026-08,Cirrus,12,29986.0
109,2026-08,Dune,7,37338.0
109,2026-08,Everest,3,50970.0
109,2026-08,Flux EV,3,44324.0
109,2026-08,Granite,5,41896.0
109,2026-08,Harbor,6,31597.0
109,2026-09,Aria,11,23908.0
109,2026-09,Brisa,6,28355.0
109,2026-09,Cirrus,13,31281.0
109,2026-09,Dune,7,36822.0
109,2026-09,Everest,3,52533.0
109,2026-09,Flux EV,3,45064.0
109,2026-09,Granite,10,41788.0
109,2026-09,Harbor,8,31739.0
110,2024-10,Aria,4,23702.0
110,2024-10,Brisa,2,29048.0
110,2024-10,Cirrus,4,30804.0
110,2024-10,Dune,2,36166.0
110,2024-10,Everest,2,50134.0
110,2024-10,Flux EV,1,45962.0
110,2024-10,Granite,7,41602.0
110,2024-10,Harbor,1,31787.0
110,2024-11,Aria,5,24285.0
110,2024-11,Brisa,1,28508.0
110,2024-11,Cirrus,4,29567.0
110,2024-11,Dune,4,37487.0
110,2024-11,Everest,3,49588.0
110,2024-11,Flux EV,2,45551.0
110,2024-11,Granite,3,41272.0
110,2024-11,Harbor,1,31202.0
110,2024-12,Aria,5,23745.0
110,2024-12,Brisa,2,28234.0
110,2024-12,Cirrus,0,
110,2024-12,Dune,5,37132.0
110,2024-12,Everest,1,50392.0
110,2024-12,Flux EV,2,46287.0
110,2024-12,Granite,2,41116.0
110,2024-12,Harbor,3,31485.0
110,2025-01,Aria,3,23256.0
110,2025-01,Brisa,1,29367.0
110,2025-01,Cirrus,2,29532.0
110,2025-01,Dune,4,36994.0
110,2025-01,Everest,1,51010.0
110,2025-01,Flux EV,0,
110,2025-01,Granite,2,41675.0
110,2025-01,Harbor,2,32355.0
110,2025-02,Aria,3,23517.0
110,2025-02,Brisa,5,29764.0
110,2025-02,Cirrus,4,30224.0
110,2025-02,Dune,3,36837.0
110,2025-02,Everest,4,51147.0
110,2025-02,Flux EV,3,45277.0
110,2025-02,Granite,1,42304.0
110,2025-02,Harbor,2,30880.0
110,2025-03,Aria,3,23639.0
110,2025-03,Brisa,6,28674.0
110,2025-03,Cirrus,5,29858.0
110,2025-03,Dune,5,36993.0
110,2025-03,Everest,1,50346.0
110,2025-03,Flux EV,1,44702.0
110,2025-03,Granite,2,42465.0
110,2025-03,Harbor,3,31123.0
110,2025-04,Aria,5,23611.0
110,2025-04,Brisa,1,29037.0
110,2025-04,Cirrus,3,29832.0
110,2025-04,Dune,3,37754.0
110,2025-04,Everest,2,50263.0
110,2025-04,Flux EV,6,45508.0
110,2025-04,Granite,1,40799.0
110,2025-04,Harbor,1,31397.0
110,2025-05,Aria,3,23797.0
110,2025-05,Brisa,2,28054.0
110,2025-05,Cirrus,4,31056.0
110,2025-05,Dune,6,37754.0
110,2025-05,Everest,1,48381.0
110,2025-05,Flux EV,3,46459.0
110,2025-05,Granite,3,41543.0
110,2025-05,Harbor,3,30992.0
110,2025-06,Aria,2,23093.0
110,2025-06,Brisa,1,28443.0
110,2025-06,Cirrus,4,30919.0
110,2025-06,Dune,5,36929.0
110,2025-06,Everest,0,
110,2025-06,Flux EV,3,45540.0
110,2025-06,Granite,2,41995.0
110,2025-06,Harbor,4,31115.0
110,2025-07,Aria,4,23506.0
110,2025-07,Brisa,4,27961.0
110,2025-07,Cirrus,2,30306.0
110,2025-07,Dune,2,36258.0
110,2025-07,Everest,1,50474.0
110,2025-07,Flux EV,1,46196.0
110,2025-07,Granite,0,
110,2025-07,Harbor,3,31667.0
110,2025-08,Aria,3,24068.0
110,2025-08,Brisa,2,28590.0
110,2025-08,Cirrus,1,30521.0
110,2025-08,Dune,3,37115.0
110,2025-08,Everest,1,48243.0
110,2025-08,Flux EV,2,46604.0
110,2025-08,Granite,3,41535.0
110,2025-08,Harbor,2,32474.0
110,2025-09,Aria,3,23317.0
110,2025-09,Brisa,2,28285.0
110,2025-09,Cirrus,5,28833.0
110,2025-09,Dune,2,36879.0
110,2025-09,Everest,2,52181.0
110,2025-09,Flux EV,1,46522.0
110,2025-09,Granite,2,42779.0
110,2025-09,Harbor,2,31432.0
110,2025-10,Aria,3,23764.0
110,2025-10,Brisa,3,28552.0
110,2025-10,Cirrus,4,30667.0
110,2025-10,Dune,3,36902.0
110,2025-10,Everest,1,51376.0
110,2025-10,Flux EV,0,
110,2025-10,Granite,5,42283.0
110,2025-10,Harbor,2,30873.0
110,2025-11,Aria,6,23307.0
110,2025-11,Brisa,3,28554.0
110,2025-11,Cirrus,2,30612.0
110,2025-11,Dune,4,37045.0
110,2025-11,Everest,0,
110,2025-11,Flux EV,2,45519.0
110,2025-11,Granite,1,41776.0
110,2025-11,Harbor,3,32786.0
110,2025-12,Aria,5,23428.0
110,2025-12,Brisa,2,29348.0
110,2025-12,Cirrus,7,30292.0
110,2025-12,Dune,4,37883.0
110,2025-12,Everest,0,
110,2025-12,Flux EV,6,46412.0
110,2025-12,Granite,3,39993.0
110,2025-12,Harbor,3,31335.0
110,2026-01,Aria,1,23296.0
110,2026-01,Brisa,4,29009.0
110,2026-01,Cirrus,2,29862.0
110,2026-01,Dune,5,37210.0
110,2026-01,Everest,2,51570.0
110,2026-01,Flux EV,1,46147.0
110,2026-01,Granite,2,40625.0
110,2026-01,Harbor,0,
110,2026-02,Aria,0,
110,2026-02,Brisa,2,28466.0
110,2026-02,Cirrus,2,29718.0
110,2026-02,Dune,5,37461.0
110,2026-02,Everest,0,
110,2026-02,Flux EV,2,46422.0
110,2026-02,Granite,1,42480.0
110,2026-02,Harbor,1,30768.0
110,2026-03,Aria,4,24138.0
110,2026-03,Brisa,2,27735.0
110,2026-03,Cirrus,5,30667.0
110,2026-03,Dune,1,37276.0
110,2026-03,Everest,0,
110,2026-03,Flux EV,2,46187.0
110,2026-03,Granite,5,41926.0
110,2026-03,Harbor,2,32014.0
110,2026-04,Aria,3,23668.0
110,2026-04,Brisa,6,28344.0
110,2026-04,Cirrus,2,30188.0
110,2026-04,Dune,4,37210.0
110,2026-04,Everest,1,49383.0
110,2026-04,Flux EV,1,47273.0
110,2026-04,Granite,0,
110,2026-04,Harbor,2,31628.0
110,2026-05,Aria,4,23262.0
110,2026-05,Brisa,5,29221.0
110,2026-05,Cirrus,11,30345.0
110,2026-05,Dune,5,36513.0
110,2026-05,Everest,1,49244.0
110,2026-05,Flux EV,1,45953.0
110,2026-05,Granite,0,
110,2026-05,Harbor,2,31293.0
110,2026-06,Aria,0,
110,2026-06,Brisa,6,28686.0
110,2026-06,Cirrus,5,28872.0
110,2026-06,Dune,1,37070.0
110,2026-06,Everest,0,
110,2026-06,Flux EV,4,46837.0
110,2026-06,Granite,5,41969.0
110,2026-06,Harbor,0,
110,2026-07,Aria,3,23584.0
110,2026-07,Brisa,1,28909.0
110,2026-07,Cirrus,7,31064.0
110,2026-07,Dune,0,
110,2026-07,Everest,2,51576.0
110,2026-07,Flux EV,4,46296.0
110,2026-07,Granite,2,40196.0
110,2026-07,Harbor,1,32572.0
110,2026-08,Aria,3,23804.0
110,2026-08,Brisa,3,28848.0
110,2026-08,Cirrus,6,29123.0
110,2026-08,Dune,5,37192.0
110,2026-08,Everest,0,
110,2026-08,Flux EV,2,45711.0
110,2026-08,Granite,3,41341.0
110,2026-08,Harbor,2,31388.0
110,2026-09,Aria,1,23093.0
110,2026-09,Brisa,1,29858.0
110,2026-09,Cirrus,4,30474.0
110,2026-09,Dune,6,37549.0
110,2026-09,Everest,2,50234.0
110,2026-09,Flux EV,4,44116.0
110,2026-09,Granite,2,42081.0
110,2026-09,Harbor,2,31423.0
111,2024-10,Aria,5,23572.0
111,2024-10,Brisa,2,29131.0
111,2024-10,Cirrus,3,30244.0
111,2024-10,Dune,4,37811.0
111,2024-10,Everest,3,49878.0
111,2024-10,Flux EV,2,44763.0
111,2024-10,Granite,3,41786.0
111,2024-10,Harbor,0,
111,2024-11,Aria,4,23829.0
111,2024-11,Brisa,4,29115.0
111,2024-11,Cirrus,8,29650.0
111,2024-11,Dune,9,37775.0
111,2024-11,Everest,2,49332.0
111,2024-11,Flux EV,3,45711.0
111,2024-11,Granite,2,41344.0
111,2024-11,Harbor,4,32107.0
111,2024-12,Aria,6,23953.0
111,2024-12,Brisa,4,28374.0
111,2024-12,Cirrus,3,29893.0
111,2024-12,Dune,6,36708.0
111,2024-12,Everest,1,50879.0
111,2024-12,Flux EV,2,46888.0
111,2024-12,Granite,6,42582.0
111,2024-12,Harbor,4,31581.0
111,2025-01,Aria,1,23394.0
111,2025-01,Brisa,2,28331.0
111,2025-01,Cirrus,2,28942.0
111,2025-01,Dune,2,37485.0
111,2025-01,Everest,1,49235.0
111,2025-01,Flux EV,0,
111,2025-01,Granite,1,41212.0
111,2025-01,Harbor,2,31132.0
111,2025-02,Aria,2,23378.0
111,2025-02,Brisa,6,28449.0
111,2025-02,Cirrus,10,30284.0
111,2025-02,Dune,6,37375.0
111,2025-02,Everest,2,48794.0
111,2025-02,Flux EV,2,44895.0
111,2025-02,Granite,2,42004.0
111,2025-02,Harbor,2,30756.0
111,2025-03,Aria,6,23858.0
111,2025-03,Brisa,0,
111,2025-03,Cirrus,7,30126.0
111,2025-03,Dune,3,37604.0
111,2025-03,Everest,2,50750.0
111,2025-03,Flux EV,0,
111,2025-03,Granite,1,42999.0
111,2025-03,Harbor,1,31081.0
111,2025-04,Aria,7,23890.0
111,2025-04,Brisa,2,27750.0
111,2025-04,Cirrus,8,31443.0
111,2025-04,Dune,6,36721.0
111,2025-04,Everest,2,50973.0
111,2025-04,Flux EV,3,45609.0
111,2025-04,Granite,2,42966.0
111,2025-04,Harbor,2,31350.0
111,2025-05,Aria,4,24362.0
111,2025-05,Brisa,6,28516.0
111,2025-05,Cirrus,7,30695.0
111,2025-05,Dune,5,37493.0
111,2025-05,Everest,1,51135.0
111,2025-05,Flux EV,2,44817.0
111,2025-05,Granite,7,41985.0
111,2025-05,Harbor,6,31419.0
111,2025-06,Aria,3,22917.0
111,2025-06,Brisa,0,
111,2025-06,Cirrus,11,30937.0
111,2025-06,Dune,9,37262.0
111,2025-06,Everest,2,48774.0
111,2025-06,Flux EV,3,44874.0
111,2025-06,Granite,1,42915.0
111,2025-06,Harbor,1,31609.0
111,2025-07,Aria,5,23953.0
111,2025-07,Brisa,11,28935.0
111,2025-07,Cirrus,7,28866.0
111,2025-07,Dune,6,37728.0
111,2025-07,Everest,3,48940.0
111,2025-07,Flux EV,4,45966.0
111,2025-07,Granite,4,41906.0
111,2025-07,Harbor,1,31847.0
111,2025-08,Aria,9,23422.0
111,2025-08,Brisa,4,28528.0
111,2025-08,Cirrus,2,29958.0
111,2025-08,Dune,5,37592.0
111,2025-08,Everest,2,49604.0
111,2025-08,Flux EV,5,46738.0
111,2025-08,Granite,3,41056.0
111,2025-08,Harbor,1,31891.0
111,2025-09,Aria,9,23774.0
111,2025-09,Brisa,5,28312.0
111,2025-09,Cirrus,10,30218.0
111,2025-09,Dune,8,36421.0
111,2025-09,Everest,4,48550.0
111,2025-09,Flux EV,1,45942.0
111,2025-09,Granite,1,42558.0
111,2025-09,Harbor,3,32083.0
111,2025-10,Aria,8,23543.0
111,2025-10,Brisa,6,29520.0
111,2025-10,Cirrus,4,30027.0
111,2025-10,Dune,2,37029.0
111,2025-10,Everest,3,49714.0
111,2025-10,Flux EV,2,46657.0
111,2025-10,Granite,4,41517.0
111,2025-10,Harbor,0,
111,2025-11,Aria,3,24155.0
111,2025-11,Brisa,0,
111,2025-11,Cirrus,3,30498.0
111,2025-11,Dune,3,38372.0
111,2025-11,Everest,8,50294.0
111,2025-11,Flux EV,1,45269.0
111,2025-11,Granite,4,40781.0
111,2025-11,Harbor,3,32341.0
111,2025-12,Aria,9,23003.0
111,2025-12,Brisa,4,29551.0
111,2025-12,Cirrus,9,29712.0
111,2025-12,Dune,3,37556.0
111,2025-12,Everest,3,51441.0
111,2025-12,Flux EV,2,46110.0
111,2025-12,Granite,3,41871.0
111,2025-12,Harbor,3,31145.0
111,2026-01,Aria,9,24357.0
111,2026-01,Brisa,2,28258.0
111,2026-01,Cirrus,4,29920.0
111,2026-01,Dune,3,37612.0
111,2026-01,Everest,3,50150.0
111,2026-01,Flux EV,0,
111,2026-01,Granite,2,42379.0
111,2026-01,Harbor,4,30666.0
111,2026-02,Aria,4,23818.0
111,2026-02,Brisa,3,29174.0
111,2026-02,Cirrus,4,29793.0
111,2026-02,Dune,2,37329.0
111,2026-02,Everest,1,50746.0
111,2026-02,Flux EV,0,
111,2026-02,Granite,4,42646.0
111,2026-02,Harbor,1,31508.0
111,2026-03,Aria,6,23699.0
111,2026-03,Brisa,3,28507.0
111,2026-03,Cirrus,5,30464.0
111,2026-03,Dune,7,37036.0
111,2026-03,Everest,4,50358.0
111,2026-03,Flux EV,2,45694.0
111,2026-03,Granite,4,41656.0
111,2026-03,Harbor,7,30652.0
111,2026-04,Aria,7,23977.0
111,2026-04,Brisa,9,28883.0
111,2026-04,Cirrus,3,29776.0
111,2026-04,Dune,5,38034.0
111,2026-04,Everest,5,50418.0
111,2026-04,Flux EV,1,44118.0
111,2026-04,Granite,2,44143.0
111,2026-04,Harbor,1,30913.0
111,2026-05,Aria,9,23611.0
111,2026-05,Brisa,3,30036.0
111,2026-05,Cirrus,9,29545.0
111,2026-05,Dune,3,38418.0
111,2026-05,Everest,1,49892.0
111,2026-05,Flux EV,3,45128.0
111,2026-05,Granite,2,41740.0
111,2026-05,Harbor,3,32152.0
111,2026-06,Aria,7,22988.0
111,2026-06,Brisa,2,28248.0
111,2026-06,Cirrus,6,29438.0
111,2026-06,Dune,4,36655.0
111,2026-06,Everest,1,50604.0
111,2026-06,Flux EV,0,
111,2026-06,Granite,7,42283.0
111,2026-06,Harbor,3,31780.0
111,2026-07,Aria,5,23106.0
111,2026-07,Brisa,4,28035.0
111,2026-07,Cirrus,3,30819.0
111,2026-07,Dune,5,38000.0
111,2026-07,Everest,0,
111,2026-07,Flux EV,3,45609.0
111,2026-07,Granite,4,41722.0
111,2026-07,Harbor,5,31812.0
111,2026-08,Aria,6,23274.0
111,2026-08,Brisa,3,28367.0
111,2026-08,Cirrus,5,29944.0
111,2026-08,Dune,3,36937.0
111,2026-08,Everest,2,50579.0
111,2026-08,Flux EV,4,46615.0
111,2026-08,Granite,3,40193.0
111,2026-08,Harbor,0,
111,2026-09,Aria,3,23789.0
111,2026-09,Brisa,3,28775.0
111,2026-09,Cirrus,5,30116.0
111,2026-09,Dune,6,36964.0
111,2026-09,Everest,2,50170.0
111,2026-09,Flux EV,1,47021.0
111,2026-09,Granite,2,42774.0
111,2026-09,Harbor,2,33126.0
112,2024-10,Aria,4,23885.0
112,2024-10,Brisa,2,28569.0
112,2024-10,Cirrus,0,
112,2024-10,Dune,9,37882.0
112,2024-10,Everest,0,
112,2024-10,Flux EV,1,45359.0
112,2024-10,Granite,7,41500.0
112,2024-10,Harbor,1,32240.0
112,2024-11,Aria,3,23922.0
112,2024-11,Brisa,4,28513.0
112,2024-11,Cirrus,8,30117.0
112,2024-11,Dune,5,37383.0
112,2024-11,Everest,1,50315.0
112,2024-11,Flux EV,1,46243.0
112,2024-11,Granite,4,41382.0
112,2024-11,Harbor,4,30285.0
112,2024-12,Aria,3,23822.0
112,2024-12,Brisa,9,27789.0
112,2024-12,Cirrus,10,29551.0
112,2024-12,Dune,6,37110.0
112,2024-12,Everest,1,49524.0
112,2024-12,Flux EV,1,45624.0
112,2024-12,Granite,3,42219.0
112,2024-12,Harbor,4,33088.0
112,2025-01,Aria,5,23251.0
112,2025-01,Brisa,1,28001.0
112,2025-01,Cirrus,4,31077.0
112,2025-01,Dune,4,37901.0
112,2025-01,Everest,5,51677.0
112,2025-01,Flux EV,1,44844.0
112,2025-01,Granite,2,41262.0
112,2025-01,Harbor,1,31935.0
112,2025-02,Aria,5,24675.0
112,2025-02,Brisa,4,28698.0
112,2025-02,Cirrus,7,29212.0
112,2025-02,Dune,4,38131.0
112,2025-02,Everest,1,51105.0
112,2025-02,Flux EV,0,
112,2025-02,Granite,3,41835.0
112,2025-02,Harbor,3,31101.0
112,2025-03,Aria,4,23922.0
112,2025-03,Brisa,3,29199.0
112,2025-03,Cirrus,4,30472.0
112,2025-03,Dune,5,36331.0
112,2025-03,Everest,2,50191.0
112,2025-03,Flux EV,1,45994.0
112,2025-03,Granite,3,41995.0
112,2025-03,Harbor,1,31574.0
112,2025-04,Aria,6,23750.0
112,2025-04,Brisa,1,28858.0
112,2025-04,Cirrus,5,28727.0
112,2025-04,Dune,7,37352.0
112,2025-04,Everest,3,50757.0
112,2025-04,Flux EV,1,46365.0
112,2025-04,Granite,5,41484.0
112,2025-04,Harbor,4,31465.0
112,2025-05,Aria,7,23035.0
112,2025-05,Brisa,4,27804.0
112,2025-05,Cirrus,3,30832.0
112,2025-05,Dune,2,38755.0
112,2025-05,Everest,0,
112,2025-05,Flux EV,0,
112,2025-05,Granite,2,42984.0
112,2025-05,Harbor,6,31228.0
112,2025-06,Aria,4,22841.0
112,2025-06,Brisa,2,27520.0
112,2025-06,Cirrus,5,30576.0
112,2025-06,Dune,8,36833.0
112,2025-06,Everest,0,
112,2025-06,Flux EV,2,46733.0
112,2025-06,Granite,2,41169.0
112,2025-06,Harbor,2,31477.0
112,2025-07,Aria,5,23214.0
112,2025-07,Brisa,3,28349.0
112,2025-07,Cirrus,4,29611.0
112,2025-07,Dune,9,37097.0
112,2025-07,Everest,0,
112,2025-07,Flux EV,1,45753.0
112,2025-07,Granite,1,41606.0
112,2025-07,Harbor,2,31645.0
112,2025-08,Aria,4,23123.0
112,2025-08,Brisa,3,28562.0
112,2025-08,Cirrus,6,29322.0
112,2025-08,Dune,4,37543.0
112,2025-08,Everest,0,
112,2025-08,Flux EV,1,46482.0
112,2025-08,Granite,4,41450.0
112,2025-08,Harbor,4,32065.0
112,2025-09,Aria,7,23821.0
112,2025-09,Brisa,3,29222.0
112,2025-09,Cirrus,6,30222.0
112,2025-09,Dune,2,37301.0
112,2025-09,Everest,4,50447.0
112,2025-09,Flux EV,0,
112,2025-09,Granite,1,41617.0
112,2025-09,Harbor,1,31616.0
112,2025-10,Aria,4,23018.0
112,2025-10,Brisa,2,27728.0
112,2025-10,Cirrus,7,31195.0
112,2025-10,Dune,5,37991.0
112,2025-10,Everest,0,
112,2025-10,Flux EV,1,45964.0
112,2025-10,Granite,4,41609.0
112,2025-10,Harbor,2,31873.0
112,2025-11,Aria,5,23732.0
112,2025-11,Brisa,7,29432.0
112,2025-11,Cirrus,4,30945.0
112,2025-11,Dune,4,37920.0
112,2025-11,Everest,3,49545.0
112,2025-11,Flux EV,1,47936.0
112,2025-11,Granite,4,41510.0
112,2025-11,Harbor,2,32647.0
112,2025-12,Aria,6,23900.0
112,2025-12,Brisa,3,28730.0
112,2025-12,Cirrus,6,30056.0
112,2025-12,Dune,4,36236.0
112,2025-12,Everest,2,50328.0
112,2025-12,Flux EV,2,46447.0
112,2025-12,Granite,1,42825.0
112,2025-12,Harbor,4,31419.0
112,2026-01,Aria,1,24489.0
112,2026-01,Brisa,6,29202.0
112,2026-01,Cirrus,4,30356.0
112,2026-01,Dune,3,39089.0
112,2026-01,Everest,2,49963.0
112,2026-01,Flux EV,0,
112,2026-01,Granite,2,42805.0
112,2026-01,Harbor,1,31760.0
112,2026-02,Aria,4,23055.0
112,2026-02,Brisa,3,29047.0
112,2026-02,Cirrus,5,29662.0
112,2026-02,Dune,2,38187.0
112,2026-02,Everest,2,49611.0
112,2026-02,Flux EV,2,45939.0
112,2026-02,Granite,4,42915.0
112,2026-02,Harbor,3,31063.0
112,2026-03,Aria,3,23207.0
112,2026-03,Brisa,1,28328.0
112,2026-03,Cirrus,6,30045.0
112,2026-03,Dune,2,37312.0
112,2026-03,Everest,2,48595.0
112,2026-03,Flux EV,1,45329.0
112,2026-03,Granite,2,42953.0
112,2026-03,Harbor,5,30934.0
112,2026-04,Aria,7,23552.0
112,2026-04,Brisa,4,29003.0
112,2026-04,Cirrus,4,30598.0
112,2026-04,Dune,7,37434.0
112,2026-04,Everest,0,
112,2026-04,Flux EV,1,46606.0
112,2026-04,Granite,4,42771.0
112,2026-04,Harbor,3,31865.0
112,2026-05,Aria,7,23910.0
112,2026-05,Brisa,2,28995.0
112,2026-05,Cirrus,10,29963.0
112,2026-05,Dune,6,36601.0
112,2026-05,Everest,4,48774.0
112,2026-05,Flux EV,1,46003.0
112,2026-05,Granite,2,41938.0
112,2026-05,Harbor,4,31827.0
112,2026-06,Aria,2,23555.0
112,2026-06,Brisa,6,29104.0
112,2026-06,Cirrus,3,30670.0
112,2026-06,Dune,5,37431.0
112,2026-06,Everest,0,
112,2026-06,Flux EV,0,
112,2026-06,Granite,3,41696.0
112,2026-06,Harbor,4,30162.0
112,2026-07,Aria,2,23687.0
112,2026-07,Brisa,5,28359.0
112,2026-07,Cirrus,3,29960.0
112,2026-07,Dune,3,36315.0
112,2026-07,Everest,1,51313.0
112,2026-07,Flux EV,2,47274.0
112,2026-07,Granite,1,40048.0
112,2026-07,Harbor,3,32444.0
112,2026-08,Aria,1,23459.0
112,2026-08,Brisa,10,28732.0
112,2026-08,Cirrus,4,29776.0
112,2026-08,Dune,3,37926.0
112,2026-08,Everest,2,50053.0
112,2026-08,Flux EV,1,46289.0
112,2026-08,Granite,6,41755.0
112,2026-08,Harbor,3,30971.0
112,2026-09,Aria,4,22560.0
112,2026-09,Brisa,1,28392.0
112,2026-09,Cirrus,4,30288.0
112,2026-09,Dune,3,37989.0
112,2026-09,Everest,1,51175.0
112,2026-09,Flux EV,2,45690.0
112,2026-09,Granite,1,41752.0
112,2026-09,Harbor,5,31463.0
113,2024-10,Aria,2,23398.0
113,2024-10,Brisa,5,28873.0
113,2024-10,Cirrus,5,29837.0
113,2024-10,Dune,5,38284.0
113,2024-10,Everest,0,
113,2024-10,Flux EV,1,47006.0
113,2024-10,Granite,7,43258.0
113,2024-10,Harbor,1,32620.0
113,2024-11,Aria,2,22877.0
113,2024-11,Brisa,7,28564.0
113,2024-11,Cirrus,5,31208.0
113,2024-11,Dune,5,37782.0
113,2024-11,Everest,3,50458.0
113,2024-11,Flux EV,1,47296.0
113,2024-11,Granite,1,41121.0
113,2024-11,Harbor,4,31702.0
113,2024-12,Aria,6,23655.0
113,2024-12,Brisa,3,28478.0
113,2024-12,Cirrus,4,30311.0
113,2024-12,Dune,5,37176.0
113,2024-12,Everest,1,49187.0
113,2024-12,Flux EV,0,
113,2024-12,Granite,6,42065.0
113,2024-12,Harbor,4,31647.0
113,2025-01,Aria,6,23407.0
113,2025-01,Brisa,2,28563.0
113,2025-01,Cirrus,4,30628.0
113,2025-01,Dune,8,36819.0
113,2025-01,Everest,2,52280.0
113,2025-01,Flux EV,1,45549.0
113,2025-01,Granite,2,42182.0
113,2025-01,Harbor,1,30917.0
113,2025-02,Aria,4,24383.0
113,2025-02,Brisa,2,27835.0
113,2025-02,Cirrus,4,29828.0
113,2025-02,Dune,7,38089.0
113,2025-02,Everest,2,50563.0
113,2025-02,Flux EV,1,45210.0
113,2025-02,Granite,6,41851.0
113,2025-02,Harbor,2,30740.0
113,2025-03,Aria,6,23613.0
113,2025-03,Brisa,6,28529.0
113,2025-03,Cirrus,10,30917.0
113,2025-03,Dune,6,37246.0
113,2025-03,Everest,4,51983.0
113,2025-03,Flux EV,3,45868.0
113,2025-03,Granite,5,42033.0
113,2025-03,Harbor,3,32652.0
113,2025-04,Aria,3,23836.0
113,2025-04,Brisa,6,29258.0
113,2025-04,Cirrus,14,31081.0
113,2025-04,Dune,7,36591.0
113,2025-04,Everest,2,49915.0
113,2025-04,Flux EV,2,45627.0
113,2025-04,Granite,6,42507.0
113,2025-04,Harbor,2,32207.0
113,2025-05,Aria,2,23255.0
113,2025-05,Brisa,4,27204.0
113,2025-05,Cirrus,8,28997.0
113,2025-05,Dune,4,37189.0
113,2025-05,Everest,1,49940.0
113,2025-05,Flux EV,2,46484.0
113,2025-05,Granite,6,40611.0
113,2025-05,Harbor,0,
113,2025-06,Aria,7,23977.0
113,2025-06,Brisa,3,28412.0
113,2025-06,Cirrus,4,29619.0
113,2025-06,Dune,4,38241.0
113,2025-06,Everest,5,50978.0
113,2025-06,Flux EV,3,44786.0
113,2025-06,Granite,2,41735.0
113,2025-06,Harbor,0,
113,2025-07,Aria,5,22486.0
113,2025-07,Brisa,6,28891.0
113,2025-07,Cirrus,5,30512.0
113,2025-07,Dune,6,36275.0
113,2025-07,Everest,2,52498.0
113,2025-07,Flux EV,4,45762.0
113,2025-07,Granite,8,41487.0
113,2025-07,Harbor,2,31534.0
113,2025-08,Aria,1,23174.0
113,2025-08,Brisa,4,28602.0
113,2025-08,Cirrus,4,30320.0
113,2025-08,Dune,4,36902.0
113,2025-08,Everest,4,50169.0
113,2025-08,Flux EV,4,46561.0
113,2025-08,Granite,6,41488.0
113,2025-08,Harbor,2,30774.0
113,2025-09,Aria,5,24279.0
113,2025-09,Brisa,3,27855.0
113,2025-09,Cirrus,7,29821.0
113,2025-09,Dune,0,
113,2025-09,Everest,1,49085.0
113,2025-09,Flux EV,0,
113,2025-09,Granite,8,41336.0
113,2025-09,Harbor,3,32053.0
113,2025-10,Aria,11,23696.0
113,2025-10,Brisa,2,28546.0
113,2025-10,Cirrus,8,29663.0
113,2025-10,Dune,5,37469.0
113,2025-10,Everest,3,50594.0
113,2025-10,Flux EV,1,45966.0
113,2025-10,Granite,6,41391.0
113,2025-10,Harbor,1,32255.0
113,2025-11,Aria,2,23607.0
113,2025-11,Brisa,1,27549.0
113,2025-11,Cirrus,7,29429.0
113,2025-11,Dune,7,36674.0
113,2025-11,Everest,1,49482.0
113,2025-11,Flux EV,3,45437.0
113,2025-11,Granite,4,42629.0
113,2025-11,Harbor,7,31252.0
113,2025-12,Aria,8,23825.0
113,2025-12,Brisa,8,28811.0
113,2025-12,Cirrus,10,30043.0
113,2025-12,Dune,7,38086.0
113,2025-12,Everest,1,50824.0
113,2025-12,Flux EV,1,45093.0
113,2025-12,Granite,6,42463.0
113,2025-12,Harbor,3,32001.0
113,2026-01,Aria,3,23824.0
113,2026-01,Brisa,2,28140.0
113,2026-01,Cirrus,4,30921.0
113,2026-01,Dune,5,37588.0
113,2026-01,Everest,3,49199.0
113,2026-01,Flux EV,2,46214.0
113,2026-01,Granite,4,41862.0
113,2026-01,Harbor,3,31094.0
113,2026-02,Aria,5,22985.0
113,2026-02,Brisa,3,28405.0
113,2026-02,Cirrus,6,30131.0
113,2026-02,Dune,6,37183.0
113,2026-02,Everest,0,
113,2026-02,Flux EV,3,47568.0
113,2026-02,Granite,5,43127.0
113,2026-02,Harbor,4,31640.0
113,2026-03,Aria,8,23277.0
113,2026-03,Brisa,4,28241.0
113,2026-03,Cirrus,5,29787.0
113,2026-03,Dune,7,36886.0
113,2026-03,Everest,8,49014.0
113,2026-03,Flux EV,1,44611.0
113,2026-03,Granite,6,41494.0
113,2026-03,Harbor,3,31335.0
113,2026-04,Aria,5,23077.0
113,2026-04,Brisa,4,28644.0
113,2026-04,Cirrus,11,29230.0
113,2026-04,Dune,5,38679.0
113,2026-04,Everest,4,49676.0
113,2026-04,Flux EV,2,46930.0
113,2026-04,Granite,2,43977.0
113,2026-04,Harbor,3,31898.0
113,2026-05,Aria,7,23463.0
113,2026-05,Brisa,4,28638.0
113,2026-05,Cirrus,5,30405.0
113,2026-05,Dune,3,38196.0
113,2026-05,Everest,0,
113,2026-05,Flux EV,3,47544.0
113,2026-05,Granite,4,41302.0
113,2026-05,Harbor,2,31812.0
113,2026-06,Aria,9,23807.0
113,2026-06,Brisa,3,28824.0
113,2026-06,Cirrus,5,30223.0
113,2026-06,Dune,3,37743.0
113,2026-06,Everest,3,51391.0
113,2026-06,Flux EV,1,46348.0
113,2026-06,Granite,2,41693.0
113,2026-06,Harbor,4,32193.0
113,2026-07,Aria,3,23299.0
113,2026-07,Brisa,5,29320.0
113,2026-07,Cirrus,9,31077.0
113,2026-07,Dune,5,37900.0
113,2026-07,Everest,0,
113,2026-07,Flux EV,2,44976.0
113,2026-07,Granite,5,42429.0
113,2026-07,Harbor,2,31045.0
113,2026-08,Aria,4,23624.0
113,2026-08,Brisa,2,28084.0
113,2026-08,Cirrus,4,30176.0
113,2026-08,Dune,4,36871.0
113,2026-08,Everest,3,50116.0
113,2026-08,Flux EV,1,46007.0
113,2026-08,Granite,7,41601.0
113,2026-08,Harbor,3,31667.0
113,2026-09,Aria,8,23090.0
113,2026-09,Brisa,3,29214.0
113,2026-09,Cirrus,6,30018.0
113,2026-09,Dune,7,36403.0
113,2026-09,Everest,2,48946.0
113,2026-09,Flux EV,1,46783.0
113,2026-09,Granite,10,41617.0
113,2026-09,Harbor,5,31778.0
114,2024-10,Aria,6,23465.0
114,2024-10,Brisa,2,28445.0
114,2024-10,Cirrus,11,31139.0
114,2024-10,Dune,5,37128.0
114,2024-10,Everest,4,49653.0
114,2024-10,Flux EV,3,46770.0
114,2024-10,Granite,6,42101.0
114,2024-10,Harbor,5,31970.0
114,2024-11,Aria,9,23351.0
114,2024-11,Brisa,9,28347.0
114,2024-11,Cirrus,7,29954.0
114,2024-11,Dune,8,37537.0
114,2024-11,Everest,2,49519.0
114,2024-11,Flux EV,2,46444.0
114,2024-11,Granite,15,41464.0
114,2024-11,Harbor,3,32052.0
114,2024-12,Aria,9,23063.0
114,2024-12,Brisa,11,28649.0
114,2024-12,Cirrus,9,31147.0
114,2024-12,Dune,11,38136.0
114,2024-12,Everest,7,48516.0
114,2024-12,Flux EV,6,46315.0
114,2024-12,Granite,9,42351.0
114,2024-12,Harbor,7,31719.0
114,2025-01,Aria,6,23519.0
114,2025-01,Brisa,2,28141.0
114,2025-01,Cirrus,10,29589.0
114,2025-01,Dune,11,36345.0
114,2025-01,Everest,4,50222.0
114,2025-01,Flux EV,2,46074.0
114,2025-01,Granite,5,41871.0
114,2025-01,Harbor,4,32387.0
114,2025-02,Aria,6,23207.0
114,2025-02,Brisa,1,29449.0
114,2025-02,Cirrus,9,30070.0
114,2025-02,Dune,5,36984.0
114,2025-02,Everest,4,50430.0
114,2025-02,Flux EV,1,46909.0
114,2025-02,Granite,8,41818.0
114,2025-02,Harbor,7,31486.0
114,2025-03,Aria,13,23638.0
114,2025-03,Brisa,5,27477.0
114,2025-03,Cirrus,14,29424.0
114,2025-03,Dune,15,37557.0
114,2025-03,Everest,2,50605.0
114,2025-03,Flux EV,7,46383.0
114,2025-03,Granite,8,40836.0
114,2025-03,Harbor,2,32174.0
114,2025-04,Aria,12,24018.0
114,2025-04,Brisa,12,28515.0
114,2025-04,Cirrus,22,30609.0
114,2025-04,Dune,5,38139.0
114,2025-04,Everest,3,50577.0
114,2025-04,Flux EV,2,47591.0
114,2025-04,Granite,7,41150.0
114,2025-04,Harbor,6,30929.0
114,2025-05,Aria,14,23704.0
114,2025-05,Brisa,7,28950.0
114,2025-05,Cirrus,13,30149.0
114,2025-05,Dune,9,37860.0
114,2025-05,Everest,4,49909.0
114,2025-05,Flux EV,3,45873.0
114,2025-05,Granite,11,41742.0
114,2025-05,Harbor,4,31880.0
114,2025-06,Aria,13,23275.0
114,2025-06,Brisa,2,29774.0
114,2025-06,Cirrus,15,30056.0
114,2025-06,Dune,10,37389.0
114,2025-06,Everest,1,48868.0
114,2025-06,Flux EV,3,45590.0
114,2025-06,Granite,6,42926.0
114,2025-06,Harbor,5,31953.0
114,2025-07,Aria,2,23709.0
114,2025-07,Brisa,8,28120.0
114,2025-07,Cirrus,10,30507.0
114,2025-07,Dune,9,38331.0
114,2025-07,Everest,6,49528.0
114,2025-07,Flux EV,3,46756.0
114,2025-07,Granite,7,41844.0
114,2025-07,Harbor,5,30516.0
114,2025-08,Aria,8,23842.0
114,2025-08,Brisa,6,27499.0
114,2025-08,Cirrus,9,30028.0
114,2025-08,Dune,8,38172.0
114,2025-08,Everest,6,48727.0
114,2025-08,Flux EV,3,46487.0
114,2025-08,Granite,7,40760.0
114,2025-08,Harbor,2,32386.0
114,2025-09,Aria,8,23475.0
114,2025-09,Brisa,6,29126.0
114,2025-09,Cirrus,18,28987.0
114,2025-09,Dune,10,38436.0
114,2025-09,Everest,1,50218.0
114,2025-09,Flux EV,5,45772.0
114,2025-09,Granite,8,40967.0
114,2025-09,Harbor,9,32290.0
114,2025-10,Aria,5,23006.0
114,2025-10,Brisa,11,28113.0
114,2025-10,Cirrus,14,30825.0
114,2025-10,Dune,13,38386.0
114,2025-10,Everest,5,50102.0
114,2025-10,Flux EV,0,
114,2025-10,Granite,12,41997.0
114,2025-10,Harbor,8,32346.0
114,2025-11,Aria,7,23332.0
114,2025-11,Brisa,4,28669.0
114,2025-11,Cirrus,9,30071.0
114,2025-11,Dune,11,37487.0
114,2025-11,Everest,5,51633.0
114,2025-11,Flux EV,5,45731.0
114,2025-11,Granite,12,41981.0
114,2025-11,Harbor,8,31533.0
114,2025-12,Aria,8,23121.0
114,2025-12,Brisa,3,29388.0
114,2025-12,Cirrus,7,30916.0
114,2025-12,Dune,10,37290.0
114,2025-12,Everest,7,49632.0
114,2025-12,Flux EV,3,47223.0
114,2025-12,Granite,15,42426.0
114,2025-12,Harbor,5,31959.0
114,2026-01,Aria,9,24546.0
114,2026-01,Brisa,6,29057.0
114,2026-01,Cirrus,9,30317.0
114,2026-01,Dune,10,37735.0
114,2026-01,Everest,2,50435.0
114,2026-01,Flux EV,1,46981.0
114,2026-01,Granite,7,41102.0
114,2026-01,Harbor,5,31670.0
114,2026-02,Aria,7,23324.0
114,2026-02,Brisa,9,28584.0
114,2026-02,Cirrus,7,30249.0
114,2026-02,Dune,10,36929.0
114,2026-02,Everest,4,50733.0
114,2026-02,Flux EV,4,46591.0
114,2026-02,Granite,9,40432.0
114,2026-02,Harbor,2,32286.0
114,2026-03,Aria,12,23533.0
114,2026-03,Brisa,9,28318.0
114,2026-03,Cirrus,15,30650.0
114,2026-03,Dune,8,36435.0
114,2026-03,Everest,5,50093.0
114,2026-03,Flux EV,4,45695.0
114,2026-03,Granite,11,41112.0
114,2026-03,Harbor,6,32296.0
114,2026-04,Aria,12,23306.0
114,2026-04,Brisa,4,28641.0
114,2026-04,Cirrus,6,29214.0
114,2026-04,Dune,12,37069.0
114,2026-04,Everest,3,49935.0
114,2026-04,Flux EV,8,46862.0
114,2026-04,Granite,10,42708.0
114,2026-04,Harbor,3,32408.0
114,2026-05,Aria,12,23475.0
114,2026-05,Brisa,6,28436.0
114,2026-05,Cirrus,18,30675.0
114,2026-05,Dune,14,37475.0
114,2026-05,Everest,4,50972.0
114,2026-05,Flux EV,8,45536.0
114,2026-05,Granite,11,42684.0
114,2026-05,Harbor,4,31863.0
114,2026-06,Aria,6,23822.0
114,2026-06,Brisa,3,29063.0
114,2026-06,Cirrus,6,30339.0
114,2026-06,Dune,11,38883.0
114,2026-06,Everest,6,52369.0
114,2026-06,Flux EV,5,46724.0
114,2026-06,Granite,13,41562.0
114,2026-06,Harbor,6,31914.0
114,2026-07,Aria,9,22972.0
114,2026-07,Brisa,8,28255.0
114,2026-07,Cirrus,13,30288.0
114,2026-07,Dune,18,37652.0
114,2026-07,Everest,4,50354.0
114,2026-07,Flux EV,5,45366.0
114,2026-07,Granite,7,40102.0
114,2026-07,Harbor,2,31380.0
114,2026-08,Aria,8,23685.0
114,2026-08,Brisa,6,28389.0
114,2026-08,Cirrus,7,30464.0
114,2026-08,Dune,16,38292.0
114,2026-08,Everest,3,51431.0
114,2026-08,Flux EV,5,45666.0
114,2026-08,Granite,10,42517.0
114,2026-08,Harbor,7,31509.0
114,2026-09,Aria,17,22833.0
114,2026-09,Brisa,4,28574.0
114,2026-09,Cirrus,21,31452.0
114,2026-09,Dune,11,37773.0
114,2026-09,Everest,4,48864.0
114,2026-09,Flux EV,2,46901.0
114,2026-09,Granite,6,41416.0
114,2026-09,Harbor,5,31395.0
115,2024-10,Aria,2,23243.0
115,2024-10,Brisa,2,28352.0
115,2024-10,Cirrus,1,30517.0
115,2024-10,Dune,6,37488.0
115,2024-10,Everest,2,48735.0
115,2024-10,Flux EV,3,45669.0
115,2024-10,Granite,5,43530.0
115,2024-10,Harbor,3,32198.0
115,2024-11,Aria,6,23131.0
115,2024-11,Brisa,3,29018.0
115,2024-11,Cirrus,6,30991.0
115,2024-11,Dune,6,37051.0
115,2024-11,Everest,4,50227.0
115,2024-11,Flux EV,7,47067.0
115,2024-11,Granite,2,41669.0
115,2024-11,Harbor,1,31195.0
115,2024-12,Aria,6,24662.0
115,2024-12,Brisa,8,27487.0
115,2024-12,Cirrus,7,30255.0
115,2024-12,Dune,4,38899.0
115,2024-12,Everest,3,49730.0
115,2024-12,Flux EV,7,46415.0
115,2024-12,Granite,3,41901.0
115,2024-12,Harbor,2,31415.0
115,2025-01,Aria,2,23475.0
115,2025-01,Brisa,4,28626.0
115,2025-01,Cirrus,4,30106.0
115,2025-01,Dune,3,37710.0
115,2025-01,Everest,2,50444.0
115,2025-01,Flux EV,5,44171.0
115,2025-01,Granite,1,39868.0
115,2025-01,Harbor,3,31771.0
115,2025-02,Aria,5,23521.0
115,2025-02,Brisa,5,29050.0
115,2025-02,Cirrus,5,30971.0
115,2025-02,Dune,6,38819.0
115,2025-02,Everest,1,50860.0
115,2025-02,Flux EV,3,46063.0
115,2025-02,Granite,4,41857.0
115,2025-02,Harbor,2,32523.0
115,2025-03,Aria,5,23737.0
115,2025-03,Brisa,5,28473.0
115,2025-03,Cirrus,2,30869.0
115,2025-03,Dune,2,37090.0
115,2025-03,Everest,0,
115,2025-03,Flux EV,2,46086.0
115,2025-03,Granite,8,41092.0
115,2025-03,Harbor,2,31334.0
115,2025-04,Aria,3,23012.0
115,2025-04,Brisa,2,29071.0
115,2025-04,Cirrus,9,31269.0
115,2025-04,Dune,3,38142.0
115,2025-04,Everest,1,50237.0
115,2025-04,Flux EV,5,47034.0
115,2025-04,Granite,1,42411.0
115,2025-04,Harbor,4,31618.0
115,2025-05,Aria,4,23522.0
115,2025-05,Brisa,3,28416.0
115,2025-05,Cirrus,7,29987.0
115,2025-05,Dune,5,38227.0
115,2025-05,Everest,1,49880.0
115,2025-05,Flux EV,4,46063.0
115,2025-05,Granite,4,40614.0
115,2025-05,Harbor,1,31491.0
115,2025-06,Aria,2,23470.0
115,2025-06,Brisa,3,28737.0
115,2025-06,Cirrus,3,31679.0
115,2025-06,Dune,5,36475.0
115,2025-06,Everest,1,53093.0
115,2025-06,Flux EV,2,47764.0
115,2025-06,Granite,3,42209.0
115,2025-06,Harbor,2,31415.0
115,2025-07,Aria,5,23834.0
115,2025-07,Brisa,3,29033.0
115,2025-07,Cirrus,8,30042.0
115,2025-07,Dune,1,37481.0
115,2025-07,Everest,0,
115,2025-07,Flux EV,1,45251.0
115,2025-07,Granite,3,41007.0
115,2025-07,Harbor,3,30906.0
115,2025-08,Aria,3,24175.0
115,2025-08,Brisa,4,28125.0
115,2025-08,Cirrus,5,29685.0
115,2025-08,Dune,2,36624.0
115,2025-08,Everest,1,50387.0
115,2025-08,Flux EV,3,46548.0
115,2025-08,Granite,5,42251.0
115,2025-08,Harbor,5,31337.0
115,2025-09,Aria,4,23030.0
115,2025-09,Brisa,2,28732.0
115,2025-09,Cirrus,8,29992.0
115,2025-09,Dune,4,37176.0
115,2025-09,Everest,1,49750.0
115,2025-09,Flux EV,1,45357.0
115,2025-09,Granite,2,41089.0
115,2025-09,Harbor,4,32307.0
115,2025-10,Aria,5,23444.0
115,2025-10,Brisa,2,29014.0
115,2025-10,Cirrus,3,31336.0
115,2025-10,Dune,1,35852.0
115,2025-10,Everest,4,49788.0
115,2025-10,Flux EV,3,46722.0
115,2025-10,Granite,3,42437.0
115,2025-10,Harbor,1,31104.0
115,2025-11,Aria,4,23473.0
115,2025-11,Brisa,4,28436.0
115,2025-11,Cirrus,0,
115,2025-11,Dune,6,36480.0
115,2025-11,Everest,2,51145.0
115,2025-11,Flux EV,6,45957.0
115,2025-11,Granite,0,
115,2025-11,Harbor,3,31320.0
115,2025-12,Aria,2,22818.0
115,2025-12,Brisa,3,29791.0
115,2025-12,Cirrus,2,31108.0
115,2025-12,Dune,6,35675.0
115,2025-12,Everest,1,50811.0
115,2025-12,Flux EV,3,46923.0
115,2025-12,Granite,2,40813.0
115,2025-12,Harbor,2,31011.0
115,2026-01,Aria,4,23221.0
115,2026-01,Brisa,5,28562.0
115,2026-01,Cirrus,5,30942.0
115,2026-01,Dune,2,37686.0
115,2026-01,Everest,0,
115,2026-01,Flux EV,3,46588.0
115,2026-01,Granite,2,40958.0
115,2026-01,Harbor,2,32074.0
115,2026-02,Aria,1,23374.0
115,2026-02,Brisa,5,28576.0
115,2026-02,Cirrus,4,28668.0
115,2026-02,Dune,2,37357.0
115,2026-02,Everest,2,51235.0
115,2026-02,Flux EV,0,
115,2026-02,Granite,3,44105.0
115,2026-02,Harbor,0,
115,2026-03,Aria,1,23172.0
115,2026-03,Brisa,0,
115,2026-03,Cirrus,3,29146.0
115,2026-03,Dune,5,37763.0
115,2026-03,Everest,2,50167.0
115,2026-03,Flux EV,2,45396.0
115,2026-03,Granite,4,41320.0
115,2026-03,Harbor,3,31456.0
115,2026-04,Aria,5,24405.0
115,2026-04,Brisa,2,28680.0
115,2026-04,Cirrus,7,29337.0
115,2026-04,Dune,2,37607.0
115,2026-04,Everest,5,50479.0
115,2026-04,Flux EV,6,45108.0
115,2026-04,Granite,3,41830.0
115,2026-04,Harbor,3,31759.0
115,2026-05,Aria,1,23938.0
115,2026-05,Brisa,2,29244.0
115,2026-05,Cirrus,5,30596.0
115,2026-05,Dune,4,36653.0
115,2026-05,Everest,1,50966.0
115,2026-05,Flux EV,1,45990.0
115,2026-05,Granite,1,41699.0
115,2026-05,Harbor,0,
115,2026-06,Aria,6,23204.0
115,2026-06,Brisa,3,29346.0
115,2026-06,Cirrus,5,29743.0
115,2026-06,Dune,1,38557.0
115,2026-06,Everest,3,50820.0
115,2026-06,Flux EV,4,45522.0
115,2026-06,Granite,3,43088.0
115,2026-06,Harbor,1,31555.0
115,2026-07,Aria,4,23770.0
115,2026-07,Brisa,2,28361.0
115,2026-07,Cirrus,1,30202.0
115,2026-07,Dune,3,37738.0
115,2026-07,Everest,1,49271.0
115,2026-07,Flux EV,1,45603.0
115,2026-07,Granite,1,42903.0
115,2026-07,Harbor,2,31117.0
115,2026-08,Aria,2,24095.0
115,2026-08,Brisa,0,
115,2026-08,Cirrus,4,29285.0
115,2026-08,Dune,1,37689.0
115,2026-08,Everest,1,52192.0
115,2026-08,Flux EV,4,46630.0
115,2026-08,Granite,2,41284.0
115,2026-08,Harbor,3,31562.0
115,2026-09,Aria,3,23330.0
115,2026-09,Brisa,5,28542.0
115,2026-09,Cirrus,4,30520.0
115,2026-09,Dune,4,38135.0
115,2026-09,Everest,6,51288.0
115,2026-09,Flux EV,0,
115,2026-09,Granite,2,41485.0
115,2026-09,Harbor,4,32312.0
116,2024-10,Aria,1,23153.0
116,2024-10,Brisa,2,28567.0
116,2024-10,Cirrus,6,29856.0
116,2024-10,Dune,2,38045.0
116,2024-10,Everest,1,49287.0
116,2024-10,Flux EV,1,46729.0
116,2024-10,Granite,2,41176.0
116,2024-10,Harbor,3,31275.0
116,2024-11,Aria,0,
116,2024-11,Brisa,3,29180.0
116,2024-11,Cirrus,5,30297.0
116,2024-11,Dune,3,37225.0
116,2024-11,Everest,2,50584.0
116,2024-11,Flux EV,1,45573.0
116,2024-11,Granite,5,40140.0
116,2024-11,Harbor,0,
116,2024-12,Aria,2,24329.0
116,2024-12,Brisa,1,29405.0
116,2024-12,Cirrus,2,30605.0
116,2024-12,Dune,2,36622.0
116,2024-12,Everest,0,
116,2024-12,Flux EV,0,
116,2024-12,Granite,2,40048.0
116,2024-12,Harbor,4,31821.0
116,2025-01,Aria,2,23958.0
116,2025-01,Brisa,2,28377.0
116,2025-01,Cirrus,4,30284.0
116,2025-01,Dune,3,36018.0
116,2025-01,Everest,2,50983.0
116,2025-01,Flux EV,1,46379.0
116,2025-01,Granite,0,
116,2025-01,Harbor,0,
116,2025-02,Aria,3,23060.0
116,2025-02,Brisa,1,27478.0
116,2025-02,Cirrus,5,29581.0
116,2025-02,Dune,2,36583.0
116,2025-02,Everest,3,51050.0
116,2025-02,Flux EV,0,
116,2025-02,Granite,1,41396.0
116,2025-02,Harbor,3,32062.0
116,2025-03,Aria,4,23513.0
116,2025-03,Brisa,3,28569.0
116,2025-03,Cirrus,7,30447.0
116,2025-03,Dune,5,38014.0
116,2025-03,Everest,1,49418.0
116,2025-03,Flux EV,0,
116,2025-03,Granite,0,
116,2025-03,Harbor,2,32562.0
116,2025-04,Aria,5,23908.0
116,2025-04,Brisa,2,28497.0
116,2025-04,Cirrus,4,29522.0
116,2025-04,Dune,1,36990.0
116,2025-04,Everest,2,48815.0
116,2025-04,Flux EV,1,47311.0
116,2025-04,Granite,2,40757.0
116,2025-04,Harbor,0,
116,2025-05,Aria,7,23759.0
116,2025-05,Brisa,2,28035.0
116,2025-05,Cirrus,5,29047.0
116,2025-05,Dune,2,37105.0
116,2025-05,Everest,2,48592.0
116,2025-05,Flux EV,1,46433.0
116,2025-05,Granite,2,42318.0
116,2025-05,Harbor,3,30903.0
116,2025-06,Aria,4,23755.0
116,2025-06,Brisa,0,
116,2025-06,Cirrus,6,31036.0
116,2025-06,Dune,4,37645.0
116,2025-06,Everest,4,49533.0
116,2025-06,Flux EV,0,
116,2025-06,Granite,0,
116,2025-06,Harbor,2,32499.0
116,2025-07,Aria,3,22589.0
116,2025-07,Brisa,4,28401.0
116,2025-07,Cirrus,1,30774.0
116,2025-07,Dune,3,37438.0
116,2025-07,Everest,0,
116,2025-07,Flux EV,2,44769.0
116,2025-07,Granite,1,41809.0
116,2025-07,Harbor,0,
116,2025-08,Aria,4,23377.0
116,2025-08,Brisa,2,29067.0
116,2025-08,Cirrus,3,29758.0
116,2025-08,Dune,5,37105.0
116,2025-08,Everest,3,52049.0
116,2025-08,Flux EV,1,45560.0
116,2025-08,Granite,6,40483.0
116,2025-08,Harbor,2,31533.0
116,2025-09,Aria,4,23121.0
116,2025-09,Brisa,2,29013.0
116,2025-09,Cirrus,5,29576.0
116,2025-09,Dune,8,37774.0
116,2025-09,Everest,0,
116,2025-09,Flux EV,1,44776.0
116,2025-09,Granite,4,43779.0
116,2025-09,Harbor,3,31691.0
116,2025-10,Aria,5,24682.0
116,2025-10,Brisa,3,28344.0
116,2025-10,Cirrus,7,30443.0
116,2025-10,Dune,3,37810.0
116,2025-10,Everest,2,50168.0
116,2025-10,Flux EV,1,45456.0
116,2025-10,Granite,2,41912.0
116,2025-10,Harbor,2,31647.0
116,2025-11,Aria,3,23734.0
116,2025-11,Brisa,2,29246.0
116,2025-11,Cirrus,1,30951.0
116,2025-11,Dune,6,36397.0
116,2025-11,Everest,2,50007.0
116,2025-11,Flux EV,2,44619.0
116,2025-11,Granite,3,42804.0
116,2025-11,Harbor,1,31636.0
116,2025-12,Aria,4,24226.0
116,2025-12,Brisa,2,28720.0
116,2025-12,Cirrus,6,30777.0
116,2025-12,Dune,4,35806.0
116,2025-12,Everest,4,49665.0
116,2025-12,Flux EV,0,
116,2025-12,Granite,2,41904.0
116,2025-12,Harbor,2,31757.0
116,2026-01,Aria,1,23593.0
116,2026-01,Brisa,1,28539.0
116,2026-01,Cirrus,4,30140.0
116,2026-01,Dune,3,36488.0
116,2026-01,Everest,0,
116,2026-01,Flux EV,1,45469.0
116,2026-01,Granite,5,42116.0
116,2026-01,Harbor,1,30147.0
116,2026-02,Aria,0,
116,2026-02,Brisa,4,28387.0
116,2026-02,Cirrus,2,30305.0
116,2026-02,Dune,5,37757.0
116,2026-02,Everest,0,
116,2026-02,Flux EV,2,46147.0
116,2026-02,Granite,0,
116,2026-02,Harbor,1,30648.0
116,2026-03,Aria,4,24145.0
116,2026-03,Brisa,5,28934.0
116,2026-03,Cirrus,4,29201.0
116,2026-03,Dune,3,36078.0
116,2026-03,Everest,2,50194.0
116,2026-03,Flux EV,1,45152.0
116,2026-03,Granite,3,42044.0
116,2026-03,Harbor,4,31814.0
116,2026-04,Aria,3,23313.0
116,2026-04,Brisa,3,29454.0
116,2026-04,Cirrus,6,30432.0
116,2026-04,Dune,5,35848.0
116,2026-04,Everest,4,50749.0
116,2026-04,Flux EV,3,46072.0
116,2026-04,Granite,7,42569.0
116,2026-04,Harbor,4,31614.0
116,2026-05,Aria,2,23613.0
116,2026-05,Brisa,2,29072.0
116,2026-05,Cirrus,8,29764.0
116,2026-05,Dune,4,36425.0
116,2026-05,Everest,2,49541.0
116,2026-05,Flux EV,3,45961.0
116,2026-05,Granite,1,42199.0
116,2026-05,Harbor,0,
116,2026-06,Aria,4,23716.0
116,2026-06,Brisa,6,29132.0
116,2026-06,Cirrus,8,29142.0
116,2026-06,Dune,5,38463.0
116,2026-06,Everest,2,49444.0
116,2026-06,Flux EV,0,
116,2026-06,Granite,1,42470.0
116,2026-06,Harbor,2,31761.0
116,2026-07,Aria,6,22893.0
116,2026-07,Brisa,2,29484.0
116,2026-07,Cirrus,5,31400.0
116,2026-07,Dune,2,36931.0
116,2026-07,Everest,1,50984.0
116,2026-07,Flux EV,2,46765.0
116,2026-07,Granite,3,40121.0
116,2026-07,Harbor,2,31827.0
116,2026-08,Aria,1,23545.0
116,2026-08,Brisa,5,28543.0
116,2026-08,Cirrus,10,29925.0
116,2026-08,Dune,4,38027.0
116,2026-08,Everest,1,49924.0
116,2026-08,Flux EV,1,46792.0
116,2026-08,Granite,0,
116,2026-08,Harbor,3,32406.0
116,2026-09,Aria,2,23278.0
116,2026-09,Brisa,2,27736.0
116,2026-09,Cirrus,7,30430.0
116,2026-09,Dune,3,36056.0
116,2026-09,Everest,2,48807.0
116,2026-09,Flux EV,0,
116,2026-09,Granite,3,41290.0
116,2026-09,Harbor,2,31932.0
117,2024-10,Aria,8,23133.0
117,2024-10,Brisa,2,29013.0
117,2024-10,Cirrus,4,31185.0
117,2024-10,Dune,5,37422.0
117,2024-10,Everest,2,49242.0
117,2024-10,Flux EV,3,46642.0
117,2024-10,Granite,2,40293.0
117,2024-10,Harbor,3,31335.0
117,2024-11,Aria,5,23497.0
117,2024-11,Brisa,3,29685.0
117,2024-11,Cirrus,5,30485.0
117,2024-11,Dune,8,38227.0
117,2024-11,Everest,3,49271.0
117,2024-11,Flux EV,1,46218.0
117,2024-11,Granite,2,41276.0
117,2024-11,Harbor,4,32411.0
117,2024-12,Aria,7,24046.0
117,2024-12,Brisa,5,28188.0
117,2024-12,Cirrus,2,30261.0
117,2024-12,Dune,1,36549.0
117,2024-12,Everest,6,50705.0
117,2024-12,Flux EV,4,45628.0
117,2024-12,Granite,2,41552.0
117,2024-12,Harbor,5,32057.0
117,2025-01,Aria,5,23550.0
117,2025-01,Brisa,5,29533.0
117,2025-01,Cirrus,5,31148.0
117,2025-01,Dune,3,37607.0
117,2025-01,Everest,2,49677.0
117,2025-01,Flux EV,2,45727.0
117,2025-01,Granite,3,42651.0
117,2025-01,Harbor,1,31307.0
117,2025-02,Aria,3,24146.0
117,2025-02,Brisa,9,28484.0
117,2025-02,Cirrus,4,30372.0
117,2025-02,Dune,7,37281.0
117,2025-02,Everest,0,
117,2025-02,Flux EV,2,44946.0
117,2025-02,Granite,3,42154.0
117,2025-02,Harbor,2,31941.0
117,2025-03,Aria,5,23530.0
117,2025-03,Brisa,3,29130.0
117,2025-03,Cirrus,6,29815.0
117,2025-03,Dune,3,36526.0
117,2025-03,Everest,1,51946.0
117,2025-03,Flux EV,0,
117,2025-03,Granite,5,41660.0
117,2025-03,Harbor,3,31799.0
117,2025-04,Aria,1,23338.0
117,2025-04,Brisa,4,28513.0
117,2025-04,Cirrus,7,30281.0
117,2025-04,Dune,6,37876.0
117,2025-04,Everest,2,50937.0
117,2025-04,Flux EV,0,
117,2025-04,Granite,4,41245.0
117,2025-04,Harbor,2,32149.0
117,2025-05,Aria,2,23156.0
117,2025-05,Brisa,1,28283.0
117,2025-05,Cirrus,7,30147.0
117,2025-05,Dune,8,37829.0
117,2025-05,Everest,3,49341.0
117,2025-05,Flux EV,2,44688.0
117,2025-05,Granite,6,41294.0
117,2025-05,Harbor,5,31110.0
117,2025-06,Aria,7,23593.0
117,2025-06,Brisa,5,27381.0
117,2025-06,Cirrus,5,30126.0
117,2025-06,Dune,9,36612.0
117,2025-06,Everest,1,50797.0
117,2025-06,Flux EV,3,46943.0
117,2025-06,Granite,5,43053.0
117,2025-06,Harbor,3,31612.0
117,2025-07,Aria,6,23081.0
117,2025-07,Brisa,3,28402.0
117,2025-07,Cirrus,6,29194.0
117,2025-07,Dune,6,37777.0
117,2025-07,Everest,1,50622.0
117,2025-07,Flux EV,2,47200.0
117,2025-07,Granite,1,43648.0
117,2025-07,Harbor,2,31793.0
117,2025-08,Aria,6,23405.0
117,2025-08,Brisa,2,27748.0
117,2025-08,Cirrus,5,30859.0
117,2025-08,Dune,3,38126.0
117,2025-08,Everest,2,51805.0
117,2025-08,Flux EV,2,45551.0
117,2025-08,Granite,3,41185.0
117,2025-08,Harbor,3,31534.0
117,2025-09,Aria,3,23241.0
117,2025-09,Brisa,2,28317.0
117,2025-09,Cirrus,8,30455.0
117,2025-09,Dune,4,37795.0
117,2025-09,Everest,7,50470.0
117,2025-09,Flux EV,0,
117,2025-09,Granite,8,41701.0
117,2025-09,Harbor,2,31706.0
117,2025-10,Aria,8,23595.0
117,2025-10,Brisa,3,27961.0
117,2025-10,Cirrus,4,30412.0
117,2025-10,Dune,9,37396.0
117,2025-10,Everest,4,50268.0
117,2025-10,Flux EV,5,44906.0
117,2025-10,Granite,4,41975.0
117,2025-10,Harbor,2,31614.0
117,2025-11,Aria,8,23736.0
117,2025-11,Brisa,7,28488.0
117,2025-11,Cirrus,6,30497.0
117,2025-11,Dune,8,37538.0
117,2025-11,Everest,2,49623.0
117,2025-11,Flux EV,0,
117,2025-11,Granite,6,41732.0
117,2025-11,Harbor,5,32507.0
117,2025-12,Aria,3,23007.0
117,2025-12,Brisa,10,28587.0
117,2025-12,Cirrus,4,30474.0
117,2025-12,Dune,7,35677.0
117,2025-12,Everest,0,
117,2025-12,Flux EV,1,45310.0
117,2025-12,Granite,1,43005.0
117,2025-12,Harbor,6,31601.0
117,2026-01,Aria,7,23404.0
117,2026-01,Brisa,2,28643.0
117,2026-01,Cirrus,2,29642.0
117,2026-01,Dune,7,36222.0
117,2026-01,Everest,3,52038.0
117,2026-01,Flux EV,2,45647.0
117,2026-01,Granite,3,41918.0
117,2026-01,Harbor,3,32340.0
117,2026-02,Aria,3,23637.0
117,2026-02,Brisa,5,29438.0
117,2026-02,Cirrus,3,29401.0
117,2026-02,Dune,4,36928.0
117,2026-02,Everest,5,49736.0
117,2026-02,Flux EV,0,
117,2026-02,Granite,3,40483.0
117,2026-02,Harbor,1,32018.0
117,2026-03,Aria,5,23446.0
117,2026-03,Brisa,3,28743.0
117,2026-03,Cirrus,4,30424.0
117,2026-03,Dune,7,38463.0
117,2026-03,Everest,1,48614.0
117,2026-03,Flux EV,2,46868.0
117,2026-03,Granite,1,41531.0
117,2026-03,Harbor,1,31942.0
117,2026-04,Aria,6,23242.0
117,2026-04,Brisa,8,29074.0
117,2026-04,Cirrus,9,29699.0
117,2026-04,Dune,7,36858.0
117,2026-04,Everest,3,51474.0
117,2026-04,Flux EV,2,44221.0
117,2026-04,Granite,7,42068.0
117,2026-04,Harbor,3,31114.0
117,2026-05,Aria,6,22642.0
117,2026-05,Brisa,4,29259.0
117,2026-05,Cirrus,9,29651.0
117,2026-05,Dune,6,37284.0
117,2026-05,Everest,6,50416.0
117,2026-05,Flux EV,1,45974.0
117,2026-05,Granite,5,42464.0
117,2026-05,Harbor,7,30734.0
117,2026-06,Aria,5,24155.0
117,2026-06,Brisa,6,29128.0
117,2026-06,Cirrus,6,31108.0
117,2026-06,Dune,9,37658.0
117,2026-06,Everest,3,50649.0
117,2026-06,Flux EV,1,46312.0
117,2026-06,Granite,3,42683.0
117,2026-06,Harbor,2,31589.0
117,2026-07,Aria,10,24229.0
117,2026-07,Brisa,3,28324.0
117,2026-07,Cirrus,7,30116.0
117,2026-07,Dune,8,37873.0
117,2026-07,Everest,3,51402.0
117,2026-07,Flux EV,0,
117,2026-07,Granite,2,40485.0
117,2026-07,Harbor,4,32591.0
117,2026-08,Aria,6,23427.0
117,2026-08,Brisa,4,28334.0
117,2026-08,Cirrus,6,29088.0
117,2026-08,Dune,6,38193.0
117,2026-08,Everest,1,49119.0
117,2026-08,Flux EV,0,
117,2026-08,Granite,1,42392.0
117,2026-08,Harbor,5,33132.0
117,2026-09,Aria,5,23478.0
117,2026-09,Brisa,4,28930.0
117,2026-09,Cirrus,7,29886.0
117,2026-09,Dune,7,38160.0
117,2026-09,Everest,2,50428.0
117,2026-09,Flux EV,4,45100.0
117,2026-09,Granite,6,41063.0
117,2026-09,Harbor,3,32011.0
118,2024-10,Aria,4,23840.0
118,2024-10,Brisa,3,28756.0
118,2024-10,Cirrus,4,29293.0
118,2024-10,Dune,6,39875.0
118,2024-10,Everest,4,50948.0
118,2024-10,Flux EV,4,47006.0
118,2024-10,Granite,4,42158.0
118,2024-10,Harbor,5,30566.0
118,2024-11,Aria,6,23721.0
118,2024-11,Brisa,5,28732.0
118,2024-11,Cirrus,3,30431.0
118,2024-11,Dune,3,37907.0
118,2024-11,Everest,3,50757.0
118,2024-11,Flux EV,1,43866.0
118,2024-11,Granite,4,40876.0
118,2024-11,Harbor,5,31742.0
118,2024-12,Aria,6,23070.0
118,2024-12,Brisa,4,28368.0
118,2024-12,Cirrus,6,30904.0
118,2024-12,Dune,0,
118,2024-12,Everest,4,50497.0
118,2024-12,Flux EV,0,
118,2024-12,Granite,8,41942.0
118,2024-12,Harbor,4,30631.0
118,2025-01,Aria,4,23966.0
118,2025-01,Brisa,6,29053.0
118,2025-01,Cirrus,6,29680.0
118,2025-01,Dune,2,37500.0
118,2025-01,Everest,1,49124.0
118,2025-01,Flux EV,3,45234.0
118,2025-01,Granite,9,42839.0
118,2025-01,Harbor,2,31852.0
118,2025-02,Aria,6,23857.0
118,2025-02,Brisa,3,28625.0
118,2025-02,Cirrus,7,29982.0
118,2025-02,Dune,3,37020.0
118,2025-02,Everest,0,
118,2025-02,Flux EV,2,46948.0
118,2025-02,Granite,5,41125.0
118,2025-02,Harbor,0,
118,2025-03,Aria,5,23015.0
118,2025-03,Brisa,3,28960.0
118,2025-03,Cirrus,3,29769.0
118,2025-03,Dune,3,37444.0
118,2025-03,Everest,2,52473.0
118,2025-03,Flux EV,3,44737.0
118,2025-03,Granite,2,42591.0
118,2025-03,Harbor,2,31069.0
118,2025-04,Aria,10,23488.0
118,2025-04,Brisa,3,28530.0
118,2025-04,Cirrus,7,30837.0
118,2025-04,Dune,5,37325.0
118,2025-04,Everest,2,50871.0
118,2025-04,Flux EV,3,46289.0
118,2025-04,Granite,10,41897.0
118,2025-04,Harbor,2,31652.0
118,2025-05,Aria,1,23313.0
118,2025-05,Brisa,4,28354.0
118,2025-05,Cirrus,7,30573.0
118,2025-05,Dune,5,36663.0
118,2025-05,Everest,3,50046.0
118,2025-05,Flux EV,3,47741.0
118,2025-05,Granite,7,41256.0
118,2025-05,Harbor,2,31983.0
118,2025-06,Aria,4,23722.0
118,2025-06,Brisa,2,28721.0
118,2025-06,Cirrus,5,30633.0
118,2025-06,Dune,8,37862.0
118,2025-06,Everest,1,52366.0
118,2025-06,Flux EV,2,46510.0
118,2025-06,Granite,11,41733.0
118,2025-06,Harbor,7,30855.0
118,2025-07,Aria,5,24159.0
118,2025-07,Brisa,3,28420.0
118,2025-07,Cirrus,0,
118,2025-07,Dune,2,35894.0
118,2025-07,Everest,2,52423.0
118,2025-07,Flux EV,0,
118,2025-07,Granite,2,42367.0
118,2025-07,Harbor,1,32324.0
118,2025-08,Aria,2,23844.0
118,2025-08,Brisa,4,29322.0
118,2025-08,Cirrus,5,30598.0
118,2025-08,Dune,9,37958.0
118,2025-08,Everest,2,50762.0
118,2025-08,Flux EV,0,
118,2025-08,Granite,5,41707.0
118,2025-08,Harbor,4,31043.0
118,2025-09,Aria,3,23084.0
118,2025-09,Brisa,2,28237.0
118,2025-09,Cirrus,6,30483.0
118,2025-09,Dune,4,38279.0
118,2025-09,Everest,3,51551.0
118,2025-09,Flux EV,1,46403.0
118,2025-09,Granite,7,42465.0
118,2025-09,Harbor,5,31889.0
118,2025-10,Aria,5,23031.0
118,2025-10,Brisa,2,28990.0
118,2025-10,Cirrus,7,29022.0
118,2025-10,Dune,2,37860.0
118,2025-10,Everest,4,50180.0
118,2025-10,Flux EV,3,45884.0
118,2025-10,Granite,3,41657.0
118,2025-10,Harbor,5,31831.0
118,2025-11,Aria,4,23728.0
118,2025-11,Brisa,2,29190.0
118,2025-11,Cirrus,1,29807.0
118,2025-11,Dune,3,36849.0
118,2025-11,Everest,3,49825.0
118,2025-11,Flux EV,0,
118,2025-11,Granite,1,41978.0
118,2025-11,Harbor,2,30995.0
118,2025-12,Aria,4,24066.0
118,2025-12,Brisa,1,28168.0
118,2025-12,Cirrus,6,30663.0
118,2025-12,Dune,5,37854.0
118,2025-12,Everest,1,48864.0
118,2025-12,Flux EV,3,45619.0
118,2025-12,Granite,5,41349.0
118,2025-12,Harbor,0,
118,2026-01,Aria,0,
118,2026-01,Brisa,3,29390.0
118,2026-01,Cirrus,6,30551.0
118,2026-01,Dune,7,36404.0
118,2026-01,Everest,0,
118,2026-01,Flux EV,0,
118,2026-01,Granite,6,42393.0
118,2026-01,Harbor,2,31833.0
118,2026-02,Aria,1,24110.0
118,2026-02,Brisa,4,29323.0
118,2026-02,Cirrus,6,30684.0
118,2026-02,Dune,4,38393.0
118,2026-02,Everest,4,50641.0
118,2026-02,Flux EV,2,45870.0
118,2026-02,Granite,3,40757.0
118,2026-02,Harbor,0,
118,2026-03,Aria,2,23700.0
118,2026-03,Brisa,4,29114.0
118,2026-03,Cirrus,10,31190.0
118,2026-03,Dune,4,37863.0
118,2026-03,Everest,4,50630.0
118,2026-03,Flux EV,5,45414.0
118,2026-03,Granite,6,41754.0
118,2026-03,Harbor,1,30966.0
118,2026-04,Aria,6,23362.0
118,2026-04,Brisa,3,28755.0
118,2026-04,Cirrus,8,30152.0
118,2026-04,Dune,5,36173.0
118,2026-04,Everest,1,49694.0
118,2026-04,Flux EV,2,46233.0
118,2026-04,Granite,2,41433.0
118,2026-04,Harbor,0,
118,2026-05,Aria,4,23252.0
118,2026-05,Brisa,3,28395.0
118,2026-05,Cirrus,6,30732.0
118,2026-05,Dune,4,37961.0
118,2026-05,Everest,4,50704.0
118,2026-05,Flux EV,1,46099.0
118,2026-05,Granite,5,40974.0
118,2026-05,Harbor,2,31883.0
118,2026-06,Aria,2,24005.0
118,2026-06,Brisa,2,28047.0
118,2026-06,Cirrus,3,30981.0
118,2026-06,Dune,7,37895.0
118,2026-06,Everest,2,49867.0
118,2026-06,Flux EV,0,
118,2026-06,Granite,5,42929.0
118,2026-06,Harbor,2,30886.0
118,2026-07,Aria,3,23845.0
118,2026-07,Brisa,1,29014.0
118,2026-07,Cirrus,7,30829.0
118,2026-07,Dune,4,37546.0
118,2026-07,Everest,3,50955.0
118,2026-07,Flux EV,2,46378.0
118,2026-07,Granite,5,40968.0
118,2026-07,Harbor,1,31367.0
118,2026-08,Aria,7,23857.0
118,2026-08,Brisa,4,29614.0
118,2026-08,Cirrus,4,29279.0
118,2026-08,Dune,7,37913.0
118,2026-08,Everest,3,50967.0
118,2026-08,Flux EV,4,46089.0
118,2026-08,Granite,4,41050.0
118,2026-08,Harbor,5,31581.0
118,2026-09,Aria,5,22497.0
118,2026-09,Brisa,4,29250.0
118,2026-09,Cirrus,2,30675.0
118,2026-09,Dune,10,37304.0
118,2026-09,Everest,1,50276.0
118,2026-09,Flux EV,1,46549.0
118,2026-09,Granite,6,41319.0
118,2026-09,Harbor,1,32416.0
119,2024-10,Aria,8,22874.0
119,2024-10,Brisa,9,29671.0
119,2024-10,Cirrus,8,30008.0
119,2024-10,Dune,7,36068.0
119,2024-10,Everest,1,49827.0
119,2024-10,Flux EV,1,45613.0
119,2024-10,Granite,6,41220.0
119,2024-10,Harbor,2,30583.0
119,2024-11,Aria,14,23758.0
119,2024-11,Brisa,5,28347.0
119,2024-11,Cirrus,5,29762.0
119,2024-11,Dune,18,37719.0
119,2024-11,Everest,2,50354.0
119,2024-11,Flux EV,4,45500.0
119,2024-11,Granite,13,41782.0
119,2024-11,Harbor,5,32525.0
119,2024-12,Aria,17,23489.0
119,2024-12,Brisa,12,28975.0
119,2024-12,Cirrus,9,29950.0
119,2024-12,Dune,9,38026.0
119,2024-12,Everest,3,51045.0
119,2024-12,Flux EV,5,45091.0
119,2024-12,Granite,7,40452.0
119,2024-12,Harbor,8,31335.0
119,2025-01,Aria,8,23406.0
119,2025-01,Brisa,3,28398.0
119,2025-01,Cirrus,7,30821.0
119,2025-01,Dune,4,36942.0
119,2025-01,Everest,2,51137.0
119,2025-01,Flux EV,3,46381.0
119,2025-01,Granite,8,42603.0
119,2025-01,Harbor,6,31856.0
119,2025-02,Aria,4,23984.0
119,2025-02,Brisa,7,28675.0
119,2025-02,Cirrus,13,31547.0
119,2025-02,Dune,6,36009.0
119,2025-02,Everest,2,51033.0
119,2025-02,Flux EV,1,46806.0
119,2025-02,Granite,10,39890.0
119,2025-02,Harbor,3,31763.0
119,2025-03,Aria,5,23434.0
119,2025-03,Brisa,5,28816.0
119,2025-03,Cirrus,7,30019.0
119,2025-03,Dune,5,36623.0
119,2025-03,Everest,3,50583.0
119,2025-03,Flux EV,2,46220.0
119,2025-03,Granite,8,42003.0
119,2025-03,Harbor,8,32089.0
119,2025-04,Aria,4,24098.0
119,2025-04,Brisa,4,28304.0
119,2025-04,Cirrus,13,30203.0
119,2025-04,Dune,7,36495.0
119,2025-04,Everest,2,50010.0
119,2025-04,Flux EV,3,45033.0
119,2025-04,Granite,8,42414.0
119,2025-04,Harbor,5,31507.0
119,2025-05,Aria,9,24273.0
119,2025-05,Brisa,9,28941.0
119,2025-05,Cirrus,13,29982.0
119,2025-05,Dune,7,37390.0
119,2025-05,Everest,4,49993.0
119,2025-05,Flux EV,5,47242.0
119,2025-05,Granite,3,40197.0
119,2025-05,Harbor,1,31872.0
119,2025-06,Aria,10,23463.0
119,2025-06,Brisa,4,29006.0
119,2025-06,Cirrus,7,30400.0
119,2025-06,Dune,10,36836.0
119,2025-06,Everest,4,50513.0
119,2025-06,Flux EV,5,45013.0
119,2025-06,Granite,4,41328.0
119,2025-06,Harbor,7,31532.0
119,2025-07,Aria,5,22518.0
119,2025-07,Brisa,10,28590.0
119,2025-07,Cirrus,7,30116.0
119,2025-07,Dune,8,38357.0
119,2025-07,Everest,0,
119,2025-07,Flux EV,0,
119,2025-07,Granite,7,42438.0
119,2025-07,Harbor,4,32024.0
119,2025-08,Aria,6,23115.0
119,2025-08,Brisa,6,28568.0
119,2025-08,Cirrus,10,30321.0
119,2025-08,Dune,10,38625.0
119,2025-08,Everest,2,50903.0
119,2025-08,Flux EV,2,45332.0
119,2025-08,Granite,15,40958.0
119,2025-08,Harbor,2,32612.0
119,2025-09,Aria,6,23582.0
119,2025-09,Brisa,5,27753.0
119,2025-09,Cirrus,5,29338.0
119,2025-09,Dune,7,37247.0
119,2025-09,Everest,4,50074.0
119,2025-09,Flux EV,1,47414.0
119,2025-09,Granite,10,40486.0
119,2025-09,Harbor,4,31715.0
119,2025-10,Aria,8,23101.0
119,2025-10,Brisa,6,29081.0
119,2025-10,Cirrus,10,29974.0
119,2025-10,Dune,8,38710.0
119,2025-10,Everest,4,48140.0
119,2025-10,Flux EV,6,45894.0
119,2025-10,Granite,10,41887.0
119,2025-10,Harbor,4,31587.0
119,2025-11,Aria,7,23438.0
119,2025-11,Brisa,6,28871.0
119,2025-11,Cirrus,6,30188.0
119,2025-11,Dune,10,38063.0
119,2025-11,Everest,1,49364.0
119,2025-11,Flux EV,2,47035.0
119,2025-11,Granite,9,41298.0
119,2025-11,Harbor,5,32534.0
119,2025-12,Aria,8,23812.0
119,2025-12,Brisa,10,28569.0
119,2025-12,Cirrus,17,30171.0
119,2025-12,Dune,19,37481.0
119,2025-12,Everest,1,49524.0
119,2025-12,Flux EV,5,46100.0
119,2025-12,Granite,8,42108.0
119,2025-12,Harbor,1,30956.0
119,2026-01,Aria,5,23429.0
119,2026-01,Brisa,7,29126.0
119,2026-01,Cirrus,4,30193.0
119,2026-01,Dune,2,37242.0
119,2026-01,Everest,0,
119,2026-01,Flux EV,5,46182.0
119,2026-01,Granite,9,41464.0
119,2026-01,Harbor,5,31018.0
119,2026-02,Aria,5,23759.0
119,2026-02,Brisa,3,29035.0
119,2026-02,Cirrus,9,29319.0
119,2026-02,Dune,5,37161.0
119,2026-02,Everest,1,50063.0
119,2026-02,Flux EV,2,45326.0
119,2026-02,Granite,4,42084.0
119,2026-02,Harbor,3,31105.0
119,2026-03,Aria,8,23616.0
119,2026-03,Brisa,6,28460.0
119,2026-03,Cirrus,18,29146.0
119,2026-03,Dune,3,37576.0
119,2026-03,Everest,1,51102.0
119,2026-03,Flux EV,4,45476.0
119,2026-03,Granite,7,42422.0
119,2026-03,Harbor,6,31290.0
119,2026-04,Aria,12,22747.0
119,2026-04,Brisa,8,29190.0
119,2026-04,Cirrus,7,30066.0
119,2026-04,Dune,13,37671.0
119,2026-04,Everest,2,51393.0
119,2026-04,Flux EV,4,46255.0
119,2026-04,Granite,8,41683.0
119,2026-04,Harbor,5,30844.0
119,2026-05,Aria,2,23593.0
119,2026-05,Brisa,5,29033.0
119,2026-05,Cirrus,12,31102.0
119,2026-05,Dune,5,37007.0
119,2026-05,Everest,6,51136.0
119,2026-05,Flux EV,6,45892.0
119,2026-05,Granite,11,38695.0
119,2026-05,Harbor,9,32770.0
119,2026-06,Aria,9,23707.0
119,2026-06,Brisa,10,29449.0
119,2026-06,Cirrus,14,30084.0
119,2026-06,Dune,11,38540.0
119,2026-06,Everest,5,52000.0
119,2026-06,Flux EV,2,44407.0
119,2026-06,Granite,12,42914.0
119,2026-06,Harbor,5,32087.0
119,2026-07,Aria,6,23547.0
119,2026-07,Brisa,5,28906.0
119,2026-07,Cirrus,9,29333.0
119,2026-07,Dune,7,36867.0
119,2026-07,Everest,6,51159.0
119,2026-07,Flux EV,3,46176.0
119,2026-07,Granite,8,42267.0
119,2026-07,Harbor,9,31866.0
119,2026-08,Aria,5,24353.0
119,2026-08,Brisa,5,27903.0
119,2026-08,Cirrus,13,30365.0
119,2026-08,Dune,5,36861.0
119,2026-08,Everest,3,51355.0
119,2026-08,Flux EV,3,45198.0
119,2026-08,Granite,8,41157.0
119,2026-08,Harbor,2,31188.0
119,2026-09,Aria,9,23526.0
119,2026-09,Brisa,4,29441.0
119,2026-09,Cirrus,8,30737.0
119,2026-09,Dune,7,36639.0
119,2026-09,Everest,3,50305.0
119,2026-09,Flux EV,4,45526.0
119,2026-09,Granite,11,42623.0
119,2026-09,Harbor,6,31155.0
120,2024-10,Aria,1,24152.0
120,2024-10,Brisa,3,29080.0
120,2024-10,Cirrus,6,29783.0
120,2024-10,Dune,8,37413.0
120,2024-10,Everest,3,51279.0
120,2024-10,Flux EV,4,45882.0
120,2024-10,Granite,2,42260.0
120,2024-10,Harbor,3,31078.0
120,2024-11,Aria,5,23179.0
120,2024-11,Brisa,5,28774.0
120,2024-11,Cirrus,7,30012.0
120,2024-11,Dune,4,37137.0
120,2024-11,Everest,3,50425.0
120,2024-11,Flux EV,6,46432.0
120,2024-11,Granite,1,40747.0
120,2024-11,Harbor,3,31914.0
120,2024-12,Aria,8,23197.0
120,2024-12,Brisa,7,29237.0
120,2024-12,Cirrus,5,29059.0
120,2024-12,Dune,4,37067.0
120,2024-12,Everest,2,51536.0
120,2024-12,Flux EV,0,
120,2024-12,Granite,5,42837.0
120,2024-12,Harbor,1,32504.0
120,2025-01,Aria,1,22867.0
120,2025-01,Brisa,1,29047.0
120,2025-01,Cirrus,6,30463.0
120,2025-01,Dune,7,37232.0
120,2025-01,Everest,2,51102.0
120,2025-01,Flux EV,1,44592.0
120,2025-01,Granite,3,41413.0
120,2025-01,Harbor,2,31639.0
120,2025-02,Aria,0,
120,2025-02,Brisa,2,29217.0
120,2025-02,Cirrus,7,30123.0
120,2025-02,Dune,13,37415.0
120,2025-02,Everest,5,53106.0
120,2025-02,Flux EV,3,46479.0
120,2025-02,Granite,3,42760.0
120,2025-02,Harbor,1,31389.0
120,2025-03,Aria,8,23501.0
120,2025-03,Brisa,2,29069.0
120,2025-03,Cirrus,5,30621.0
120,2025-03,Dune,2,38219.0
120,2025-03,Everest,3,50641.0
120,2025-03,Flux EV,6,44905.0
120,2025-03,Granite,4,42250.0
120,2025-03,Harbor,5,32839.0
120,2025-04,Aria,1,23959.0
120,2025-04,Brisa,10,28756.0
120,2025-04,Cirrus,9,31851.0
120,2025-04,Dune,7,38216.0
120,2025-04,Everest,3,51888.0
120,2025-04,Flux EV,1,45897.0
120,2025-04,Granite,5,41877.0
120,2025-04,Harbor,4,32107.0
120,2025-05,Aria,7,23104.0
120,2025-05,Brisa,3,29505.0
120,2025-05,Cirrus,4,30460.0
120,2025-05,Dune,4,37516.0
120,2025-05,Everest,1,50285.0
120,2025-05,Flux EV,5,46469.0
120,2025-05,Granite,5,41298.0
120,2025-05,Harbor,3,32403.0
120,2025-06,Aria,8,22533.0
120,2025-06,Brisa,2,28805.0
120,2025-06,Cirrus,9,30219.0
120,2025-06,Dune,6,38170.0
120,2025-06,Everest,3,51127.0
120,2025-06,Flux EV,5,46532.0
120,2025-06,Granite,2,40788.0
120,2025-06,Harbor,5,31377.0
120,2025-07,Aria,6,23478.0
120,2025-07,Brisa,5,28717.0
120,2025-07,Cirrus,4,30387.0
120,2025-07,Dune,8,36840.0
120,2025-07,Everest,0,
120,2025-07,Flux EV,3,45552.0
120,2025-07,Granite,3,41281.0
120,2025-07,Harbor,2,33008.0
120,2025-08,Aria,4,23386.0
120,2025-08,Brisa,3,28461.0
120,2025-08,Cirrus,5,29840.0
120,2025-08,Dune,5,38136.0
120,2025-08,Everest,3,50038.0
120,2025-08,Flux EV,2,46048.0
120,2025-08,Granite,1,42380.0
120,2025-08,Harbor,4,31883.0
120,2025-09,Aria,4,23329.0
120,2025-09,Brisa,3,28814.0
120,2025-09,Cirrus,3,30219.0
120,2025-09,Dune,1,37612.0
120,2025-09,Everest,1,47902.0
120,2025-09,Flux EV,3,46213.0
120,2025-09,Granite,3,41364.0
120,2025-09,Harbor,1,31128.0
120,2025-10,Aria,4,23128.0
120,2025-10,Brisa,3,28017.0
120,2025-10,Cirrus,3,30995.0
120,2025-10,Dune,10,37764.0
120,2025-10,Everest,1,50756.0
120,2025-10,Flux EV,5,46963.0
120,2025-10,Granite,5,42643.0
120,2025-10,Harbor,1,31365.0
120,2025-11,Aria,3,24006.0
120,2025-11,Brisa,1,27532.0
120,2025-11,Cirrus,9,30243.0
120,2025-11,Dune,6,36421.0
120,2025-11,Everest,5,50148.0
120,2025-11,Flux EV,5,47361.0
120,2025-11,Granite,5,42422.0
120,2025-11,Harbor,1,31265.0
120,2025-12,Aria,7,23270.0
120,2025-12,Brisa,9,28235.0
120,2025-12,Cirrus,5,30681.0
120,2025-12,Dune,9,37789.0
120,2025-12,Everest,2,51445.0
120,2025-12,Flux EV,5,45662.0
120,2025-12,Granite,12,40860.0
120,2025-12,Harbor,6,31868.0
120,2026-01,Aria,4,23456.0
120,2026-01,Brisa,4,28866.0
120,2026-01,Cirrus,1,30174.0
120,2026-01,Dune,9,36650.0
120,2026-01,Everest,4,50906.0
120,2026-01,Flux EV,3,46640.0
120,2026-01,Granite,3,41280.0
120,2026-01,Harbor,3,32083.0
120,2026-02,Aria,2,22746.0
120,2026-02,Brisa,3,28394.0
120,2026-02,Cirrus,6,29406.0
120,2026-02,Dune,5,38842.0
120,2026-02,Everest,2,49601.0
120,2026-02,Flux EV,3,46018.0
120,2026-02,Granite,2,42407.0
120,2026-02,Harbor,6,31740.0
120,2026-03,Aria,4,23862.0
120,2026-03,Brisa,2,28258.0
120,2026-03,Cirrus,4,29254.0
120,2026-03,Dune,3,37040.0
120,2026-03,Everest,3,50917.0
120,2026-03,Flux EV,4,45719.0
120,2026-03,Granite,4,41341.0
120,2026-03,Harbor,2,31378.0
120,2026-04,Aria,8,23437.0
120,2026-04,Brisa,3,29242.0
120,2026-04,Cirrus,3,29557.0
120,2026-04,Dune,3,38195.0
120,2026-04,Everest,2,50007.0
120,2026-04,Flux EV,3,46933.0
120,2026-04,Granite,6,40665.0
120,2026-04,Harbor,3,30255.0
120,2026-05,Aria,2,24264.0
120,2026-05,Brisa,3,28856.0
120,2026-05,Cirrus,5,30270.0
120,2026-05,Dune,4,36850.0
120,2026-05,Everest,2,49285.0
120,2026-05,Flux EV,4,46161.0
120,2026-05,Granite,0,
120,2026-05,Harbor,1,31179.0
120,2026-06,Aria,6,22786.0
120,2026-06,Brisa,5,28725.0
120,2026-06,Cirrus,7,31508.0
120,2026-06,Dune,10,37514.0
120,2026-06,Everest,3,51240.0
120,2026-06,Flux EV,9,45733.0
120,2026-06,Granite,4,41542.0
120,2026-06,Harbor,5,30691.0
120,2026-07,Aria,1,22447.0
120,2026-07,Brisa,2,28069.0
120,2026-07,Cirrus,4,29150.0
120,2026-07,Dune,3,37017.0
120,2026-07,Everest,4,50230.0
120,2026-07,Flux EV,3,46372.0
120,2026-07,Granite,1,41348.0
120,2026-07,Harbor,4,32312.0
120,2026-08,Aria,4,23785.0
120,2026-08,Brisa,1,28380.0
120,2026-08,Cirrus,8,31758.0
120,2026-08,Dune,4,35863.0
120,2026-08,Everest,1,50843.0
120,2026-08,Flux EV,3,45083.0
120,2026-08,Granite,3,41523.0
120,2026-08,Harbor,3,31549.0
120,2026-09,Aria,5,23294.0
120,2026-09,Brisa,7,28957.0
120,2026-09,Cirrus,8,30736.0
120,2026-09,Dune,5,35934.0
120,2026-09,Everest,0,
120,2026-09,Flux EV,3,45649.0
120,2026-09,Granite,1,41391.0
120,2026-09,Harbor,2,32143.0
121,2024-10,Aria,0,
121,2024-10,Brisa,2,28409.0
121,2024-10,Cirrus,3,30351.0
121,2024-10,Dune,4,37101.0
121,2024-10,Everest,0,
121,2024-10,Flux EV,1,45564.0
121,2024-10,Granite,3,42474.0
121,2024-10,Harbor,3,32219.0
121,2024-11,Aria,3,24073.0
121,2024-11,Brisa,3,27565.0
121,2024-11,Cirrus,4,30916.0
121,2024-11,Dune,1,37360.0
121,2024-11,Everest,0,
121,2024-11,Flux EV,0,
121,2024-11,Granite,1,40989.0
121,2024-11,Harbor,0,
121,2024-12,Aria,2,24015.0
121,2024-12,Brisa,3,28082.0
121,2024-12,Cirrus,4,30533.0
121,2024-12,Dune,7,36762.0
121,2024-12,Everest,2,51093.0
121,2024-12,Flux EV,1,45788.0
121,2024-12,Granite,4,42573.0
121,2024-12,Harbor,3,31312.0
121,2025-01,Aria,3,23787.0
121,2025-01,Brisa,0,
121,2025-01,Cirrus,5,30008.0
121,2025-01,Dune,2,36107.0
121,2025-01,Everest,1,49532.0
121,2025-01,Flux EV,2,47143.0
121,2025-01,Granite,1,40834.0
121,2025-01,Harbor,0,
121,2025-02,Aria,5,23365.0
121,2025-02,Brisa,2,27694.0
121,2025-02,Cirrus,4,31213.0
121,2025-02,Dune,3,36890.0
121,2025-02,Everest,2,46690.0
121,2025-02,Flux EV,0,
121,2025-02,Granite,1,40790.0
121,2025-02,Harbor,2,31041.0
121,2025-03,Aria,2,23224.0
121,2025-03,Brisa,3,29881.0
121,2025-03,Cirrus,2,29269.0
121,2025-03,Dune,3,37104.0
121,2025-03,Everest,0,
121,2025-03,Flux EV,1,46093.0
121,2025-03,Granite,2,41433.0
121,2025-03,Harbor,2,30380.0
121,2025-04,Aria,4,24121.0
121,2025-04,Brisa,4,28856.0
121,2025-04,Cirrus,3,30257.0
121,2025-04,Dune,7,36916.0
121,2025-04,Everest,0,
121,2025-04,Flux EV,5,45412.0
121,2025-04,Granite,2,42474.0
121,2025-04,Harbor,4,32758.0
121,2025-05,Aria,1,23729.0
121,2025-05,Brisa,0,
121,2025-05,Cirrus,3,31033.0
121,2025-05,Dune,4,37447.0
121,2025-05,Everest,1,49455.0
121,2025-05,Flux EV,1,45794.0
121,2025-05,Granite,2,41399.0
121,2025-05,Harbor,2,31576.0
121,2025-06,Aria,4,24042.0
121,2025-06,Brisa,4,28382.0
121,2025-06,Cirrus,3,30532.0
121,2025-06,Dune,4,38337.0
121,2025-06,Everest,1,51125.0
121,2025-06,Flux EV,1,46947.0
121,2025-06,Granite,2,40930.0
121,2025-06,Harbor,0,
121,2025-07,Aria,2,23330.0
121,2025-07,Brisa,1,28967.0
121,2025-07,Cirrus,4,30768.0
121,2025-07,Dune,3,37472.0
121,2025-07,Everest,0,
121,2025-07,Flux EV,0,
121,2025-07,Granite,2,42042.0
121,2025-07,Harbor,0,
121,2025-08,Aria,3,23286.0
121,2025-08,Brisa,4,28154.0
121,2025-08,Cirrus,9,29491.0
121,2025-08,Dune,1,37685.0
121,2025-08,Everest,0,
121,2025-08,Flux EV,3,44839.0
121,2025-08,Granite,2,42404.0
121,2025-08,Harbor,2,31136.0
121,2025-09,Aria,2,23119.0
121,2025-09,Brisa,2,29429.0
121,2025-09,Cirrus,4,29948.0
121,2025-09,Dune,3,37862.0
121,2025-09,Everest,1,49826.0
121,2025-09,Flux EV,0,
121,2025-09,Granite,2,42272.0
121,2025-09,Harbor,2,31856.0
121,2025-10,Aria,1,23379.0
121,2025-10,Brisa,6,29170.0
121,2025-10,Cirrus,3,30394.0
121,2025-10,Dune,4,37259.0
121,2025-10,Everest,1,50567.0
121,2025-10,Flux EV,1,45657.0
121,2025-10,Granite,2,40755.0
121,2025-10,Harbor,3,32021.0
121,2025-11,Aria,2,23513.0
121,2025-11,Brisa,1,29215.0
121,2025-11,Cirrus,4,28952.0
121,2025-11,Dune,5,37267.0
121,2025-11,Everest,3,50276.0
121,2025-11,Flux EV,1,46300.0
121,2025-11,Granite,0,
121,2025-11,Harbor,0,
121,2025-12,Aria,3,23669.0
121,2025-12,Brisa,2,28045.0
121,2025-12,Cirrus,1,30146.0
121,2025-12,Dune,3,37003.0
121,2025-12,Everest,0,
121,2025-12,Flux EV,1,44117.0
121,2025-12,Granite,0,
121,2025-12,Harbor,0,
121,2026-01,Aria,2,23583.0
121,2026-01,Brisa,1,28748.0
121,2026-01,Cirrus,6,30106.0
121,2026-01,Dune,4,37408.0
121,2026-01,Everest,0,
121,2026-01,Flux EV,1,46248.0
121,2026-01,Granite,2,41544.0
121,2026-01,Harbor,1,31204.0
121,2026-02,Aria,2,23301.0
121,2026-02,Brisa,1,28408.0
121,2026-02,Cirrus,4,29778.0
121,2026-02,Dune,2,38393.0
121,2026-02,Everest,1,51858.0
121,2026-02,Flux EV,0,
121,2026-02,Granite,1,42361.0
121,2026-02,Harbor,0,
121,2026-03,Aria,2,23514.0
121,2026-03,Brisa,3,28764.0
121,2026-03,Cirrus,1,29560.0
121,2026-03,Dune,4,36585.0
121,2026-03,Everest,3,52780.0
121,2026-03,Flux EV,1,45563.0
121,2026-03,Granite,2,41691.0
121,2026-03,Harbor,3,32147.0
121,2026-04,Aria,1,24409.0
121,2026-04,Brisa,2,28644.0
121,2026-04,Cirrus,4,29996.0
121,2026-04,Dune,3,37545.0
121,2026-04,Everest,1,51250.0
121,2026-04,Flux EV,2,45361.0
121,2026-04,Granite,4,41464.0
121,2026-04,Harbor,3,32877.0
121,2026-05,Aria,3,23450.0
121,2026-05,Brisa,1,29468.0
121,2026-05,Cirrus,3,30145.0
121,2026-05,Dune,4,38057.0
121,2026-05,Everest,2,50984.0
121,2026-05,Flux EV,0,
121,2026-05,Granite,2,41160.0
121,2026-05,Harbor,2,30451.0
121,2026-06,Aria,4,23829.0
121,2026-06,Brisa,3,28482.0
121,2026-06,Cirrus,8,30494.0
121,2026-06,Dune,1,37528.0
121,2026-06,Everest,2,51245.0
121,2026-06,Flux EV,1,44204.0
121,2026-06,Granite,2,41160.0
121,2026-06,Harbor,1,32259.0
121,2026-07,Aria,4,22620.0
121,2026-07,Brisa,2,29027.0
121,2026-07,Cirrus,2,29861.0
121,2026-07,Dune,2,36691.0
121,2026-07,Everest,0,
121,2026-07,Flux EV,1,46619.0
121,2026-07,Granite,2,41684.0
121,2026-07,Harbor,1,31733.0
121,2026-08,Aria,4,23622.0
121,2026-08,Brisa,3,29407.0
121,2026-08,Cirrus,2,30328.0
121,2026-08,Dune,1,36630.0
121,2026-08,Everest,3,49873.0
121,2026-08,Flux EV,2,45143.0
121,2026-08,Granite,2,41051.0
121,2026-08,Harbor,2,31966.0
121,2026-09,Aria,1,23697.0
121,2026-09,Brisa,2,27828.0
121,2026-09,Cirrus,4,31071.0
121,2026-09,Dune,3,36212.0
121,2026-09,Everest,3,50450.0
121,2026-09,Flux EV,1,45284.0
121,2026-09,Granite,4,41441.0
121,2026-09,Harbor,1,31741.0
122,2024-10,Aria,6,23387.0
122,2024-10,Brisa,7,27942.0
122,2024-10,Cirrus,10,31119.0
122,2024-10,Dune,7,36750.0
122,2024-10,Everest,4,52296.0
122,2024-10,Flux EV,2,46283.0
122,2024-10,Granite,5,40976.0
122,2024-10,Harbor,6,30568.0
122,2024-11,Aria,8,23394.0
122,2024-11,Brisa,12,28352.0
122,2024-11,Cirrus,10,29729.0
122,2024-11,Dune,8,37248.0
122,2024-11,Everest,2,50174.0
122,2024-11,Flux EV,1,45775.0
122,2024-11,Granite,5,41745.0
122,2024-11,Harbor,6,31484.0
122,2024-12,Aria,9,23888.0
122,2024-12,Brisa,5,28136.0
122,2024-12,Cirrus,9,30762.0
122,2024-12,Dune,4,35878.0
122,2024-12,Everest,6,49952.0
122,2024-12,Flux EV,2,47452.0
122,2024-12,Granite,6,42154.0
122,2024-12,Harbor,7,31481.0
122,2025-01,Aria,4,23529.0
122,2025-01,Brisa,5,28860.0
122,2025-01,Cirrus,7,30631.0
122,2025-01,Dune,4,38271.0
122,2025-01,Everest,4,48999.0
122,2025-01,Flux EV,4,44135.0
122,2025-01,Granite,4,40024.0
122,2025-01,Harbor,2,31857.0
122,2025-02,Aria,7,23698.0
122,2025-02,Brisa,6,28651.0
122,2025-02,Cirrus,8,29821.0
122,2025-02,Dune,4,37767.0
122,2025-02,Everest,4,50363.0
122,2025-02,Flux EV,0,
122,2025-02,Granite,4,41536.0
122,2025-02,Harbor,2,31743.0
122,2025-03,Aria,6,23198.0
122,2025-03,Brisa,3,28485.0
122,2025-03,Cirrus,9,29892.0
122,2025-03,Dune,8,37051.0
122,2025-03,Everest,1,49340.0
122,2025-03,Flux EV,1,46476.0
122,2025-03,Granite,5,40751.0
122,2025-03,Harbor,1,31872.0
122,2025-04,Aria,13,22992.0
122,2025-04,Brisa,8,29746.0
122,2025-04,Cirrus,8,30460.0
122,2025-04,Dune,16,37737.0
122,2025-04,Everest,5,51972.0
122,2025-04,Flux EV,0,
122,2025-04,Granite,7,42184.0
122,2025-04,Harbor,4,32118.0
122,2025-05,Aria,7,22977.0
122,2025-05,Brisa,4,28519.0
122,2025-05,Cirrus,4,31252.0
122,2025-05,Dune,10,36722.0
122,2025-05,Everest,3,50537.0
122,2025-05,Flux EV,2,46842.0
122,2025-05,Granite,5,42701.0
122,2025-05,Harbor,7,32310.0
122,2025-06,Aria,8,23216.0
122,2025-06,Brisa,8,28925.0
122,2025-06,Cirrus,12,29524.0
122,2025-06,Dune,6,36953.0
122,2025-06,Everest,5,50060.0
122,2025-06,Flux EV,4,44637.0
122,2025-06,Granite,6,42912.0
122,2025-06,Harbor,4,31407.0
122,2025-07,Aria,12,23047.0
122,2025-07,Brisa,5,28701.0
122,2025-07,Cirrus,6,30237.0
122,2025-07,Dune,9,38076.0
122,2025-07,Everest,3,48761.0
122,2025-07,Flux EV,0,
122,2025-07,Granite,5,40894.0
122,2025-07,Harbor,5,30606.0
122,2025-08,Aria,10,23308.0
122,2025-08,Brisa,5,29278.0
122,2025-08,Cirrus,9,29715.0
122,2025-08,Dune,3,37637.0
122,2025-08,Everest,0,
122,2025-08,Flux EV,2,46970.0
122,2025-08,Granite,3,41127.0
122,2025-08,Harbor,6,31979.0
122,2025-09,Aria,8,23928.0
122,2025-09,Brisa,5,28810.0
122,2025-09,Cirrus,8,30807.0
122,2025-09,Dune,10,36669.0
122,2025-09,Everest,4,49431.0
122,2025-09,Flux EV,4,46480.0
122,2025-09,Granite,8,41352.0
122,2025-09,Harbor,5,31221.0
122,2025-10,Aria,6,23703.0
122,2025-10,Brisa,9,29078.0
122,2025-10,Cirrus,13,30849.0
122,2025-10,Dune,9,36588.0
122,2025-10,Everest,3,50684.0
122,2025-10,Flux EV,1,45898.0
122,2025-10,Granite,6,43345.0
122,2025-10,Harbor,2,31183.0
122,2025-11,Aria,11,22931.0
122,2025-11,Brisa,7,28605.0
122,2025-11,Cirrus,8,30136.0
122,2025-11,Dune,6,37027.0
122,2025-11,Everest,7,50453.0
122,2025-11,Flux EV,1,45664.0
122,2025-11,Granite,4,42008.0
122,2025-11,Harbor,7,31918.0
122,2025-12,Aria,12,24095.0
122,2025-12,Brisa,9,28446.0
122,2025-12,Cirrus,10,29555.0
122,2025-12,Dune,13,36443.0
122,2025-12,Everest,2,50880.0
122,2025-12,Flux EV,1,44913.0
122,2025-12,Granite,6,41491.0
122,2025-12,Harbor,2,31877.0
122,2026-01,Aria,7,23332.0
122,2026-01,Brisa,7,28852.0
122,2026-01,Cirrus,9,29795.0
122,2026-01,Dune,15,37383.0
122,2026-01,Everest,2,51400.0
122,2026-01,Flux EV,0,
122,2026-01,Granite,3,42040.0
122,2026-01,Harbor,0,
122,2026-02,Aria,10,23860.0
122,2026-02,Brisa,7,28476.0
122,2026-02,Cirrus,7,29719.0
122,2026-02,Dune,5,37465.0
122,2026-02,Everest,5,50366.0
122,2026-02,Flux EV,0,
122,2026-02,Granite,6,41036.0
122,2026-02,Harbor,3,31304.0
122,2026-03,Aria,6,23598.0
122,2026-03,Brisa,4,29025.0
122,2026-03,Cirrus,12,31305.0
122,2026-03,Dune,9,37149.0
122,2026-03,Everest,5,50094.0
122,2026-03,Flux EV,1,46143.0
122,2026-03,Granite,4,41806.0
122,2026-03,Harbor,4,31478.0
122,2026-04,Aria,8,23565.0
122,2026-04,Brisa,7,29755.0
122,2026-04,Cirrus,11,30108.0
122,2026-04,Dune,12,36502.0
122,2026-04,Everest,0,
122,2026-04,Flux EV,1,47946.0
122,2026-04,Granite,14,43346.0
122,2026-04,Harbor,2,31977.0
122,2026-05,Aria,7,23163.0
122,2026-05,Brisa,8,29304.0
122,2026-05,Cirrus,11,30180.0
122,2026-05,Dune,7,38322.0
122,2026-05,Everest,1,49982.0
122,2026-05,Flux EV,3,46173.0
122,2026-05,Granite,3,42389.0
122,2026-05,Harbor,5,31503.0
122,2026-06,Aria,6,23378.0
122,2026-06,Brisa,10,29305.0
122,2026-06,Cirrus,10,30228.0
122,2026-06,Dune,7,37975.0
122,2026-06,Everest,9,52155.0
122,2026-06,Flux EV,3,46907.0
122,2026-06,Granite,3,42302.0
122,2026-06,Harbor,9,31155.0
122,2026-07,Aria,2,23134.0
122,2026-07,Brisa,1,28622.0
122,2026-07,Cirrus,7,30011.0
122,2026-07,Dune,5,38192.0
122,2026-07,Everest,3,50416.0
122,2026-07,Flux EV,1,48234.0
122,2026-07,Granite,11,40412.0
122,2026-07,Harbor,0,
122,2026-08,Aria,13,23003.0
122,2026-08,Brisa,11,28338.0
122,2026-08,Cirrus,5,30397.0
122,2026-08,Dune,5,36738.0
122,2026-08,Everest,1,50660.0
122,2026-08,Flux EV,1,45794.0
122,2026-08,Granite,5,40788.0
122,2026-08,Harbor,5,31096.0
122,2026-09,Aria,11,22436.0
122,2026-09,Brisa,10,28713.0
122,2026-09,Cirrus,14,29044.0
122,2026-09,Dune,5,37611.0
122,2026-09,Everest,4,50043.0
122,2026-09,Flux EV,1,45401.0
122,2026-09,Granite,8,42390.0
122,2026-09,Harbor,5,31093.0
123,2024-10,Aria,2,23813.0
123,2024-10,Brisa,1,28426.0
123,2024-10,Cirrus,2,30012.0
123,2024-10,Dune,4,37255.0
123,2024-10,Everest,1,50326.0
123,2024-10,Flux EV,1,47066.0
123,2024-10,Granite,3,41837.0
123,2024-10,Harbor,1,31592.0
123,2024-11,Aria,2,23391.0
123,2024-11,Brisa,2,28557.0
123,2024-11,Cirrus,2,29577.0
123,2024-11,Dune,8,36686.0
123,2024-11,Everest,3,48894.0
123,2024-11,Flux EV,1,44882.0
123,2024-11,Granite,1,40296.0
123,2024-11,Harbor,1,31401.0
123,2024-12,Aria,4,23522.0
123,2024-12,Brisa,1,28475.0
123,2024-12,Cirrus,2,29561.0
123,2024-12,Dune,6,36318.0
123,2024-12,Everest,0,
123,2024-12,Flux EV,1,46212.0
123,2024-12,Granite,1,42423.0
123,2024-12,Harbor,4,32290.0
123,2025-01,Aria,1,23956.0
123,2025-01,Brisa,2,28845.0
123,2025-01,Cirrus,3,30383.0
123,2025-01,Dune,4,36881.0
123,2025-01,Everest,1,49181.0
123,2025-01,Flux EV,0,
123,2025-01,Granite,4,41672.0
123,2025-01,Harbor,1,31307.0
123,2025-02,Aria,3,23291.0
123,2025-02,Brisa,0,
123,2025-02,Cirrus,3,29437.0
123,2025-02,Dune,4,37927.0
123,2025-02,Everest,1,50321.0
123,2025-02,Flux EV,0,
123,2025-02,Granite,0,
123,2025-02,Harbor,2,31597.0
123,2025-03,Aria,3,24298.0
123,2025-03,Brisa,4,28717.0
123,2025-03,Cirrus,3,30509.0
123,2025-03,Dune,1,37545.0
123,2025-03,Everest,2,50648.0
123,2025-03,Flux EV,3,45464.0
123,2025-03,Granite,4,39553.0
123,2025-03,Harbor,1,32195.0
123,2025-04,Aria,1,23134.0
123,2025-04,Brisa,5,28634.0
123,2025-04,Cirrus,6,31892.0
123,2025-04,Dune,0,
123,2025-04,Everest,1,49749.0
123,2025-04,Flux EV,2,46865.0
123,2025-04,Granite,6,40941.0
123,2025-04,Harbor,2,31670.0
123,2025-05,Aria,3,23207.0
123,2025-05,Brisa,3,29667.0
123,2025-05,Cirrus,1,30238.0
123,2025-05,Dune,4,35674.0
123,2025-05,Everest,2,50531.0
123,2025-05,Flux EV,3,46233.0
123,2025-05,Granite,2,42425.0
123,2025-05,Harbor,1,31716.0
123,2025-06,Aria,5,23237.0
123,2025-06,Brisa,0,
123,2025-06,Cirrus,3,29890.0
123,2025-06,Dune,0,
123,2025-06,Everest,4,50250.0
123,2025-06,Flux EV,1,46501.0
123,2025-06,Granite,3,42878.0
123,2025-06,Harbor,3,31511.0
123,2025-07,Aria,2,22921.0
123,2025-07,Brisa,4,28692.0
123,2025-07,Cirrus,3,30071.0
123,2025-07,Dune,3,37109.0
123,2025-07,Everest,0,
123,2025-07,Flux EV,2,45976.0
123,2025-07,Granite,1,40310.0
123,2025-07,Harbor,4,31091.0
123,2025-08,Aria,2,23952.0
123,2025-08,Brisa,0,
123,2025-08,Cirrus,4,29803.0
123,2025-08,Dune,3,37632.0
123,2025-08,Everest,1,50961.0
123,2025-08,Flux EV,1,45221.0
123,2025-08,Granite,1,41144.0
123,2025-08,Harbor,3,30921.0
123,2025-09,Aria,4,23332.0
123,2025-09,Brisa,3,28559.0
123,2025-09,Cirrus,3,30577.0
123,2025-09,Dune,2,39025.0
123,2025-09,Everest,2,49516.0
123,2025-09,Flux EV,4,46672.0
123,2025-09,Granite,6,41984.0
123,2025-09,Harbor,2,31453.0
123,2025-10,Aria,6,24447.0
123,2025-10,Brisa,4,28092.0
123,2025-10,Cirrus,1,29575.0
123,2025-10,Dune,2,37750.0
123,2025-10,Everest,1,49754.0
123,2025-10,Flux EV,1,47050.0
123,2025-10,Granite,1,41980.0
123,2025-10,Harbor,3,31554.0
123,2025-11,Aria,1,23826.0
123,2025-11,Brisa,2,28810.0
123,2025-11,Cirrus,3,30841.0
123,2025-11,Dune,5,36111.0
123,2025-11,Everest,0,
123,2025-11,Flux EV,0,
123,2025-11,Granite,3,41920.0
123,2025-11,Harbor,2,31411.0
123,2025-12,Aria,6,23603.0
123,2025-12,Brisa,2,28615.0
123,2025-12,Cirrus,4,29798.0
123,2025-12,Dune,2,38294.0
123,2025-12,Everest,1,50000.0
123,2025-12,Flux EV,2,45249.0
123,2025-12,Granite,5,41727.0
123,2025-12,Harbor,1,32445.0
123,2026-01,Aria,6,24241.0
123,2026-01,Brisa,3,28552.0
123,2026-01,Cirrus,4,30693.0
123,2026-01,Dune,4,37872.0
123,2026-01,Everest,0,
123,2026-01,Flux EV,1,46655.0
123,2026-01,Granite,1,40742.0
123,2026-01,Harbor,2,30998.0
123,2026-02,Aria,1,23568.0
123,2026-02,Brisa,5,29212.0
123,2026-02,Cirrus,6,30217.0
123,2026-02,Dune,0,
123,2026-02,Everest,0,
123,2026-02,Flux EV,1,46107.0
123,2026-02,Granite,3,41091.0
123,2026-02,Harbor,1,32246.0
123,2026-03,Aria,2,23566.0
123,2026-03,Brisa,0,
123,2026-03,Cirrus,2,30613.0
123,2026-03,Dune,1,35926.0
123,2026-03,Everest,1,49582.0
123,2026-03,Flux EV,0,
123,2026-03,Granite,4,41039.0
123,2026-03,Harbor,1,31060.0
123,2026-04,Aria,4,23413.0
123,2026-04,Brisa,3,28693.0
123,2026-04,Cirrus,3,30412.0
123,2026-04,Dune,5,36720.0
123,2026-04,Everest,1,48995.0
123,2026-04,Flux EV,2,46294.0
123,2026-04,Granite,3,41510.0
123,2026-04,Harbor,1,31224.0
123,2026-05,Aria,0,
123,2026-05,Brisa,2,28158.0
123,2026-05,Cirrus,3,29430.0
123,2026-05,Dune,2,37479.0
123,2026-05,Everest,1,50843.0
123,2026-05,Flux EV,0,
123,2026-05,Granite,1,43012.0
123,2026-05,Harbor,0,
123,2026-06,Aria,1,23365.0
123,2026-06,Brisa,0,
123,2026-06,Cirrus,0,
123,2026-06,Dune,0,
123,2026-06,Everest,1,50739.0
123,2026-06,Flux EV,1,44879.0
123,2026-06,Granite,1,41046.0
123,2026-06,Harbor,1,30527.0
123,2026-07,Aria,5,23442.0
123,2026-07,Brisa,4,29567.0
123,2026-07,Cirrus,5,29769.0
123,2026-07,Dune,4,37639.0
123,2026-07,Everest,1,49611.0
123,2026-07,Flux EV,0,
123,2026-07,Granite,3,41767.0
123,2026-07,Harbor,2,31316.0
123,2026-08,Aria,1,23362.0
123,2026-08,Brisa,0,
123,2026-08,Cirrus,4,30154.0
123,2026-08,Dune,2,36882.0
123,2026-08,Everest,1,49240.0
123,2026-08,Flux EV,0,
123,2026-08,Granite,4,40124.0
123,2026-08,Harbor,1,31289.0
123,2026-09,Aria,2,23475.0
123,2026-09,Brisa,4,27817.0
123,2026-09,Cirrus,5,30232.0
123,2026-09,Dune,0,
123,2026-09,Everest,3,50032.0
123,2026-09,Flux EV,0,
123,2026-09,Granite,5,41625.0
123,2026-09,Harbor,0,
124,2024-10,Aria,1,24499.0
124,2024-10,Brisa,4,28210.0
124,2024-10,Cirrus,5,30238.0
124,2024-10,Dune,2,37784.0
124,2024-10,Everest,1,47432.0
124,2024-10,Flux EV,3,46919.0
124,2024-10,Granite,3,41412.0
124,2024-10,Harbor,3,31457.0
124,2024-11,Aria,3,23022.0
124,2024-11,Brisa,3,29163.0
124,2024-11,Cirrus,1,29972.0
124,2024-11,Dune,3,37189.0
124,2024-11,Everest,1,50900.0
124,2024-11,Flux EV,0,
124,2024-11,Granite,5,41694.0
124,2024-11,Harbor,1,30937.0
124,2024-12,Aria,5,23468.0
124,2024-12,Brisa,3,29142.0
124,2024-12,Cirrus,3,30014.0
124,2024-12,Dune,3,37767.0
124,2024-12,Everest,3,50908.0
124,2024-12,Flux EV,3,47260.0
124,2024-12,Granite,5,42938.0
124,2024-12,Harbor,1,32554.0
124,2025-01,Aria,1,23282.0
124,2025-01,Brisa,1,28885.0
124,2025-01,Cirrus,7,30359.0
124,2025-01,Dune,1,37076.0
124,2025-01,Everest,1,51349.0
124,2025-01,Flux EV,1,46774.0
124,2025-01,Granite,1,41925.0
124,2025-01,Harbor,4,32339.0
124,2025-02,Aria,6,23570.0
124,2025-02,Brisa,2,27806.0
124,2025-02,Cirrus,3,30270.0
124,2025-02,Dune,3,37133.0
124,2025-02,Everest,0,
124,2025-02,Flux EV,0,
124,2025-02,Granite,2,41570.0
124,2025-02,Harbor,1,31338.0
124,2025-03,Aria,4,23543.0
124,2025-03,Brisa,0,
124,2025-03,Cirrus,3,28835.0
124,2025-03,Dune,3,37254.0
124,2025-03,Everest,1,50396.0
124,2025-03,Flux EV,0,
124,2025-03,Granite,7,40914.0
124,2025-03,Harbor,2,32288.0
124,2025-04,Aria,2,23653.0
124,2025-04,Brisa,2,28239.0
124,2025-04,Cirrus,0,
124,2025-04,Dune,2,37565.0
124,2025-04,Everest,2,51212.0
124,2025-04,Flux EV,0,
124,2025-04,Granite,2,40985.0
124,2025-04,Harbor,1,30922.0
124,2025-05,Aria,2,23464.0
124,2025-05,Brisa,3,28776.0
124,2025-05,Cirrus,1,31054.0
124,2025-05,Dune,1,37709.0
124,2025-05,Everest,2,50536.0
124,2025-05,Flux EV,0,
124,2025-05,Granite,3,41164.0
124,2025-05,Harbor,1,32375.0
124,2025-06,Aria,1,22821.0
124,2025-06,Brisa,4,27760.0
124,2025-06,Cirrus,2,30246.0
124,2025-06,Dune,0,
124,2025-06,Everest,0,
124,2025-06,Flux EV,0,
124,2025-06,Granite,2,41735.0
124,2025-06,Harbor,4,31912.0
124,2025-07,Aria,0,
124,2025-07,Brisa,2,29503.0
124,2025-07,Cirrus,1,31229.0
124,2025-07,Dune,7,38069.0
124,2025-07,Everest,0,
124,2025-07,Flux EV,1,45200.0
124,2025-07,Granite,2,41327.0
124,2025-07,Harbor,2,32445.0
124,2025-08,Aria,1,23216.0
124,2025-08,Brisa,2,28276.0
124,2025-08,Cirrus,3,30527.0
124,2025-08,Dune,3,37114.0
124,2025-08,Everest,2,50309.0
124,2025-08,Flux EV,0,
124,2025-08,Granite,5,41931.0
124,2025-08,Harbor,2,31745.0
124,2025-09,Aria,4,23982.0
124,2025-09,Brisa,4,28810.0
124,2025-09,Cirrus,1,30656.0
124,2025-09,Dune,7,35397.0
124,2025-09,Everest,2,50990.0
124,2025-09,Flux EV,1,45898.0
124,2025-09,Granite,2,42358.0
124,2025-09,Harbor,2,32102.0
124,2025-10,Aria,5,24017.0
124,2025-10,Brisa,1,29609.0
124,2025-10,Cirrus,2,30931.0
124,2025-10,Dune,2,38011.0
124,2025-10,Everest,3,52135.0
124,2025-10,Flux EV,0,
124,2025-10,Granite,3,40399.0
124,2025-10,Harbor,2,31107.0
124,2025-11,Aria,1,24164.0
124,2025-11,Brisa,0,
124,2025-11,Cirrus,2,29879.0
124,2025-11,Dune,2,38092.0
124,2025-11,Everest,1,51313.0
124,2025-11,Flux EV,2,45397.0
124,2025-11,Granite,4,40756.0
124,2025-11,Harbor,2,32738.0
124,2025-12,Aria,4,23741.0
124,2025-12,Brisa,4,28832.0
124,2025-12,Cirrus,3,30834.0
124,2025-12,Dune,3,35874.0
124,2025-12,Everest,1,48486.0
124,2025-12,Flux EV,2,46603.0
124,2025-12,Granite,4,41032.0
124,2025-12,Harbor,1,31728.0
124,2026-01,Aria,4,23177.0
124,2026-01,Brisa,2,28215.0
124,2026-01,Cirrus,2,29826.0
124,2026-01,Dune,0,
124,2026-01,Everest,0,
124,2026-01,Flux EV,1,45884.0
124,2026-01,Granite,4,41593.0
124,2026-01,Harbor,1,32280.0
124,2026-02,Aria,4,23904.0
124,2026-02,Brisa,3,28603.0
124,2026-02,Cirrus,4,29468.0
124,2026-02,Dune,5,36260.0
124,2026-02,Everest,2,51407.0
124,2026-02,Flux EV,0,
124,2026-02,Granite,3,41279.0
124,2026-02,Harbor,2,31265.0
124,2026-03,Aria,2,22862.0
124,2026-03,Brisa,2,29196.0
124,2026-03,Cirrus,4,30262.0
124,2026-03,Dune,5,37634.0
124,2026-03,Everest,1,51168.0
124,2026-03,Flux EV,2,46557.0
124,2026-03,Granite,4,41452.0
124,2026-03,Harbor,1,31439.0
124,2026-04,Aria,4,24291.0
124,2026-04,Brisa,3,28700.0
124,2026-04,Cirrus,4,30143.0
124,2026-04,Dune,4,37308.0
124,2026-04,Everest,1,50753.0
124,2026-04,Flux EV,3,45639.0
124,2026-04,Granite,3,41758.0
124,2026-04,Harbor,5,31358.0
124,2026-05,Aria,4,24417.0
124,2026-05,Brisa,1,28250.0
124,2026-05,Cirrus,5,29650.0
124,2026-05,Dune,6,36687.0
124,2026-05,Everest,2,51022.0
124,2026-05,Flux EV,1,46720.0
124,2026-05,Granite,5,40936.0
124,2026-05,Harbor,1,31881.0
124,2026-06,Aria,3,24171.0
124,2026-06,Brisa,3,28478.0
124,2026-06,Cirrus,3,29386.0
124,2026-06,Dune,5,37018.0
124,2026-06,Everest,1,50358.0
124,2026-06,Flux EV,3,46248.0
124,2026-06,Granite,6,42410.0
124,2026-06,Harbor,0,
124,2026-07,Aria,1,23463.0
124,2026-07,Brisa,0,
124,2026-07,Cirrus,5,30291.0
124,2026-07,Dune,1,37990.0
124,2026-07,Everest,1,50466.0
124,2026-07,Flux EV,0,
124,2026-07,Granite,4,41606.0
124,2026-07,Harbor,5,31685.0
124,2026-08,Aria,10,23505.0
124,2026-08,Brisa,2,28314.0
124,2026-08,Cirrus,2,30891.0
124,2026-08,Dune,1,36851.0
124,2026-08,Everest,1,50868.0
124,2026-08,Flux EV,0,
124,2026-08,Granite,3,43308.0
124,2026-08,Harbor,2,31703.0
124,2026-09,Aria,3,24165.0
124,2026-09,Brisa,2,28222.0
124,2026-09,Cirrus,4,29763.0
124,2026-09,Dune,3,37475.0
124,2026-09,Everest,1,50876.0
124,2026-09,Flux EV,2,44991.0
124,2026-09,Granite,5,41406.0
124,2026-09,Harbor,5,32443.0
125,2024-10,Aria,3,23570.0
125,2024-10,Brisa,2,28487.0
125,2024-10,Cirrus,6,29780.0
125,2024-10,Dune,6,37707.0
125,2024-10,Everest,3,50927.0
125,2024-10,Flux EV,5,46372.0
125,2024-10,Granite,6,42440.0
125,2024-10,Harbor,1,31741.0
125,2024-11,Aria,4,23705.0
125,2024-11,Brisa,5,28283.0
125,2024-11,Cirrus,2,30297.0
125,2024-11,Dune,2,37262.0
125,2024-11,Everest,4,49028.0
125,2024-11,Flux EV,5,46721.0
125,2024-11,Granite,7,40703.0
125,2024-11,Harbor,0,
125,2024-12,Aria,7,23408.0
125,2024-12,Brisa,6,28370.0
125,2024-12,Cirrus,11,30279.0
125,2024-12,Dune,8,36414.0
125,2024-12,Everest,0,
125,2024-12,Flux EV,3,48033.0
125,2024-12,Granite,6,42490.0
125,2024-12,Harbor,4,31633.0
125,2025-01,Aria,3,23429.0
125,2025-01,Brisa,1,30422.0
125,2025-01,Cirrus,4,29912.0
125,2025-01,Dune,5,37005.0
125,2025-01,Everest,4,51428.0
125,2025-01,Flux EV,2,46422.0
125,2025-01,Granite,6,41609.0
125,2025-01,Harbor,2,30263.0
125,2025-02,Aria,4,23735.0
125,2025-02,Brisa,2,28672.0
125,2025-02,Cirrus,3,29385.0
125,2025-02,Dune,8,36066.0
125,2025-02,Everest,1,50053.0
125,2025-02,Flux EV,3,46628.0
125,2025-02,Granite,4,41577.0
125,2025-02,Harbor,1,32397.0
125,2025-03,Aria,7,23040.0
125,2025-03,Brisa,2,28947.0
125,2025-03,Cirrus,3,29708.0
125,2025-03,Dune,4,36271.0
125,2025-03,Everest,1,51310.0
125,2025-03,Flux EV,7,47164.0
125,2025-03,Granite,4,42511.0
125,2025-03,Harbor,2,32859.0
125,2025-04,Aria,6,23397.0
125,2025-04,Brisa,5,28227.0
125,2025-04,Cirrus,8,30004.0
125,2025-04,Dune,8,38654.0
125,2025-04,Everest,3,50574.0
125,2025-04,Flux EV,2,46285.0
125,2025-04,Granite,3,41723.0
125,2025-04,Harbor,7,31615.0
125,2025-05,Aria,4,22775.0
125,2025-05,Brisa,1,28732.0
125,2025-05,Cirrus,10,31419.0
125,2025-05,Dune,3,37134.0
125,2025-05,Everest,0,
125,2025-05,Flux EV,3,45319.0
125,2025-05,Granite,5,43296.0
125,2025-05,Harbor,4,31276.0
125,2025-06,Aria,5,23277.0
125,2025-06,Brisa,3,28999.0
125,2025-06,Cirrus,7,30111.0
125,2025-06,Dune,2,38510.0
125,2025-06,Everest,2,50012.0
125,2025-06,Flux EV,7,46689.0
125,2025-06,Granite,2,42886.0
125,2025-06,Harbor,2,32271.0
125,2025-07,Aria,3,23149.0
125,2025-07,Brisa,3,29533.0
125,2025-07,Cirrus,12,30253.0
125,2025-07,Dune,3,38044.0
125,2025-07,Everest,4,48711.0
125,2025-07,Flux EV,6,44269.0
125,2025-07,Granite,4,41479.0
125,2025-07,Harbor,1,31716.0
125,2025-08,Aria,3,23761.0
125,2025-08,Brisa,4,28511.0
125,2025-08,Cirrus,3,29998.0
125,2025-08,Dune,3,37604.0
125,2025-08,Everest,3,50675.0
125,2025-08,Flux EV,4,48317.0
125,2025-08,Granite,0,
125,2025-08,Harbor,4,33370.0
125,2025-09,Aria,2,23667.0
125,2025-09,Brisa,4,28512.0
125,2025-09,Cirrus,7,29772.0
125,2025-09,Dune,4,37475.0
125,2025-09,Everest,1,49536.0
125,2025-09,Flux EV,1,45059.0
125,2025-09,Granite,3,42506.0
125,2025-09,Harbor,2,31175.0
125,2025-10,Aria,4,23635.0
125,2025-10,Brisa,0,
125,2025-10,Cirrus,10,29950.0
125,2025-10,Dune,7,36743.0
125,2025-10,Everest,0,
125,2025-10,Flux EV,4,44519.0
125,2025-10,Granite,2,41662.0
125,2025-10,Harbor,2,30337.0
125,2025-11,Aria,5,23595.0
125,2025-11,Brisa,4,29358.0
125,2025-11,Cirrus,7,30035.0
125,2025-11,Dune,8,38028.0
125,2025-11,Everest,3,50924.0
125,2025-11,Flux EV,2,45474.0
125,2025-11,Granite,3,41617.0
125,2025-11,Harbor,3,31086.0
125,2025-12,Aria,1,23283.0
125,2025-12,Brisa,2,29134.0
125,2025-12,Cirrus,5,29259.0
125,2025-12,Dune,9,37878.0
125,2025-12,Everest,1,52058.0
125,2025-12,Flux EV,3,47944.0
125,2025-12,Granite,6,41745.0
125,2025-12,Harbor,4,30739.0
125,2026-01,Aria,2,23719.0
125,2026-01,Brisa,3,28005.0
125,2026-01,Cirrus,6,29702.0
125,2026-01,Dune,3,37078.0
125,2026-01,Everest,1,50665.0
125,2026-01,Flux EV,1,44954.0
125,2026-01,Granite,2,41501.0
125,2026-01,Harbor,4,31827.0
125,2026-02,Aria,3,23068.0
125,2026-02,Brisa,4,29613.0
125,2026-02,Cirrus,6,28865.0
125,2026-02,Dune,7,36974.0
125,2026-02,Everest,3,50716.0
125,2026-02,Flux EV,1,46345.0
125,2026-02,Granite,7,41825.0
125,2026-02,Harbor,3,32263.0
125,2026-03,Aria,3,23957.0
125,2026-03,Brisa,6,28313.0
125,2026-03,Cirrus,1,29976.0
125,2026-03,Dune,4,38309.0
125,2026-03,Everest,2,52113.0
125,2026-03,Flux EV,2,45684.0
125,2026-03,Granite,3,41445.0
125,2026-03,Harbor,3,32168.0
125,2026-04,Aria,1,22920.0
125,2026-04,Brisa,2,28511.0
125,2026-04,Cirrus,6,30011.0
125,2026-04,Dune,8,37982.0
125,2026-04,Everest,2,49137.0
125,2026-04,Flux EV,5,46402.0
125,2026-04,Granite,6,42783.0
125,2026-04,Harbor,2,31948.0
125,2026-05,Aria,4,23795.0
125,2026-05,Brisa,1,28124.0
125,2026-05,Cirrus,8,30045.0
125,2026-05,Dune,6,38310.0
125,2026-05,Everest,2,49378.0
125,2026-05,Flux EV,3,47381.0
125,2026-05,Granite,3,40842.0
125,2026-05,Harbor,4,31435.0
125,2026-06,Aria,6,22619.0
125,2026-06,Brisa,4,28938.0
125,2026-06,Cirrus,6,29666.0
125,2026-06,Dune,6,38317.0
125,2026-06,Everest,2,50964.0
125,2026-06,Flux EV,5,45269.0
125,2026-06,Granite,3,41495.0
125,2026-06,Harbor,6,31293.0
125,2026-07,Aria,3,23719.0
125,2026-07,Brisa,2,28171.0
125,2026-07,Cirrus,9,30625.0
125,2026-07,Dune,4,37135.0
125,2026-07,Everest,4,50298.0
125,2026-07,Flux EV,2,45495.0
125,2026-07,Granite,1,41686.0
125,2026-07,Harbor,1,32214.0
125,2026-08,Aria,3,23555.0
125,2026-08,Brisa,2,29123.0
125,2026-08,Cirrus,5,29785.0
125,2026-08,Dune,3,36455.0
125,2026-08,Everest,2,49990.0
125,2026-08,Flux EV,5,45257.0
125,2026-08,Granite,6,41023.0
125,2026-08,Harbor,0,
125,2026-09,Aria,5,23003.0
125,2026-09,Brisa,6,28863.0
125,2026-09,Cirrus,3,29935.0
125,2026-09,Dune,8,36772.0
125,2026-09,Everest,3,49878.0
125,2026-09,Flux EV,3,45029.0
125,2026-09,Granite,4,42464.0
125,2026-09,Harbor,5,33447.0
126,2024-10,Aria,12,24030.0
126,2024-10,Brisa,7,27681.0
126,2024-10,Cirrus,8,31089.0
126,2024-10,Dune,8,36992.0
126,2024-10,Everest,3,49636.0
126,2024-10,Flux EV,2,45577.0
126,2024-10,Granite,5,42578.0
126,2024-10,Harbor,9,32403.0
126,2024-11,Aria,3,24188.0
126,2024-11,Brisa,7,29022.0
126,2024-11,Cirrus,10,29536.0
126,2024-11,Dune,6,37534.0
126,2024-11,Everest,2,51097.0
126,2024-11,Flux EV,3,45876.0
126,2024-11,Granite,3,40976.0
126,2024-11,Harbor,8,31047.0
126,2024-12,Aria,6,24106.0
126,2024-12,Brisa,6,28844.0
126,2024-12,Cirrus,17,29556.0
126,2024-12,Dune,12,37722.0
126,2024-12,Everest,3,49449.0
126,2024-12,Flux EV,6,45552.0
126,2024-12,Granite,4,41268.0
126,2024-12,Harbor,6,30983.0
126,2025-01,Aria,8,23493.0
126,2025-01,Brisa,1,27804.0
126,2025-01,Cirrus,10,29972.0
126,2025-01,Dune,10,37057.0
126,2025-01,Everest,1,49537.0
126,2025-01,Flux EV,0,
126,2025-01,Granite,3,41542.0
126,2025-01,Harbor,4,31614.0
126,2025-02,Aria,3,23770.0
126,2025-02,Brisa,4,29232.0
126,2025-02,Cirrus,5,30077.0
126,2025-02,Dune,7,37075.0
126,2025-02,Everest,2,50611.0
126,2025-02,Flux EV,5,46900.0
126,2025-02,Granite,5,42808.0
126,2025-02,Harbor,2,31599.0
126,2025-03,Aria,8,23468.0
126,2025-03,Brisa,5,28949.0
126,2025-03,Cirrus,7,29642.0
126,2025-03,Dune,5,36547.0
126,2025-03,Everest,2,49873.0
126,2025-03,Flux EV,4,46205.0
126,2025-03,Granite,6,40759.0
126,2025-03,Harbor,8,30961.0
126,2025-04,Aria,12,23633.0
126,2025-04,Brisa,2,28683.0
126,2025-04,Cirrus,11,30891.0
126,2025-04,Dune,14,38483.0
126,2025-04,Everest,2,51408.0
126,2025-04,Flux EV,3,46347.0
126,2025-04,Granite,3,40850.0
126,2025-04,Harbor,5,30360.0
126,2025-05,Aria,9,22989.0
126,2025-05,Brisa,8,29269.0
126,2025-05,Cirrus,10,30921.0
126,2025-05,Dune,5,37040.0
126,2025-05,Everest,8,49701.0
126,2025-05,Flux EV,7,45993.0
126,2025-05,Granite,9,41811.0
126,2025-05,Harbor,2,32002.0
126,2025-06,Aria,10,23481.0
126,2025-06,Brisa,3,28729.0
126,2025-06,Cirrus,9,30736.0
126,2025-06,Dune,15,37395.0
126,2025-06,Everest,3,50051.0
126,2025-06,Flux EV,3,45959.0
126,2025-06,Granite,8,42212.0
126,2025-06,Harbor,7,31897.0
126,2025-07,Aria,4,22630.0
126,2025-07,Brisa,6,27864.0
126,2025-07,Cirrus,12,30245.0
126,2025-07,Dune,10,38121.0
126,2025-07,Everest,5,50165.0
126,2025-07,Flux EV,2,46767.0
126,2025-07,Granite,8,41150.0
126,2025-07,Harbor,5,30742.0
126,2025-08,Aria,4,22897.0
126,2025-08,Brisa,3,28812.0
126,2025-08,Cirrus,14,30433.0
126,2025-08,Dune,6,36760.0
126,2025-08,Everest,8,49928.0
126,2025-08,Flux EV,3,45268.0
126,2025-08,Granite,4,41794.0
126,2025-08,Harbor,6,32411.0
126,2025-09,Aria,7,23206.0
126,2025-09,Brisa,10,29302.0
126,2025-09,Cirrus,18,29637.0
126,2025-09,Dune,12,36843.0
126,2025-09,Everest,1,51937.0
126,2025-09,Flux EV,2,45602.0
126,2025-09,Granite,5,41957.0
126,2025-09,Harbor,5,31305.0
126,2025-10,Aria,9,23046.0
126,2025-10,Brisa,4,28840.0
126,2025-10,Cirrus,8,30645.0
126,2025-10,Dune,8,37063.0
126,2025-10,Everest,5,51143.0
126,2025-10,Flux EV,3,45685.0
126,2025-10,Granite,3,41997.0
126,2025-10,Harbor,7,31217.0
126,2025-11,Aria,9,23630.0
126,2025-11,Brisa,7,28998.0
126,2025-11,Cirrus,12,29921.0
126,2025-11,Dune,10,37548.0
126,2025-11,Everest,6,50374.0
126,2025-11,Flux EV,4,46841.0
126,2025-11,Granite,4,40776.0
126,2025-11,Harbor,10,32160.0
126,2025-12,Aria,8,24109.0
126,2025-12,Brisa,14,29672.0
126,2025-12,Cirrus,17,30798.0
126,2025-12,Dune,7,37836.0
126,2025-12,Everest,2,52464.0
126,2025-12,Flux EV,3,45606.0
126,2025-12,Granite,12,42582.0
126,2025-12,Harbor,8,31455.0
126,2026-01,Aria,5,24020.0
126,2026-01,Brisa,6,28744.0
126,2026-01,Cirrus,6,29936.0
126,2026-01,Dune,5,39189.0
126,2026-01,Everest,1,50177.0
126,2026-01,Flux EV,2,45636.0
126,2026-01,Granite,9,42308.0
126,2026-01,Harbor,4,31162.0
126,2026-02,Aria,6,23352.0
126,2026-02,Brisa,7,29196.0
126,2026-02,Cirrus,11,30022.0
126,2026-02,Dune,8,36952.0
126,2026-02,Everest,3,52653.0
126,2026-02,Flux EV,3,45737.0
126,2026-02,Granite,2,41268.0
126,2026-02,Harbor,5,31223.0
126,2026-03,Aria,13,23490.0
126,2026-03,Brisa,6,28625.0
126,2026-03,Cirrus,17,30449.0
126,2026-03,Dune,16,37354.0
126,2026-03,Everest,7,50322.0
126,2026-03,Flux EV,7,44555.0
126,2026-03,Granite,7,41826.0
126,2026-03,Harbor,4,32648.0
126,2026-04,Aria,11,23985.0
126,2026-04,Brisa,6,28559.0
126,2026-04,Cirrus,10,30526.0
126,2026-04,Dune,11,36324.0
126,2026-04,Everest,6,49924.0
126,2026-04,Flux EV,2,45795.0
126,2026-04,Granite,5,42961.0
126,2026-04,Harbor,11,30913.0
126,2026-05,Aria,11,23762.0
126,2026-05,Brisa,9,28045.0
126,2026-05,Cirrus,10,30930.0
126,2026-05,Dune,7,36866.0
126,2026-05,Everest,5,51732.0
126,2026-05,Flux EV,1,47111.0
126,2026-05,Granite,8,43042.0
126,2026-05,Harbor,6,30803.0
126,2026-06,Aria,5,23052.0
126,2026-06,Brisa,6,28551.0
126,2026-06,Cirrus,14,30875.0
126,2026-06,Dune,14,37306.0
126,2026-06,Everest,6,48479.0
126,2026-06,Flux EV,4,45290.0
126,2026-06,Granite,7,42512.0
126,2026-06,Harbor,8,31404.0
126,2026-07,Aria,5,23688.0
126,2026-07,Brisa,1,27843.0
126,2026-07,Cirrus,9,30599.0
126,2026-07,Dune,5,37260.0
126,2026-07,Everest,6,50818.0
126,2026-07,Flux EV,3,46585.0
126,2026-07,Granite,5,41544.0
126,2026-07,Harbor,5,31066.0
126,2026-08,Aria,6,23920.0
126,2026-08,Brisa,5,29068.0
126,2026-08,Cirrus,10,30382.0
126,2026-08,Dune,11,36329.0
126,2026-08,Everest,4,52746.0
126,2026-08,Flux EV,5,45432.0
126,2026-08,Granite,6,42420.0
126,2026-08,Harbor,6,31455.0
126,2026-09,Aria,12,23561.0
126,2026-09,Brisa,7,28597.0
126,2026-09,Cirrus,9,30819.0
126,2026-09,Dune,19,36036.0
126,2026-09,Everest,7,49621.0
126,2026-09,Flux EV,1,46030.0
126,2026-09,Granite,8,41287.0
126,2026-09,Harbor,6,31397.0
127,2024-10,Aria,6,23244.0
127,2024-10,Brisa,2,29119.0
127,2024-10,Cirrus,6,29892.0
127,2024-10,Dune,5,36905.0
127,2024-10,Everest,4,49667.0
127,2024-10,Flux EV,2,45574.0
127,2024-10,Granite,2,43121.0
127,2024-10,Harbor,2,30973.0
127,2024-11,Aria,3,23842.0
127,2024-11,Brisa,5,28440.0
127,2024-11,Cirrus,7,30650.0
127,2024-11,Dune,8,37242.0
127,2024-11,Everest,3,50995.0
127,2024-11,Flux EV,2,46592.0
127,2024-11,Granite,0,
127,2024-11,Harbor,3,31198.0
127,2024-12,Aria,8,23046.0
127,2024-12,Brisa,8,29642.0
127,2024-12,Cirrus,12,31579.0
127,2024-12,Dune,9,37407.0
127,2024-12,Everest,5,50616.0
127,2024-12,Flux EV,4,46736.0
127,2024-12,Granite,1,41174.0
127,2024-12,Harbor,4,30740.0
127,2025-01,Aria,0,
127,2025-01,Brisa,3,28315.0
127,2025-01,Cirrus,3,29740.0
127,2025-01,Dune,6,37954.0
127,2025-01,Everest,2,49535.0
127,2025-01,Flux EV,1,46414.0
127,2025-01,Granite,0,
127,2025-01,Harbor,5,30639.0
127,2025-02,Aria,1,23250.0
127,2025-02,Brisa,2,28803.0
127,2025-02,Cirrus,7,29887.0
127,2025-02,Dune,3,37784.0
127,2025-02,Everest,3,50884.0
127,2025-02,Flux EV,0,
127,2025-02,Granite,3,41195.0
127,2025-02,Harbor,3,31447.0
127,2025-03,Aria,5,23903.0
127,2025-03,Brisa,2,30059.0
127,2025-03,Cirrus,2,29603.0
127,2025-03,Dune,4,37192.0
127,2025-03,Everest,2,48643.0
127,2025-03,Flux EV,2,47408.0
127,2025-03,Granite,3,41394.0
127,2025-03,Harbor,5,31830.0
127,2025-04,Aria,9,23560.0
127,2025-04,Brisa,2,28882.0
127,2025-04,Cirrus,4,30421.0
127,2025-04,Dune,13,37722.0
127,2025-04,Everest,2,49097.0
127,2025-04,Flux EV,2,45105.0
127,2025-04,Granite,3,42413.0
127,2025-04,Harbor,2,32557.0
127,2025-05,Aria,8,23083.0
127,2025-05,Brisa,6,28196.0
127,2025-05,Cirrus,4,29683.0
127,2025-05,Dune,4,37538.0
127,2025-05,Everest,6,51064.0
127,2025-05,Flux EV,0,
127,2025-05,Granite,5,42905.0
127,2025-05,Harbor,5,31372.0
127,2025-06,Aria,7,23996.0
127,2025-06,Brisa,5,28871.0
127,2025-06,Cirrus,4,29662.0
127,2025-06,Dune,10,36252.0
127,2025-06,Everest,2,49962.0
127,2025-06,Flux EV,0,
127,2025-06,Granite,3,41533.0
127,2025-06,Harbor,5,31959.0
127,2025-07,Aria,7,23144.0
127,2025-07,Brisa,5,29633.0
127,2025-07,Cirrus,4,29921.0
127,2025-07,Dune,1,38021.0
127,2025-07,Everest,5,50135.0
127,2025-07,Flux EV,1,47004.0
127,2025-07,Granite,5,42534.0
127,2025-07,Harbor,1,31837.0
127,2025-08,Aria,2,23792.0
127,2025-08,Brisa,3,28826.0
127,2025-08,Cirrus,8,30300.0
127,2025-08,Dune,5,36126.0
127,2025-08,Everest,2,50064.0
127,2025-08,Flux EV,0,
127,2025-08,Granite,5,41993.0
127,2025-08,Harbor,2,31594.0
127,2025-09,Aria,5,23454.0
127,2025-09,Brisa,2,28679.0
127,2025-09,Cirrus,5,29646.0
127,2025-09,Dune,8,37133.0
127,2025-09,Everest,1,49835.0
127,2025-09,Flux EV,0,
127,2025-09,Granite,2,40625.0
127,2025-09,Harbor,0,
127,2025-10,Aria,5,23543.0
127,2025-10,Brisa,3,28486.0
127,2025-10,Cirrus,8,30242.0
127,2025-10,Dune,6,38223.0
127,2025-10,Everest,1,51178.0
127,2025-10,Flux EV,1,44121.0
127,2025-10,Granite,2,43106.0
127,2025-10,Harbor,3,32009.0
127,2025-11,Aria,4,23690.0
127,2025-11,Brisa,7,28152.0
127,2025-11,Cirrus,1,30428.0
127,2025-11,Dune,4,36301.0
127,2025-11,Everest,3,50272.0
127,2025-11,Flux EV,3,45895.0
127,2025-11,Granite,4,40486.0
127,2025-11,Harbor,3,32438.0
127,2025-12,Aria,3,23576.0
127,2025-12,Brisa,4,28943.0
127,2025-12,Cirrus,6,30179.0
127,2025-12,Dune,7,36003.0
127,2025-12,Everest,3,49141.0
127,2025-12,Flux EV,2,46233.0
127,2025-12,Granite,3,41960.0
127,2025-12,Harbor,3,31687.0
127,2026-01,Aria,2,23307.0
127,2026-01,Brisa,4,28695.0
127,2026-01,Cirrus,3,31339.0
127,2026-01,Dune,1,36946.0
127,2026-01,Everest,3,50467.0
127,2026-01,Flux EV,1,47133.0
127,2026-01,Granite,2,42962.0
127,2026-01,Harbor,2,32397.0
127,2026-02,Aria,6,22832.0
127,2026-02,Brisa,2,28999.0
127,2026-02,Cirrus,2,30368.0
127,2026-02,Dune,3,36262.0
127,2026-02,Everest,0,
127,2026-02,Flux EV,1,44385.0
127,2026-02,Granite,4,42206.0
127,2026-02,Harbor,5,31720.0
127,2026-03,Aria,11,22758.0
127,2026-03,Brisa,7,28650.0
127,2026-03,Cirrus,7,31232.0
127,2026-03,Dune,2,36266.0
127,2026-03,Everest,1,50201.0
127,2026-03,Flux EV,1,46392.0
127,2026-03,Granite,3,41276.0
127,2026-03,Harbor,2,31079.0
127,2026-04,Aria,4,23241.0
127,2026-04,Brisa,5,29603.0
127,2026-04,Cirrus,3,30300.0
127,2026-04,Dune,6,38330.0
127,2026-04,Everest,2,49827.0
127,2026-04,Flux EV,2,46697.0
127,2026-04,Granite,1,41407.0
127,2026-04,Harbor,3,31973.0
127,2026-05,Aria,3,22890.0
127,2026-05,Brisa,3,28499.0
127,2026-05,Cirrus,8,30586.0
127,2026-05,Dune,6,38713.0
127,2026-05,Everest,0,
127,2026-05,Flux EV,1,46423.0
127,2026-05,Granite,3,42161.0
127,2026-05,Harbor,1,32223.0
127,2026-06,Aria,4,24144.0
127,2026-06,Brisa,4,28798.0
127,2026-06,Cirrus,7,29487.0
127,2026-06,Dune,3,36848.0
127,2026-06,Everest,1,50110.0
127,2026-06,Flux EV,1,47476.0
127,2026-06,Granite,1,41046.0
127,2026-06,Harbor,4,32061.0
127,2026-07,Aria,1,23198.0
127,2026-07,Brisa,3,29042.0
127,2026-07,Cirrus,6,30470.0
127,2026-07,Dune,5,37934.0
127,2026-07,Everest,1,50312.0
127,2026-07,Flux EV,3,45569.0
127,2026-07,Granite,8,43097.0
127,2026-07,Harbor,0,
127,2026-08,Aria,5,23568.0
127,2026-08,Brisa,8,28409.0
127,2026-08,Cirrus,8,31202.0
127,2026-08,Dune,1,38008.0
127,2026-08,Everest,2,47952.0
127,2026-08,Flux EV,2,45891.0
127,2026-08,Granite,4,40260.0
127,2026-08,Harbor,6,31653.0
127,2026-09,Aria,7,24188.0
127,2026-09,Brisa,4,28124.0
127,2026-09,Cirrus,2,29896.0
127,2026-09,Dune,5,38442.0
127,2026-09,Everest,4,48006.0
127,2026-09,Flux EV,1,44495.0
127,2026-09,Granite,3,42871.0
127,2026-09,Harbor,2,30886.0
128,2024-10,Aria,3,22710.0
128,2024-10,Brisa,1,29267.0
128,2024-10,Cirrus,2,30592.0
128,2024-10,Dune,2,38259.0
128,2024-10,Everest,2,49350.0
128,2024-10,Flux EV,0,
128,2024-10,Granite,4,42424.0
128,2024-10,Harbor,0,
128,2024-11,Aria,7,23082.0
128,2024-11,Brisa,5,29259.0
128,2024-11,Cirrus,4,29588.0
128,2024-11,Dune,3,38058.0
128,2024-11,Everest,2,52004.0
128,2024-11,Flux EV,1,45934.0
128,2024-11,Granite,3,41304.0
128,2024-11,Harbor,0,
128,2024-12,Aria,2,23838.0
128,2024-12,Brisa,0,
128,2024-12,Cirrus,2,30267.0
128,2024-12,Dune,5,37385.0
128,2024-12,Everest,2,51470.0
128,2024-12,Flux EV,2,45164.0
128,2024-12,Granite,1,41900.0
128,2024-12,Harbor,0,
128,2025-01,Aria,2,23481.0
128,2025-01,Brisa,0,
128,2025-01,Cirrus,0,
128,2025-01,Dune,1,37059.0
128,2025-01,Everest,2,50175.0
128,2025-01,Flux EV,1,45963.0
128,2025-01,Granite,3,40601.0
128,2025-01,Harbor,1,31175.0
128,2025-02,Aria,1,24804.0
128,2025-02,Brisa,2,28127.0
128,2025-02,Cirrus,4,29244.0
128,2025-02,Dune,3,37761.0
128,2025-02,Everest,3,51840.0
128,2025-02,Flux EV,0,
128,2025-02,Granite,3,41371.0
128,2025-02,Harbor,0,
128,2025-03,Aria,1,23472.0
128,2025-03,Brisa,2,28106.0
128,2025-03,Cirrus,2,30220.0
128,2025-03,Dune,4,38196.0
128,2025-03,Everest,1,48962.0
128,2025-03,Flux EV,2,46294.0
128,2025-03,Granite,1,42663.0
128,2025-03,Harbor,0,
128,2025-04,Aria,6,23717.0
128,2025-04,Brisa,2,29279.0
128,2025-04,Cirrus,1,30340.0
128,2025-04,Dune,2,36111.0
128,2025-04,Everest,2,51306.0
128,2025-04,Flux EV,1,47385.0
128,2025-04,Granite,2,42863.0
128,2025-04,Harbor,1,32194.0
128,2025-05,Aria,2,24340.0
128,2025-05,Brisa,2,28996.0
128,2025-05,Cirrus,3,29365.0
128,2025-05,Dune,3,36873.0
128,2025-05,Everest,1,49869.0
128,2025-05,Flux EV,0,
128,2025-05,Granite,1,42510.0
128,2025-05,Harbor,4,31482.0
128,2025-06,Aria,3,22706.0
128,2025-06,Brisa,4,28369.0
128,2025-06,Cirrus,5,30815.0
128,2025-06,Dune,0,
128,2025-06,Everest,1,49610.0
128,2025-06,Flux EV,0,
128,2025-06,Granite,3,42018.0
128,2025-06,Harbor,3,31835.0
128,2025-07,Aria,0,
128,2025-07,Brisa,1,28644.0
128,2025-07,Cirrus,2,29668.0
128,2025-07,Dune,3,37195.0
128,2025-07,Everest,2,50850.0
128,2025-07,Flux EV,0,
128,2025-07,Granite,1,41429.0
128,2025-07,Harbor,1,31741.0
128,2025-08,Aria,5,24146.0
128,2025-08,Brisa,2,27734.0
128,2025-08,Cirrus,3,30394.0
128,2025-08,Dune,1,36332.0
128,2025-08,Everest,1,50175.0
128,2025-08,Flux EV,0,
128,2025-08,Granite,4,43434.0
128,2025-08,Harbor,0,
128,2025-09,Aria,1,23145.0
128,2025-09,Brisa,5,28883.0
128,2025-09,Cirrus,1,30719.0
128,2025-09,Dune,2,37980.0
128,2025-09,Everest,0,
128,2025-09,Flux EV,0,
128,2025-09,Granite,3,41536.0
128,2025-09,Harbor,1,32031.0
128,2025-10,Aria,2,23558.0
128,2025-10,Brisa,1,28520.0
128,2025-10,Cirrus,4,30276.0
128,2025-10,Dune,1,36752.0
128,2025-10,Everest,0,
128,2025-10,Flux EV,0,
128,2025-10,Granite,2,40706.0
128,2025-10,Harbor,0,
128,2025-11,Aria,1,23974.0
128,2025-11,Brisa,1,29273.0
128,2025-11,Cirrus,1,30662.0
128,2025-11,Dune,1,38547.0
128,2025-11,Everest,0,
128,2025-11,Flux EV,1,46705.0
128,2025-11,Granite,0,
128,2025-11,Harbor,1,31398.0
128,2025-12,Aria,6,23653.0
128,2025-12,Brisa,6,28988.0
128,2025-12,Cirrus,1,30287.0
128,2025-12,Dune,3,37149.0
128,2025-12,Everest,2,50381.0
128,2025-12,Flux EV,1,46795.0
128,2025-12,Granite,4,40877.0
128,2025-12,Harbor,1,32114.0
128,2026-01,Aria,1,24109.0
128,2026-01,Brisa,0,
128,2026-01,Cirrus,1,30385.0
128,2026-01,Dune,4,37439.0
128,2026-01,Everest,2,50276.0
128,2026-01,Flux EV,1,46672.0
128,2026-01,Granite,2,41300.0
128,2026-01,Harbor,2,32449.0
128,2026-02,Aria,2,22325.0
128,2026-02,Brisa,1,28729.0
128,2026-02,Cirrus,3,29991.0
128,2026-02,Dune,1,37374.0
128,2026-02,Everest,1,51635.0
128,2026-02,Flux EV,0,
128,2026-02,Granite,1,41169.0
128,2026-02,Harbor,0,
128,2026-03,Aria,2,23264.0
128,2026-03,Brisa,2,28635.0
128,2026-03,Cirrus,6,30334.0
128,2026-03,Dune,2,38031.0
128,2026-03,Everest,1,51044.0
128,2026-03,Flux EV,0,
128,2026-03,Granite,1,41664.0
128,2026-03,Harbor,0,
128,2026-04,Aria,1,23491.0
128,2026-04,Brisa,4,27642.0
128,2026-04,Cirrus,5,30796.0
128,2026-04,Dune,2,37724.0
128,2026-04,Everest,0,
128,2026-04,Flux EV,1,46888.0
128,2026-04,Granite,1,40982.0
128,2026-04,Harbor,0,
128,2026-05,Aria,2,23353.0
128,2026-05,Brisa,1,28987.0
128,2026-05,Cirrus,4,30082.0
128,2026-05,Dune,2,37637.0
128,2026-05,Everest,1,49554.0
128,2026-05,Flux EV,1,45943.0
128,2026-05,Granite,2,42580.0
128,2026-05,Harbor,3,31036.0
128,2026-06,Aria,2,23523.0
128,2026-06,Brisa,2,28766.0
128,2026-06,Cirrus,4,30342.0
128,2026-06,Dune,2,36645.0
128,2026-06,Everest,3,48827.0
128,2026-06,Flux EV,0,
128,2026-06,Granite,4,41442.0
128,2026-06,Harbor,0,
128,2026-07,Aria,5,24137.0
128,2026-07,Brisa,1,29364.0
128,2026-07,Cirrus,4,30510.0
128,2026-07,Dune,1,37636.0
128,2026-07,Everest,0,
128,2026-07,Flux EV,2,47359.0
128,2026-07,Granite,2,43100.0
128,2026-07,Harbor,1,31341.0
128,2026-08,Aria,1,22960.0
128,2026-08,Brisa,0,
128,2026-08,Cirrus,1,30089.0
128,2026-08,Dune,0,
128,2026-08,Everest,1,50367.0
128,2026-08,Flux EV,1,45677.0
128,2026-08,Granite,2,42106.0
128,2026-08,Harbor,2,30938.0
128,2026-09,Aria,2,23797.0
128,2026-09,Brisa,1,29301.0
128,2026-09,Cirrus,5,29963.0
128,2026-09,Dune,2,38500.0
128,2026-09,Everest,0,
128,2026-09,Flux EV,1,46038.0
128,2026-09,Granite,2,41454.0
128,2026-09,Harbor,1,32185.0
129,2024-10,Aria,5,23504.0
129,2024-10,Brisa,3,29011.0
129,2024-10,Cirrus,4,31006.0
129,2024-10,Dune,4,36349.0
129,2024-10,Everest,3,50111.0
129,2024-10,Flux EV,3,45783.0
129,2024-10,Granite,2,42816.0
129,2024-10,Harbor,1,32162.0
129,2024-11,Aria,7,23421.0
129,2024-11,Brisa,7,29525.0
129,2024-11,Cirrus,10,30373.0
129,2024-11,Dune,3,37883.0
129,2024-11,Everest,3,51822.0
129,2024-11,Flux EV,3,45777.0
129,2024-11,Granite,5,41287.0
129,2024-11,Harbor,3,31381.0
129,2024-12,Aria,8,23126.0
129,2024-12,Brisa,1,28614.0
129,2024-12,Cirrus,7,30244.0
129,2024-12,Dune,9,36778.0
129,2024-12,Everest,1,50601.0
129,2024-12,Flux EV,2,45539.0
129,2024-12,Granite,3,41625.0
129,2024-12,Harbor,6,31909.0
129,2025-01,Aria,3,23326.0
129,2025-01,Brisa,3,28370.0
129,2025-01,Cirrus,5,29552.0
129,2025-01,Dune,4,37649.0
129,2025-01,Everest,1,51012.0
129,2025-01,Flux EV,0,
129,2025-01,Granite,2,41436.0
129,2025-01,Harbor,2,31609.0
129,2025-02,Aria,3,23461.0
129,2025-02,Brisa,2,29272.0
129,2025-02,Cirrus,4,30435.0
129,2025-02,Dune,2,36647.0
129,2025-02,Everest,1,49448.0
129,2025-02,Flux EV,1,45395.0
129,2025-02,Granite,4,42915.0
129,2025-02,Harbor,0,
129,2025-03,Aria,2,23631.0
129,2025-03,Brisa,8,28361.0
129,2025-03,Cirrus,5,30169.0
129,2025-03,Dune,4,36150.0
129,2025-03,Everest,2,50772.0
129,2025-03,Flux EV,2,46240.0
129,2025-03,Granite,9,41225.0
129,2025-03,Harbor,5,31799.0
129,2025-04,Aria,6,23983.0
129,2025-04,Brisa,3,28176.0
129,2025-04,Cirrus,12,29436.0
129,2025-04,Dune,2,36849.0
129,2025-04,Everest,3,49657.0
129,2025-04,Flux EV,4,44731.0
129,2025-04,Granite,8,42260.0
129,2025-04,Harbor,6,32088.0
129,2025-05,Aria,6,23574.0
129,2025-05,Brisa,2,27620.0
129,2025-05,Cirrus,4,30763.0
129,2025-05,Dune,7,38328.0
129,2025-05,Everest,2,50897.0
129,2025-05,Flux EV,4,46619.0
129,2025-05,Granite,7,40942.0
129,2025-05,Harbor,1,31816.0
129,2025-06,Aria,3,22725.0
129,2025-06,Brisa,4,28028.0
129,2025-06,Cirrus,8,30199.0
129,2025-06,Dune,4,37455.0
129,2025-06,Everest,3,50964.0
129,2025-06,Flux EV,1,46408.0
129,2025-06,Granite,3,42836.0
129,2025-06,Harbor,0,
129,2025-07,Aria,2,24773.0
129,2025-07,Brisa,5,29666.0
129,2025-07,Cirrus,2,30915.0
129,2025-07,Dune,2,38274.0
129,2025-07,Everest,1,49638.0
129,2025-07,Flux EV,4,44883.0
129,2025-07,Granite,4,42098.0
129,2025-07,Harbor,4,31263.0
129,2025-08,Aria,1,22696.0
129,2025-08,Brisa,1,28517.0
129,2025-08,Cirrus,5,30415.0
129,2025-08,Dune,3,37087.0
129,2025-08,Everest,3,50654.0
129,2025-08,Flux EV,3,46663.0
129,2025-08,Granite,1,41579.0
129,2025-08,Harbor,3,31641.0
129,2025-09,Aria,6,23202.0
129,2025-09,Brisa,1,29399.0
129,2025-09,Cirrus,6,29798.0
129,2025-09,Dune,2,36814.0
129,2025-09,Everest,2,50911.0
129,2025-09,Flux EV,2,45511.0
129,2025-09,Granite,10,42915.0
129,2025-09,Harbor,3,31816.0
129,2025-10,Aria,4,23499.0
129,2025-10,Brisa,4,28873.0
129,2025-10,Cirrus,5,29480.0
129,2025-10,Dune,5,37541.0
129,2025-10,Everest,2,51528.0
129,2025-10,Flux EV,1,45545.0
129,2025-10,Granite,2,41507.0
129,2025-10,Harbor,4,31600.0
129,2025-11,Aria,6,22941.0
129,2025-11,Brisa,2,29395.0
129,2025-11,Cirrus,5,30283.0
129,2025-11,Dune,5,37874.0
129,2025-11,Everest,0,
129,2025-11,Flux EV,2,45894.0
129,2025-11,Granite,6,41508.0
129,2025-11,Harbor,1,31013.0
129,2025-12,Aria,2,23550.0
129,2025-12,Brisa,3,27073.0
129,2025-12,Cirrus,7,29094.0
129,2025-12,Dune,5,38660.0
129,2025-12,Everest,0,
129,2025-12,Flux EV,3,46413.0
129,2025-12,Granite,6,41624.0
129,2025-12,Harbor,4,32276.0
129,2026-01,Aria,2,23510.0
129,2026-01,Brisa,6,28599.0
129,2026-01,Cirrus,2,29847.0
129,2026-01,Dune,10,36782.0
129,2026-01,Everest,2,51833.0
129,2026-01,Flux EV,3,44346.0
129,2026-01,Granite,4,41577.0
129,2026-01,Harbor,1,32506.0
129,2026-02,Aria,4,22852.0
129,2026-02,Brisa,2,30261.0
129,2026-02,Cirrus,8,29804.0
129,2026-02,Dune,0,
129,2026-02,Everest,2,49779.0
129,2026-02,Flux EV,0,
129,2026-02,Granite,5,39825.0
129,2026-02,Harbor,5,31214.0
129,2026-03,Aria,3,23538.0
129,2026-03,Brisa,3,29542.0
129,2026-03,Cirrus,6,30436.0
129,2026-03,Dune,4,37124.0
129,2026-03,Everest,2,50872.0
129,2026-03,Flux EV,2,46337.0
129,2026-03,Granite,2,42222.0
129,2026-03,Harbor,5,32231.0
129,2026-04,Aria,4,24447.0
129,2026-04,Brisa,3,28986.0
129,2026-04,Cirrus,4,30729.0
129,2026-04,Dune,7,37221.0
129,2026-04,Everest,6,50975.0
129,2026-04,Flux EV,3,46804.0
129,2026-04,Granite,4,41016.0
129,2026-04,Harbor,2,32236.0
129,2026-05,Aria,1,23622.0
129,2026-05,Brisa,3,27788.0
129,2026-05,Cirrus,5,30179.0
129,2026-05,Dune,4,36797.0
129,2026-05,Everest,2,49260.0
129,2026-05,Flux EV,2,46506.0
129,2026-05,Granite,8,42454.0
129,2026-05,Harbor,4,31246.0
129,2026-06,Aria,4,23521.0
129,2026-06,Brisa,5,29782.0
129,2026-06,Cirrus,6,30365.0
129,2026-06,Dune,9,37383.0
129,2026-06,Everest,2,51102.0
129,2026-06,Flux EV,0,
129,2026-06,Granite,7,41790.0
129,2026-06,Harbor,4,32705.0
129,2026-07,Aria,3,22978.0
129,2026-07,Brisa,5,27999.0
129,2026-07,Cirrus,2,30808.0
129,2026-07,Dune,2,38488.0
129,2026-07,Everest,3,50915.0
129,2026-07,Flux EV,4,46043.0
129,2026-07,Granite,5,42529.0
129,2026-07,Harbor,2,32225.0
129,2026-08,Aria,4,23941.0
129,2026-08,Brisa,4,29040.0
129,2026-08,Cirrus,3,31025.0
129,2026-08,Dune,4,37921.0
129,2026-08,Everest,0,
129,2026-08,Flux EV,1,46165.0
129,2026-08,Granite,5,41111.0
129,2026-08,Harbor,2,31719.0
129,2026-09,Aria,8,23748.0
129,2026-09,Brisa,2,28578.0
129,2026-09,Cirrus,4,29415.0
129,2026-09,Dune,3,38624.0
129,2026-09,Everest,5,50562.0
129,2026-09,Flux EV,1,46880.0
129,2026-09,Granite,6,41800.0
129,2026-09,Harbor,0,
130,2024-10,Aria,5,24185.0
130,2024-10,Brisa,0,
130,2024-10,Cirrus,4,29671.0
130,2024-10,Dune,0,
130,2024-10,Everest,2,51377.0
130,2024-10,Flux EV,0,
130,2024-10,Granite,1,41278.0
130,2024-10,Harbor,5,31910.0
130,2024-11,Aria,0,
130,2024-11,Brisa,0,
130,2024-11,Cirrus,1,30545.0
130,2024-11,Dune,2,37054.0
130,2024-11,Everest,1,51080.0
130,2024-11,Flux EV,2,46324.0
130,2024-11,Granite,2,42740.0
130,2024-11,Harbor,0,
130,2024-12,Aria,6,22914.0
130,2024-12,Brisa,3,29164.0
130,2024-12,Cirrus,4,30644.0
130,2024-12,Dune,5,38397.0
130,2024-12,Everest,2,49311.0
130,2024-12,Flux EV,1,46875.0
130,2024-12,Granite,2,41452.0
130,2024-12,Harbor,0,
130,2025-01,Aria,2,24120.0
130,2025-01,Brisa,4,27934.0
130,2025-01,Cirrus,2,30508.0
130,2025-01,Dune,2,37384.0
130,2025-01,Everest,2,49219.0
130,2025-01,Flux EV,4,46142.0
130,2025-01,Granite,2,41376.0
130,2025-01,Harbor,1,31965.0
130,2025-02,Aria,3,22958.0
130,2025-02,Brisa,1,28193.0
130,2025-02,Cirrus,2,29986.0
130,2025-02,Dune,4,37625.0
130,2025-02,Everest,0,
130,2025-02,Flux EV,1,46206.0
130,2025-02,Granite,2,42468.0
130,2025-02,Harbor,4,31174.0
130,2025-03,Aria,3,22734.0
130,2025-03,Brisa,3,28320.0
130,2025-03,Cirrus,0,
130,2025-03,Dune,2,36764.0
130,2025-03,Everest,0,
130,2025-03,Flux EV,3,45404.0
130,2025-03,Granite,6,41419.0
130,2025-03,Harbor,4,30875.0
130,2025-04,Aria,4,22570.0
130,2025-04,Brisa,2,28556.0
130,2025-04,Cirrus,3,30399.0
130,2025-04,Dune,2,35855.0
130,2025-04,Everest,1,51121.0
130,2025-04,Flux EV,4,46753.0
130,2025-04,Granite,2,42677.0
130,2025-04,Harbor,1,30738.0
130,2025-05,Aria,3,23322.0
130,2025-05,Brisa,1,28384.0
130,2025-05,Cirrus,4,29537.0
130,2025-05,Dune,3,37845.0
130,2025-05,Everest,1,51073.0
130,2025-05,Flux EV,2,46150.0
130,2025-05,Granite,3,43196.0
130,2025-05,Harbor,0,
130,2025-06,Aria,2,23598.0
130,2025-06,Brisa,1,29387.0
130,2025-06,Cirrus,2,30431.0
130,2025-06,Dune,2,37527.0
130,2025-06,Everest,1,49740.0
130,2025-06,Flux EV,1,47287.0
130,2025-06,Granite,1,41685.0
130,2025-06,Harbor,1,30994.0
130,2025-07,Aria,5,23270.0
130,2025-07,Brisa,2,29028.0
130,2025-07,Cirrus,1,30476.0
130,2025-07,Dune,1,37758.0
130,2025-07,Everest,0,
130,2025-07,Flux EV,5,44191.0
130,2025-07,Granite,1,41501.0
130,2025-07,Harbor,1,31142.0
130,2025-08,Aria,1,23590.0
130,2025-08,Brisa,0,
130,2025-08,Cirrus,4,29135.0
130,2025-08,Dune,4,37918.0
130,2025-08,Everest,1,50092.0
130,2025-08,Flux EV,0,
130,2025-08,Granite,1,41152.0
130,2025-08,Harbor,1,31115.0
130,2025-09,Aria,1,22639.0
130,2025-09,Brisa,2,29713.0
130,2025-09,Cirrus,6,29389.0
130,2025-09,Dune,4,37696.0
130,2025-09,Everest,0,
130,2025-09,Flux EV,1,46640.0
130,2025-09,Granite,2,42638.0
130,2025-09,Harbor,1,31164.0
130,2025-10,Aria,2,23544.0
130,2025-10,Brisa,3,28913.0
130,2025-10,Cirrus,5,30470.0
130,2025-10,Dune,6,37057.0
130,2025-10,Everest,1,49080.0
130,2025-10,Flux EV,1,45551.0
130,2025-10,Granite,1,42257.0
130,2025-10,Harbor,3,31136.0
130,2025-11,Aria,1,23720.0
130,2025-11,Brisa,1,28415.0
130,2025-11,Cirrus,3,29962.0
130,2025-11,Dune,1,36137.0
130,2025-11,Everest,2,51121.0
130,2025-11,Flux EV,4,47537.0
130,2025-11,Granite,2,41385.0
130,2025-11,Harbor,3,31626.0
130,2025-12,Aria,3,23407.0
130,2025-12,Brisa,1,28420.0
130,2025-12,Cirrus,2,28865.0
130,2025-12,Dune,6,37147.0
130,2025-12,Everest,0,
130,2025-12,Flux EV,3,46755.0
130,2025-12,Granite,0,
130,2025-12,Harbor,2,30880.0
130,2026-01,Aria,3,23380.0
130,2026-01,Brisa,1,28320.0
130,2026-01,Cirrus,4,30346.0
130,2026-01,Dune,0,
130,2026-01,Everest,1,51602.0
130,2026-01,Flux EV,2,45969.0
130,2026-01,Granite,1,41128.0
130,2026-01,Harbor,0,
130,2026-02,Aria,2,24469.0
130,2026-02,Brisa,1,28534.0
130,2026-02,Cirrus,1,30275.0
130,2026-02,Dune,3,37551.0
130,2026-02,Everest,0,
130,2026-02,Flux EV,1,46155.0
130,2026-02,Granite,2,42203.0
130,2026-02,Harbor,2,31487.0
130,2026-03,Aria,2,23580.0
130,2026-03,Brisa,4,28748.0
130,2026-03,Cirrus,2,30147.0
130,2026-03,Dune,3,37017.0
130,2026-03,Everest,0,
130,2026-03,Flux EV,5,46502.0
130,2026-03,Granite,2,41324.0
130,2026-03,Harbor,0,
130,2026-04,Aria,2,23079.0
130,2026-04,Brisa,2,29637.0
130,2026-04,Cirrus,2,30739.0
130,2026-04,Dune,0,
130,2026-04,Everest,2,50319.0
130,2026-04,Flux EV,2,46000.0
130,2026-04,Granite,1,40974.0
130,2026-04,Harbor,4,31841.0
130,2026-05,Aria,0,
130,2026-05,Brisa,2,28293.0
130,2026-05,Cirrus,3,31586.0
130,2026-05,Dune,0,
130,2026-05,Everest,0,
130,2026-05,Flux EV,0,
130,2026-05,Granite,2,41547.0
130,2026-05,Harbor,0,
130,2026-06,Aria,1,23664.0
130,2026-06,Brisa,2,28506.0
130,2026-06,Cirrus,1,30193.0
130,2026-06,Dune,4,37113.0
130,2026-06,Everest,0,
130,2026-06,Flux EV,0,
130,2026-06,Granite,1,41450.0
130,2026-06,Harbor,0,
130,2026-07,Aria,3,23619.0
130,2026-07,Brisa,0,
130,2026-07,Cirrus,3,29970.0
130,2026-07,Dune,0,
130,2026-07,Everest,0,
130,2026-07,Flux EV,1,45177.0
130,2026-07,Granite,1,42169.0
130,2026-07,Harbor,1,31542.0
130,2026-08,Aria,2,24484.0
130,2026-08,Brisa,0,
130,2026-08,Cirrus,5,29535.0
130,2026-08,Dune,3,37205.0
130,2026-08,Everest,0,
130,2026-08,Flux EV,2,44283.0
130,2026-08,Granite,1,42914.0
130,2026-08,Harbor,2,30871.0
130,2026-09,Aria,3,23534.0
130,2026-09,Brisa,0,
130,2026-09,Cirrus,0,
130,2026-09,Dune,1,38617.0
130,2026-09,Everest,1,50221.0
130,2026-09,Flux EV,0,
130,2026-09,Granite,0,
130,2026-09,Harbor,0,
131,2024-10,Aria,9,23513.0
131,2024-10,Brisa,4,28851.0
131,2024-10,Cirrus,13,29647.0
131,2024-10,Dune,10,37957.0
131,2024-10,Everest,4,49607.0
131,2024-10,Flux EV,5,46204.0
131,2024-10,Granite,5,41701.0
131,2024-10,Harbor,3,32230.0
131,2024-11,Aria,8,23271.0
131,2024-11,Brisa,3,27514.0
131,2024-11,Cirrus,14,30558.0
131,2024-11,Dune,9,37912.0
131,2024-11,Everest,5,51441.0
131,2024-11,Flux EV,4,45937.0
131,2024-11,Granite,5,41454.0
131,2024-11,Harbor,4,31804.0
131,2024-12,Aria,9,23267.0
131,2024-12,Brisa,11,28868.0
131,2024-12,Cirrus,9,29193.0
131,2024-12,Dune,11,36875.0
131,2024-12,Everest,3,50003.0
131,2024-12,Flux EV,3,47621.0
131,2024-12,Granite,5,42769.0
131,2024-12,Harbor,7,31374.0
131,2025-01,Aria,7,23261.0
131,2025-01,Brisa,1,28924.0
131,2025-01,Cirrus,6,29512.0
131,2025-01,Dune,5,38095.0
131,2025-01,Everest,3,50967.0
131,2025-01,Flux EV,4,44992.0
131,2025-01,Granite,3,40936.0
131,2025-01,Harbor,0,
131,2025-02,Aria,12,23238.0
131,2025-02,Brisa,4,28478.0
131,2025-02,Cirrus,15,30142.0
131,2025-02,Dune,9,37713.0
131,2025-02,Everest,1,50872.0
131,2025-02,Flux EV,1,45069.0
131,2025-02,Granite,5,40306.0
131,2025-02,Harbor,4,33273.0
131,2025-03,Aria,7,23248.0
131,2025-03,Brisa,4,29370.0
131,2025-03,Cirrus,13,30786.0
131,2025-03,Dune,5,36900.0
131,2025-03,Everest,3,51830.0
131,2025-03,Flux EV,3,45549.0
131,2025-03,Granite,4,40308.0
131,2025-03,Harbor,6,31098.0
131,2025-04,Aria,7,23167.0
131,2025-04,Brisa,4,29191.0
131,2025-04,Cirrus,5,31070.0
131,2025-04,Dune,10,36795.0
131,2025-04,Everest,3,50785.0
131,2025-04,Flux EV,7,45178.0
131,2025-04,Granite,6,41998.0
131,2025-04,Harbor,1,31175.0
131,2025-05,Aria,4,23712.0
131,2025-05,Brisa,8,29074.0
131,2025-05,Cirrus,6,30593.0
131,2025-05,Dune,10,38241.0
131,2025-05,Everest,4,49807.0
131,2025-05,Flux EV,5,45444.0
131,2025-05,Granite,5,42185.0
131,2025-05,Harbor,9,31884.0
131,2025-06,Aria,10,23435.0
131,2025-06,Brisa,8,28975.0
131,2025-06,Cirrus,7,30411.0
131,2025-06,Dune,11,37048.0
131,2025-06,Everest,5,50187.0
131,2025-06,Flux EV,6,47125.0
131,2025-06,Granite,4,42331.0
131,2025-06,Harbor,8,31168.0
131,2025-07,Aria,7,22221.0
131,2025-07,Brisa,9,28613.0
131,2025-07,Cirrus,9,29863.0
131,2025-07,Dune,4,36424.0
131,2025-07,Everest,1,49155.0
131,2025-07,Flux EV,2,46355.0
131,2025-07,Granite,6,41167.0
131,2025-07,Harbor,4,31794.0
131,2025-08,Aria,7,24137.0
131,2025-08,Brisa,6,28564.0
131,2025-08,Cirrus,7,29863.0
131,2025-08,Dune,8,36989.0
131,2025-08,Everest,3,50344.0
131,2025-08,Flux EV,7,44754.0
131,2025-08,Granite,2,41508.0
131,2025-08,Harbor,6,31070.0
131,2025-09,Aria,9,23268.0
131,2025-09,Brisa,3,28508.0
131,2025-09,Cirrus,10,29627.0
131,2025-09,Dune,8,38004.0
131,2025-09,Everest,4,49601.0
131,2025-09,Flux EV,2,46357.0
131,2025-09,Granite,1,42123.0
131,2025-09,Harbor,2,31538.0
131,2025-10,Aria,7,23847.0
131,2025-10,Brisa,2,28109.0
131,2025-10,Cirrus,4,29612.0
131,2025-10,Dune,9,37791.0
131,2025-10,Everest,5,51240.0
131,2025-10,Flux EV,4,46531.0
131,2025-10,Granite,6,41777.0
131,2025-10,Harbor,7,31488.0
131,2025-11,Aria,2,23452.0
131,2025-11,Brisa,8,29486.0
131,2025-11,Cirrus,3,31349.0
131,2025-11,Dune,8,37753.0
131,2025-11,Everest,3,50012.0
131,2025-11,Flux EV,0,
131,2025-11,Granite,7,41215.0
131,2025-11,Harbor,6,32895.0
131,2025-12,Aria,8,23313.0
131,2025-12,Brisa,6,30186.0
131,2025-12,Cirrus,12,30561.0
131,2025-12,Dune,7,36568.0
131,2025-12,Everest,0,
131,2025-12,Flux EV,3,47967.0
131,2025-12,Granite,6,42356.0
131,2025-12,Harbor,2,31166.0
131,2026-01,Aria,5,22909.0
131,2026-01,Brisa,2,28120.0
131,2026-01,Cirrus,4,29342.0
131,2026-01,Dune,6,36760.0
131,2026-01,Everest,0,
131,2026-01,Flux EV,2,47622.0
131,2026-01,Granite,3,41825.0
131,2026-01,Harbor,2,31094.0
131,2026-02,Aria,5,23546.0
131,2026-02,Brisa,3,28295.0
131,2026-02,Cirrus,7,30096.0
131,2026-02,Dune,6,37040.0
131,2026-02,Everest,1,50410.0
131,2026-02,Flux EV,2,45801.0
131,2026-02,Granite,2,42582.0
131,2026-02,Harbor,1,32095.0
131,2026-03,Aria,6,23102.0
131,2026-03,Brisa,4,29153.0
131,2026-03,Cirrus,7,30533.0
131,2026-03,Dune,2,36808.0
131,2026-03,Everest,2,49746.0
131,2026-03,Flux EV,4,44874.0
131,2026-03,Granite,3,40449.0
131,2026-03,Harbor,1,31479.0
131,2026-04,Aria,4,23438.0
131,2026-04,Brisa,2,29109.0
131,2026-04,Cirrus,5,30030.0
131,2026-04,Dune,4,37285.0
131,2026-04,Everest,4,50420.0
131,2026-04,Flux EV,2,46078.0
131,2026-04,Granite,3,42871.0
131,2026-04,Harbor,4,31399.0
131,2026-05,Aria,8,23386.0
131,2026-05,Brisa,6,29867.0
131,2026-05,Cirrus,7,30207.0
131,2026-05,Dune,7,37756.0
131,2026-05,Everest,3,51055.0
131,2026-05,Flux EV,1,44569.0
131,2026-05,Granite,2,42236.0
131,2026-05,Harbor,3,31045.0
131,2026-06,Aria,4,23592.0
131,2026-06,Brisa,6,28533.0
131,2026-06,Cirrus,7,29864.0
131,2026-06,Dune,6,37751.0
131,2026-06,Everest,3,51180.0
131,2026-06,Flux EV,1,44662.0
131,2026-06,Granite,9,42238.0
131,2026-06,Harbor,3,31536.0
131,2026-07,Aria,4,23132.0
131,2026-07,Brisa,8,29067.0
131,2026-07,Cirrus,7,29574.0
131,2026-07,Dune,5,36883.0
131,2026-07,Everest,3,50274.0
131,2026-07,Flux EV,2,45140.0
131,2026-07,Granite,7,40932.0
131,2026-07,Harbor,6,31192.0
131,2026-08,Aria,9,22962.0
131,2026-08,Brisa,9,28651.0
131,2026-08,Cirrus,5,29852.0
131,2026-08,Dune,4,37999.0
131,2026-08,Everest,1,50178.0
131,2026-08,Flux EV,2,46375.0
131,2026-08,Granite,4,42964.0
131,2026-08,Harbor,4,31691.0
131,2026-09,Aria,3,23652.0
131,2026-09,Brisa,6,29494.0
131,2026-09,Cirrus,4,30604.0
131,2026-09,Dune,5,37551.0
131,2026-09,Everest,0,
131,2026-09,Flux EV,3,45678.0
131,2026-09,Granite,4,41951.0
131,2026-09,Harbor,7,30668.0
132,2024-10,Aria,4,23917.0
132,2024-10,Brisa,5,28420.0
132,2024-10,Cirrus,4,29321.0
132,2024-10,Dune,7,38020.0
132,2024-10,Everest,2,49689.0
132,2024-10,Flux EV,1,45868.0
132,2024-10,Granite,2,40897.0
132,2024-10,Harbor,2,31259.0
132,2024-11,Aria,3,23590.0
132,2024-11,Brisa,5,27993.0
132,2024-11,Cirrus,3,30531.0
132,2024-11,Dune,3,37241.0
132,2024-11,Everest,3,50650.0
132,2024-11,Flux EV,1,45698.0
132,2024-11,Granite,2,42684.0
132,2024-11,Harbor,3,31445.0
132,2024-12,Aria,9,23740.0
132,2024-12,Brisa,3,27787.0
132,2024-12,Cirrus,5,31489.0
132,2024-12,Dune,8,37536.0
132,2024-12,Everest,2,51080.0
132,2024-12,Flux EV,2,45339.0
132,2024-12,Granite,2,41480.0
132,2024-12,Harbor,2,31524.0
132,2025-01,Aria,4,24060.0
132,2025-01,Brisa,5,28902.0
132,2025-01,Cirrus,6,30292.0
132,2025-01,Dune,7,38161.0
132,2025-01,Everest,3,49209.0
132,2025-01,Flux EV,1,46545.0
132,2025-01,Granite,5,41773.0
132,2025-01,Harbor,3,30986.0
132,2025-02,Aria,6,23575.0
132,2025-02,Brisa,2,29009.0
132,2025-02,Cirrus,5,30338.0
132,2025-02,Dune,3,37488.0
132,2025-02,Everest,2,51883.0
132,2025-02,Flux EV,1,45829.0
132,2025-02,Granite,0,
132,2025-02,Harbor,2,31665.0
132,2025-03,Aria,2,23279.0
132,2025-03,Brisa,6,28913.0
132,2025-03,Cirrus,6,29220.0
132,2025-03,Dune,4,37110.0
132,2025-03,Everest,1,49628.0
132,2025-03,Flux EV,3,46611.0
132,2025-03,Granite,5,41415.0
132,2025-03,Harbor,3,31823.0
132,2025-04,Aria,3,23621.0
132,2025-04,Brisa,7,28893.0
132,2025-04,Cirrus,6,29548.0
132,2025-04,Dune,9,36436.0
132,2025-04,Everest,1,50173.0
132,2025-04,Flux EV,2,44918.0
132,2025-04,Granite,4,41538.0
132,2025-04,Harbor,1,32031.0
132,2025-05,Aria,3,23786.0
132,2025-05,Brisa,3,29098.0
132,2025-05,Cirrus,6,30722.0
132,2025-05,Dune,7,38378.0
132,2025-05,Everest,3,51212.0
132,2025-05,Flux EV,2,46143.0
132,2025-05,Granite,4,41879.0
132,2025-05,Harbor,2,31402.0
132,2025-06,Aria,8,23663.0
132,2025-06,Brisa,4,28598.0
132,2025-06,Cirrus,5,30193.0
132,2025-06,Dune,5,37460.0
132,2025-06,Everest,1,50401.0
132,2025-06,Flux EV,4,45237.0
132,2025-06,Granite,3,42307.0
132,2025-06,Harbor,5,31895.0
132,2025-07,Aria,3,22717.0
132,2025-07,Brisa,5,28447.0
132,2025-07,Cirrus,4,31111.0
132,2025-07,Dune,3,37950.0
132,2025-07,Everest,3,49733.0
132,2025-07,Flux EV,3,45800.0
132,2025-07,Granite,3,42913.0
132,2025-07,Harbor,0,
132,2025-08,Aria,7,24671.0
132,2025-08,Brisa,4,28144.0
132,2025-08,Cirrus,3,30130.0
132,2025-08,Dune,4,35540.0
132,2025-08,Everest,3,52177.0
132,2025-08,Flux EV,2,46597.0
132,2025-08,Granite,3,41899.0
132,2025-08,Harbor,3,31340.0
132,2025-09,Aria,3,23344.0
132,2025-09,Brisa,4,30057.0
132,2025-09,Cirrus,6,30535.0
132,2025-09,Dune,2,38299.0
132,2025-09,Everest,5,49869.0
132,2025-09,Flux EV,1,46189.0
132,2025-09,Granite,6,42637.0
132,2025-09,Harbor,4,32025.0
132,2025-10,Aria,7,23519.0
132,2025-10,Brisa,2,28621.0
132,2025-10,Cirrus,3,30226.0
132,2025-10,Dune,3,36926.0
132,2025-10,Everest,3,49940.0
132,2025-10,Flux EV,0,
132,2025-10,Granite,3,42710.0
132,2025-10,Harbor,2,31889.0
132,2025-11,Aria,7,24124.0
132,2025-11,Brisa,2,28791.0
132,2025-11,Cirrus,9,29332.0
132,2025-11,Dune,5,38363.0
132,2025-11,Everest,2,49662.0
132,2025-11,Flux EV,1,46225.0
132,2025-11,Granite,4,40800.0
132,2025-11,Harbor,2,31698.0
132,2025-12,Aria,3,23548.0
132,2025-12,Brisa,1,28579.0
132,2025-12,Cirrus,5,30204.0
132,2025-12,Dune,6,37204.0
132,2025-12,Everest,5,49027.0
132,2025-12,Flux EV,0,
132,2025-12,Granite,2,40610.0
132,2025-12,Harbor,1,32781.0
132,2026-01,Aria,1,23620.0
132,2026-01,Brisa,3,28865.0
132,2026-01,Cirrus,8,30195.0
132,2026-01,Dune,6,36773.0
132,2026-01,Everest,2,51210.0
132,2026-01,Flux EV,0,
132,2026-01,Granite,0,
132,2026-01,Harbor,2,32125.0
132,2026-02,Aria,5,23472.0
132,2026-02,Brisa,4,28929.0
132,2026-02,Cirrus,2,31500.0
132,2026-02,Dune,4,37129.0
132,2026-02,Everest,5,51012.0
132,2026-02,Flux EV,1,47599.0
132,2026-02,Granite,1,42642.0
132,2026-02,Harbor,0,
132,2026-03,Aria,1,23318.0
132,2026-03,Brisa,4,29013.0
132,2026-03,Cirrus,3,31253.0
132,2026-03,Dune,2,36660.0
132,2026-03,Everest,3,50686.0
132,2026-03,Flux EV,3,45626.0
132,2026-03,Granite,1,41527.0
132,2026-03,Harbor,5,31914.0
132,2026-04,Aria,3,23407.0
132,2026-04,Brisa,7,28215.0
132,2026-04,Cirrus,9,31304.0
132,2026-04,Dune,8,37219.0
132,2026-04,Everest,6,50401.0
132,2026-04,Flux EV,0,
132,2026-04,Granite,2,40679.0
132,2026-04,Harbor,3,31593.0
132,2026-05,Aria,2,24385.0
132,2026-05,Brisa,3,29232.0
132,2026-05,Cirrus,6,30485.0
132,2026-05,Dune,4,37146.0
132,2026-05,Everest,4,51208.0
132,2026-05,Flux EV,1,45875.0
132,2026-05,Granite,2,41156.0
132,2026-05,Harbor,3,31113.0
132,2026-06,Aria,3,24190.0
132,2026-06,Brisa,4,28382.0
132,2026-06,Cirrus,11,30577.0
132,2026-06,Dune,3,36785.0
132,2026-06,Everest,1,49005.0
132,2026-06,Flux EV,0,
132,2026-06,Granite,0,
132,2026-06,Harbor,5,32325.0
132,2026-07,Aria,8,23007.0
132,2026-07,Brisa,5,29080.0
132,2026-07,Cirrus,3,30485.0
132,2026-07,Dune,5,36914.0
132,2026-07,Everest,1,51481.0
132,2026-07,Flux EV,1,45440.0
132,2026-07,Granite,2,41778.0
132,2026-07,Harbor,2,31671.0
132,2026-08,Aria,7,23874.0
132,2026-08,Brisa,8,28887.0
132,2026-08,Cirrus,3,30160.0
132,2026-08,Dune,6,36621.0
132,2026-08,Everest,2,50870.0
132,2026-08,Flux EV,0,
132,2026-08,Granite,3,43188.0
132,2026-08,Harbor,1,31969.0
132,2026-09,Aria,10,24066.0
132,2026-09,Brisa,2,28214.0
132,2026-09,Cirrus,3,30720.0
132,2026-09,Dune,5,37299.0
132,2026-09,Everest,5,52320.0
132,2026-09,Flux EV,2,47572.0
132,2026-09,Granite,1,41567.0
132,2026-09,Harbor,1,31431.0
133,2024-10,Aria,7,23674.0
133,2024-10,Brisa,7,28887.0
133,2024-10,Cirrus,14,30641.0
133,2024-10,Dune,6,39188.0
133,2024-10,Everest,3,47763.0
133,2024-10,Flux EV,3,45307.0
133,2024-10,Granite,9,42979.0
133,2024-10,Harbor,3,31090.0
133,2024-11,Aria,4,23029.0
133,2024-11,Brisa,6,28501.0
133,2024-11,Cirrus,11,30198.0
133,2024-11,Dune,5,36716.0
133,2024-11,Everest,3,49549.0
133,2024-11,Flux EV,5,45971.0
133,2024-11,Granite,13,41799.0
133,2024-11,Harbor,3,32255.0
133,2024-12,Aria,11,23608.0
133,2024-12,Brisa,3,28638.0
133,2024-12,Cirrus,18,30309.0
133,2024-12,Dune,12,36700.0
133,2024-12,Everest,3,48775.0
133,2024-12,Flux EV,5,44503.0
133,2024-12,Granite,7,41556.0
133,2024-12,Harbor,5,31817.0
133,2025-01,Aria,7,23502.0
133,2025-01,Brisa,3,28162.0
133,2025-01,Cirrus,4,29896.0
133,2025-01,Dune,2,36994.0
133,2025-01,Everest,2,49693.0
133,2025-01,Flux EV,2,46779.0
133,2025-01,Granite,7,41051.0
133,2025-01,Harbor,7,32506.0
133,2025-02,Aria,5,22841.0
133,2025-02,Brisa,4,29163.0
133,2025-02,Cirrus,4,29840.0
133,2025-02,Dune,2,36798.0
133,2025-02,Everest,3,48939.0
133,2025-02,Flux EV,2,46145.0
133,2025-02,Granite,9,41768.0
133,2025-02,Harbor,3,32380.0
133,2025-03,Aria,10,23648.0
133,2025-03,Brisa,6,28713.0
133,2025-03,Cirrus,14,30904.0
133,2025-03,Dune,2,36469.0
133,2025-03,Everest,6,50201.0
133,2025-03,Flux EV,2,47653.0
133,2025-03,Granite,9,40410.0
133,2025-03,Harbor,8,32719.0
133,2025-04,Aria,5,22521.0
133,2025-04,Brisa,5,27923.0
133,2025-04,Cirrus,9,29973.0
133,2025-04,Dune,7,36950.0
133,2025-04,Everest,2,49731.0
133,2025-04,Flux EV,1,46194.0
133,2025-04,Granite,8,42325.0
133,2025-04,Harbor,4,32257.0
133,2025-05,Aria,5,23323.0
133,2025-05,Brisa,6,29156.0
133,2025-05,Cirrus,7,29873.0
133,2025-05,Dune,2,37260.0
133,2025-05,Everest,6,49389.0
133,2025-05,Flux EV,4,45432.0
133,2025-05,Granite,7,42180.0
133,2025-05,Harbor,2,30826.0
133,2025-06,Aria,5,23017.0
133,2025-06,Brisa,3,28190.0
133,2025-06,Cirrus,9,31116.0
133,2025-06,Dune,7,37920.0
133,2025-06,Everest,4,50260.0
133,2025-06,Flux EV,3,46878.0
133,2025-06,Granite,9,41411.0
133,2025-06,Harbor,5,30678.0
133,2025-07,Aria,6,23498.0
133,2025-07,Brisa,3,28295.0
133,2025-07,Cirrus,4,30545.0
133,2025-07,Dune,11,37197.0
133,2025-07,Everest,4,50732.0
133,2025-07,Flux EV,1,45971.0
133,2025-07,Granite,10,42430.0
133,2025-07,Harbor,6,32147.0
133,2025-08,Aria,5,23712.0
133,2025-08,Brisa,3,28276.0
133,2025-08,Cirrus,9,31470.0
133,2025-08,Dune,3,38165.0
133,2025-08,Everest,8,50900.0
133,2025-08,Flux EV,1,46228.0
133,2025-08,Granite,6,42583.0
133,2025-08,Harbor,3,31769.0
133,2025-09,Aria,4,24019.0
133,2025-09,Brisa,7,28750.0
133,2025-09,Cirrus,3,30122.0
133,2025-09,Dune,6,38656.0
133,2025-09,Everest,4,52554.0
133,2025-09,Flux EV,3,45706.0
133,2025-09,Granite,4,41249.0
133,2025-09,Harbor,5,31801.0
133,2025-10,Aria,6,23469.0
133,2025-10,Brisa,7,28785.0
133,2025-10,Cirrus,8,30697.0
133,2025-10,Dune,6,38332.0
133,2025-10,Everest,0,
133,2025-10,Flux EV,1,46308.0
133,2025-10,Granite,7,42661.0
133,2025-10,Harbor,2,31625.0
133,2025-11,Aria,11,23804.0
133,2025-11,Brisa,4,28461.0
133,2025-11,Cirrus,3,31405.0
133,2025-11,Dune,11,36665.0
133,2025-11,Everest,3,50637.0
133,2025-11,Flux EV,2,45915.0
133,2025-11,Granite,6,41561.0
133,2025-11,Harbor,3,30729.0
133,2025-12,Aria,7,23984.0
133,2025-12,Brisa,2,28582.0
133,2025-12,Cirrus,10,30930.0
133,2025-12,Dune,12,37218.0
133,2025-12,Everest,4,50358.0
133,2025-12,Flux EV,5,46195.0
133,2025-12,Granite,6,41625.0
133,2025-12,Harbor,5,31340.0
133,2026-01,Aria,2,23197.0
133,2026-01,Brisa,0,
133,2026-01,Cirrus,6,29752.0
133,2026-01,Dune,1,36740.0
133,2026-01,Everest,5,50987.0
133,2026-01,Flux EV,4,46314.0
133,2026-01,Granite,1,41055.0
133,2026-01,Harbor,2,31757.0
133,2026-02,Aria,4,23605.0
133,2026-02,Brisa,1,28108.0
133,2026-02,Cirrus,10,31122.0
133,2026-02,Dune,8,38227.0
133,2026-02,Everest,0,
133,2026-02,Flux EV,4,47362.0
133,2026-02,Granite,6,40675.0
133,2026-02,Harbor,1,31673.0
133,2026-03,Aria,6,23042.0
133,2026-03,Brisa,1,28859.0
133,2026-03,Cirrus,9,29957.0
133,2026-03,Dune,4,37715.0
133,2026-03,Everest,3,49794.0
133,2026-03,Flux EV,2,46999.0
133,2026-03,Granite,8,41924.0
133,2026-03,Harbor,2,31844.0
133,2026-04,Aria,3,23391.0
133,2026-04,Brisa,2,28299.0
133,2026-04,Cirrus,7,29977.0
133,2026-04,Dune,5,36005.0
133,2026-04,Everest,1,50252.0
133,2026-04,Flux EV,3,44635.0
133,2026-04,Granite,5,43569.0
133,2026-04,Harbor,6,31186.0
133,2026-05,Aria,2,23001.0
133,2026-05,Brisa,9,28593.0
133,2026-05,Cirrus,7,30458.0
133,2026-05,Dune,8,37111.0
133,2026-05,Everest,1,50424.0
133,2026-05,Flux EV,4,45349.0
133,2026-05,Granite,7,43125.0
133,2026-05,Harbor,2,31790.0
133,2026-06,Aria,4,23552.0
133,2026-06,Brisa,3,29188.0
133,2026-06,Cirrus,11,29471.0
133,2026-06,Dune,6,37842.0
133,2026-06,Everest,0,
133,2026-06,Flux EV,3,46884.0
133,2026-06,Granite,5,42248.0
133,2026-06,Harbor,5,31633.0
133,2026-07,Aria,3,23105.0
133,2026-07,Brisa,6,29439.0
133,2026-07,Cirrus,5,30090.0
133,2026-07,Dune,8,36911.0
133,2026-07,Everest,7,50423.0
133,2026-07,Flux EV,2,45583.0
133,2026-07,Granite,5,41978.0
133,2026-07,Harbor,1,31446.0
133,2026-08,Aria,1,23080.0
133,2026-08,Brisa,2,29092.0
133,2026-08,Cirrus,5,30466.0
133,2026-08,Dune,10,37962.0
133,2026-08,Everest,1,49886.0
133,2026-08,Flux EV,1,47163.0
133,2026-08,Granite,5,40363.0
133,2026-08,Harbor,3,32208.0
133,2026-09,Aria,4,24157.0
133,2026-09,Brisa,2,28738.0
133,2026-09,Cirrus,4,30346.0
133,2026-09,Dune,5,37504.0
133,2026-09,Everest,3,49424.0
133,2026-09,Flux EV,0,
133,2026-09,Granite,4,41090.0
133,2026-09,Harbor,3,31295.0
134,2024-10,Aria,1,24208.0
134,2024-10,Brisa,4,28642.0
134,2024-10,Cirrus,9,30357.0
134,2024-10,Dune,5,37230.0
134,2024-10,Everest,4,50213.0
134,2024-10,Flux EV,2,47736.0
134,2024-10,Granite,7,42376.0
134,2024-10,Harbor,2,31174.0
134,2024-11,Aria,4,23355.0
134,2024-11,Brisa,2,28076.0
134,2024-11,Cirrus,9,29244.0
134,2024-11,Dune,7,37531.0
134,2024-11,Everest,1,50023.0
134,2024-11,Flux EV,3,46963.0
134,2024-11,Granite,5,41195.0
134,2024-11,Harbor,1,31284.0
134,2024-12,Aria,10,23557.0
134,2024-12,Brisa,6,28247.0
134,2024-12,Cirrus,9,29788.0
134,2024-12,Dune,8,35773.0
134,2024-12,Everest,2,50307.0
134,2024-12,Flux EV,3,46253.0
134,2024-12,Granite,7,41975.0
134,2024-12,Harbor,4,31264.0
134,2025-01,Aria,3,23050.0
134,2025-01,Brisa,4,29476.0
134,2025-01,Cirrus,6,30838.0
134,2025-01,Dune,5,36952.0
134,2025-01,Everest,1,50964.0
134,2025-01,Flux EV,1,45415.0
134,2025-01,Granite,3,40837.0
134,2025-01,Harbor,1,32159.0
134,2025-02,Aria,6,23402.0
134,2025-02,Brisa,4,28027.0
134,2025-02,Cirrus,8,31565.0
134,2025-02,Dune,3,36771.0
134,2025-02,Everest,4,50803.0
134,2025-02,Flux EV,3,46413.0
134,2025-02,Granite,4,42869.0
134,2025-02,Harbor,1,32265.0
134,2025-03,Aria,1,23688.0
134,2025-03,Brisa,1,29595.0
134,2025-03,Cirrus,6,30244.0
134,2025-03,Dune,6,37432.0
134,2025-03,Everest,3,50708.0
134,2025-03,Flux EV,2,47402.0
134,2025-03,Granite,1,42629.0
134,2025-03,Harbor,1,31248.0
134,2025-04,Aria,5,24471.0
134,2025-04,Brisa,5,28869.0
134,2025-04,Cirrus,6,28811.0
134,2025-04,Dune,5,38057.0
134,2025-04,Everest,2,49204.0
134,2025-04,Flux EV,1,45872.0
134,2025-04,Granite,6,41869.0
134,2025-04,Harbor,4,31112.0
134,2025-05,Aria,5,23832.0
134,2025-05,Brisa,7,28141.0
134,2025-05,Cirrus,8,29443.0
134,2025-05,Dune,9,36829.0
134,2025-05,Everest,4,51572.0
134,2025-05,Flux EV,0,
134,2025-05,Granite,4,42636.0
134,2025-05,Harbor,3,31945.0
134,2025-06,Aria,5,22707.0
134,2025-06,Brisa,0,
134,2025-06,Cirrus,7,30733.0
134,2025-06,Dune,4,37008.0
134,2025-06,Everest,2,50154.0
134,2025-06,Flux EV,2,46315.0
134,2025-06,Granite,6,41658.0
134,2025-06,Harbor,4,31766.0
134,2025-07,Aria,6,23570.0
134,2025-07,Brisa,3,29367.0
134,2025-07,Cirrus,1,30519.0
134,2025-07,Dune,2,37194.0
134,2025-07,Everest,2,49470.0
134,2025-07,Flux EV,1,44810.0
134,2025-07,Granite,6,40770.0
134,2025-07,Harbor,2,32080.0
134,2025-08,Aria,2,23222.0
134,2025-08,Brisa,3,29215.0
134,2025-08,Cirrus,6,28880.0
134,2025-08,Dune,6,37994.0
134,2025-08,Everest,1,50284.0
134,2025-08,Flux EV,0,
134,2025-08,Granite,3,40829.0
134,2025-08,Harbor,1,31119.0
134,2025-09,Aria,5,23537.0
134,2025-09,Brisa,2,29000.0
134,2025-09,Cirrus,5,31415.0
134,2025-09,Dune,4,36310.0
134,2025-09,Everest,3,50741.0
134,2025-09,Flux EV,1,46076.0
134,2025-09,Granite,8,42182.0
134,2025-09,Harbor,3,31517.0
134,2025-10,Aria,5,23813.0
134,2025-10,Brisa,4,28552.0
134,2025-10,Cirrus,6,30099.0
134,2025-10,Dune,4,37127.0
134,2025-10,Everest,3,50761.0
134,2025-10,Flux EV,3,45633.0
134,2025-10,Granite,4,42466.0
134,2025-10,Harbor,3,31557.0
134,2025-11,Aria,6,22661.0
134,2025-11,Brisa,2,28479.0
134,2025-11,Cirrus,6,29953.0
134,2025-11,Dune,7,36902.0
134,2025-11,Everest,1,51339.0
134,2025-11,Flux EV,3,47083.0
134,2025-11,Granite,6,42649.0
134,2025-11,Harbor,2,31851.0
134,2025-12,Aria,8,23540.0
134,2025-12,Brisa,3,28445.0
134,2025-12,Cirrus,7,30337.0
134,2025-12,Dune,7,36355.0
134,2025-12,Everest,1,50096.0
134,2025-12,Flux EV,1,46379.0
134,2025-12,Granite,7,43329.0
134,2025-12,Harbor,6,31103.0
134,2026-01,Aria,5,23119.0
134,2026-01,Brisa,1,28578.0
134,2026-01,Cirrus,0,
134,2026-01,Dune,7,38399.0
134,2026-01,Everest,1,49109.0
134,2026-01,Flux EV,3,47272.0
134,2026-01,Granite,5,42070.0
134,2026-01,Harbor,0,
134,2026-02,Aria,3,23017.0
134,2026-02,Brisa,4,29152.0
134,2026-02,Cirrus,3,30018.0
134,2026-02,Dune,3,36946.0
134,2026-02,Everest,1,49993.0
134,2026-02,Flux EV,2,47148.0
134,2026-02,Granite,4,42358.0
134,2026-02,Harbor,3,31908.0
134,2026-03,Aria,1,23651.0
134,2026-03,Brisa,1,28319.0
134,2026-03,Cirrus,6,29568.0
134,2026-03,Dune,5,38117.0
134,2026-03,Everest,1,50547.0
134,2026-03,Flux EV,1,45123.0
134,2026-03,Granite,5,40888.0
134,2026-03,Harbor,3,31890.0
134,2026-04,Aria,7,24050.0
134,2026-04,Brisa,1,28334.0
134,2026-04,Cirrus,15,30079.0
134,2026-04,Dune,4,36776.0
134,2026-04,Everest,4,51203.0
134,2026-04,Flux EV,2,45926.0
134,2026-04,Granite,2,41601.0
134,2026-04,Harbor,3,30985.0
134,2026-05,Aria,3,22792.0
134,2026-05,Brisa,7,29620.0
134,2026-05,Cirrus,1,29576.0
134,2026-05,Dune,7,37190.0
134,2026-05,Everest,2,49303.0
134,2026-05,Flux EV,2,46067.0
134,2026-05,Granite,2,43011.0
134,2026-05,Harbor,2,31294.0
134,2026-06,Aria,4,24333.0
134,2026-06,Brisa,3,28088.0
134,2026-06,Cirrus,6,30149.0
134,2026-06,Dune,6,37933.0
134,2026-06,Everest,1,50508.0
134,2026-06,Flux EV,1,46195.0
134,2026-06,Granite,11,42308.0
134,2026-06,Harbor,1,31457.0
134,2026-07,Aria,6,23431.0
134,2026-07,Brisa,3,28986.0
134,2026-07,Cirrus,4,30009.0
134,2026-07,Dune,5,37884.0
134,2026-07,Everest,0,
134,2026-07,Flux EV,2,46754.0
134,2026-07,Granite,3,42731.0
134,2026-07,Harbor,2,32076.0
134,2026-08,Aria,2,23274.0
134,2026-08,Brisa,8,29660.0
134,2026-08,Cirrus,4,30375.0
134,2026-08,Dune,3,37632.0
134,2026-08,Everest,2,51516.0
134,2026-08,Flux EV,0,
134,2026-08,Granite,3,42132.0
134,2026-08,Harbor,6,31326.0
134,2026-09,Aria,3,23170.0
134,2026-09,Brisa,0,
134,2026-09,Cirrus,4,29879.0
134,2026-09,Dune,3,38278.0
134,2026-09,Everest,1,49976.0
134,2026-09,Flux EV,3,44508.0
134,2026-09,Granite,5,39169.0
134,2026-09,Harbor,2,31448.0
135,2024-10,Aria,5,23400.0
135,2024-10,Brisa,3,28358.0
135,2024-10,Cirrus,10,30641.0
135,2024-10,Dune,6,36133.0
135,2024-10,Everest,0,
135,2024-10,Flux EV,4,45251.0
135,2024-10,Granite,4,42579.0
135,2024-10,Harbor,2,32003.0
135,2024-11,Aria,6,23122.0
135,2024-11,Brisa,3,28977.0
135,2024-11,Cirrus,5,30278.0
135,2024-11,Dune,8,36230.0
135,2024-11,Everest,4,51214.0
135,2024-11,Flux EV,5,46024.0
135,2024-11,Granite,7,40996.0
135,2024-11,Harbor,4,31758.0
135,2024-12,Aria,7,23685.0
135,2024-12,Brisa,7,28653.0
135,2024-12,Cirrus,4,30536.0
135,2024-12,Dune,4,36563.0
135,2024-12,Everest,4,48822.0
135,2024-12,Flux EV,6,46804.0
135,2024-12,Granite,8,41871.0
135,2024-12,Harbor,6,32130.0
135,2025-01,Aria,3,23513.0
135,2025-01,Brisa,1,28891.0
135,2025-01,Cirrus,4,30037.0
135,2025-01,Dune,1,36905.0
135,2025-01,Everest,3,50820.0
135,2025-01,Flux EV,2,45215.0
135,2025-01,Granite,7,43446.0
135,2025-01,Harbor,0,
135,2025-02,Aria,4,23561.0
135,2025-02,Brisa,3,27966.0
135,2025-02,Cirrus,3,30603.0
135,2025-02,Dune,6,36070.0
135,2025-02,Everest,1,51237.0
135,2025-02,Flux EV,3,47257.0
135,2025-02,Granite,4,40310.0
135,2025-02,Harbor,2,31410.0
135,2025-03,Aria,6,23888.0
135,2025-03,Brisa,2,28771.0
135,2025-03,Cirrus,7,30006.0
135,2025-03,Dune,6,38132.0
135,2025-03,Everest,1,51550.0
135,2025-03,Flux EV,11,46290.0
135,2025-03,Granite,3,42494.0
135,2025-03,Harbor,6,31522.0
135,2025-04,Aria,4,24599.0
135,2025-04,Brisa,3,28722.0
135,2025-04,Cirrus,9,30026.0
135,2025-04,Dune,2,38014.0
135,2025-04,Everest,3,50143.0
135,2025-04,Flux EV,3,45776.0
135,2025-04,Granite,2,41246.0
135,2025-04,Harbor,3,31752.0
135,2025-05,Aria,5,23885.0
135,2025-05,Brisa,8,28385.0
135,2025-05,Cirrus,9,30125.0
135,2025-05,Dune,3,37599.0
135,2025-05,Everest,3,51245.0
135,2025-05,Flux EV,3,45520.0
135,2025-05,Granite,4,42932.0
135,2025-05,Harbor,2,31644.0
135,2025-06,Aria,3,23754.0
135,2025-06,Brisa,6,29183.0
135,2025-06,Cirrus,9,29836.0
135,2025-06,Dune,3,37340.0
135,2025-06,Everest,4,50977.0
135,2025-06,Flux EV,5,45840.0
135,2025-06,Granite,3,40244.0
135,2025-06,Harbor,3,31600.0
135,2025-07,Aria,4,24196.0
135,2025-07,Brisa,1,28890.0
135,2025-07,Cirrus,6,29643.0
135,2025-07,Dune,5,37336.0
135,2025-07,Everest,0,
135,2025-07,Flux EV,4,45574.0
135,2025-07,Granite,1,41202.0
135,2025-07,Harbor,3,32338.0
135,2025-08,Aria,4,23273.0
135,2025-08,Brisa,4,28344.0
135,2025-08,Cirrus,4,29871.0
135,2025-08,Dune,6,37788.0
135,2025-08,Everest,1,51032.0
135,2025-08,Flux EV,7,44407.0
135,2025-08,Granite,4,41174.0
135,2025-08,Harbor,1,29944.0
135,2025-09,Aria,8,22884.0
135,2025-09,Brisa,6,29026.0
135,2025-09,Cirrus,6,30683.0
135,2025-09,Dune,7,37034.0
135,2025-09,Everest,2,52153.0
135,2025-09,Flux EV,1,45908.0
135,2025-09,Granite,1,41301.0
135,2025-09,Harbor,3,31973.0
135,2025-10,Aria,3,23753.0
135,2025-10,Brisa,4,29148.0
135,2025-10,Cirrus,7,29933.0
135,2025-10,Dune,6,37545.0
135,2025-10,Everest,1,51231.0
135,2025-10,Flux EV,6,46657.0
135,2025-10,Granite,2,41012.0
135,2025-10,Harbor,3,31439.0
135,2025-11,Aria,1,23435.0
135,2025-11,Brisa,3,28147.0
135,2025-11,Cirrus,7,31040.0
135,2025-11,Dune,9,37250.0
135,2025-11,Everest,3,49417.0
135,2025-11,Flux EV,6,45845.0
135,2025-11,Granite,0,
135,2025-11,Harbor,3,32369.0
135,2025-12,Aria,4,23148.0
135,2025-12,Brisa,5,27997.0
135,2025-12,Cirrus,3,30234.0
135,2025-12,Dune,11,37190.0
135,2025-12,Everest,1,52097.0
135,2025-12,Flux EV,9,44213.0
135,2025-12,Granite,3,41795.0
135,2025-12,Harbor,2,31065.0
135,2026-01,Aria,4,23380.0
135,2026-01,Brisa,2,28497.0
135,2026-01,Cirrus,3,29805.0
135,2026-01,Dune,5,37412.0
135,2026-01,Everest,1,50712.0
135,2026-01,Flux EV,1,46700.0
135,2026-01,Granite,0,
135,2026-01,Harbor,1,31744.0
135,2026-02,Aria,1,22707.0
135,2026-02,Brisa,4,28696.0
135,2026-02,Cirrus,10,30955.0
135,2026-02,Dune,3,37831.0
135,2026-02,Everest,3,49746.0
135,2026-02,Flux EV,8,47274.0
135,2026-02,Granite,6,41180.0
135,2026-02,Harbor,2,31013.0
135,2026-03,Aria,8,22944.0
135,2026-03,Brisa,4,29316.0
135,2026-03,Cirrus,4,29120.0
135,2026-03,Dune,3,36930.0
135,2026-03,Everest,2,50770.0
135,2026-03,Flux EV,1,45872.0
135,2026-03,Granite,5,42669.0
135,2026-03,Harbor,3,31488.0
135,2026-04,Aria,6,23827.0
135,2026-04,Brisa,3,28012.0
135,2026-04,Cirrus,10,30441.0
135,2026-04,Dune,6,36445.0
135,2026-04,Everest,3,49599.0
135,2026-04,Flux EV,4,47281.0
135,2026-04,Granite,3,42555.0
135,2026-04,Harbor,2,30559.0
135,2026-05,Aria,1,23065.0
135,2026-05,Brisa,5,29104.0
135,2026-05,Cirrus,3,30626.0
135,2026-05,Dune,11,38488.0
135,2026-05,Everest,2,51096.0
135,2026-05,Flux EV,0,
135,2026-05,Granite,2,40791.0
135,2026-05,Harbor,3,31574.0
135,2026-06,Aria,6,23388.0
135,2026-06,Brisa,2,28083.0
135,2026-06,Cirrus,5,31319.0
135,2026-06,Dune,8,37366.0
135,2026-06,Everest,1,49724.0
135,2026-06,Flux EV,1,45800.0
135,2026-06,Granite,4,42705.0
135,2026-06,Harbor,1,31610.0
135,2026-07,Aria,0,
135,2026-07,Brisa,3,27937.0
135,2026-07,Cirrus,7,30246.0
135,2026-07,Dune,2,37135.0
135,2026-07,Everest,2,48808.0
135,2026-07,Flux EV,3,45182.0
135,2026-07,Granite,1,42876.0
135,2026-07,Harbor,3,30873.0
135,2026-08,Aria,3,23706.0
135,2026-08,Brisa,4,29176.0
135,2026-08,Cirrus,5,30449.0
135,2026-08,Dune,5,37377.0
135,2026-08,Everest,1,49621.0
135,2026-08,Flux EV,7,45276.0
135,2026-08,Granite,5,41588.0
135,2026-08,Harbor,2,30787.0
135,2026-09,Aria,4,24092.0
135,2026-09,Brisa,3,30041.0
135,2026-09,Cirrus,3,29854.0
135,2026-09,Dune,8,37775.0
135,2026-09,Everest,3,50741.0
135,2026-09,Flux EV,3,46090.0
135,2026-09,Granite,1,42674.0
135,2026-09,Harbor,1,32155.0
136,2024-10,Aria,7,23936.0
136,2024-10,Brisa,2,27782.0
136,2024-10,Cirrus,5,29802.0
136,2024-10,Dune,6,38730.0
136,2024-10,Everest,7,50548.0
136,2024-10,Flux EV,2,45704.0
136,2024-10,Granite,4,42289.0
136,2024-10,Harbor,4,31582.0
136,2024-11,Aria,5,23251.0
136,2024-11,Brisa,5,29774.0
136,2024-11,Cirrus,13,29580.0
136,2024-11,Dune,12,38689.0
136,2024-11,Everest,1,51050.0
136,2024-11,Flux EV,5,45490.0
136,2024-11,Granite,8,41635.0
136,2024-11,Harbor,5,31955.0
136,2024-12,Aria,7,23830.0
136,2024-12,Brisa,5,28568.0
136,2024-12,Cirrus,17,29953.0
136,2024-12,Dune,7,37823.0
136,2024-12,Everest,3,50919.0
136,2024-12,Flux EV,5,45595.0
136,2024-12,Granite,10,41353.0
136,2024-12,Harbor,4,32643.0
136,2025-01,Aria,9,23990.0
136,2025-01,Brisa,4,28356.0
136,2025-01,Cirrus,3,29604.0
136,2025-01,Dune,9,37334.0
136,2025-01,Everest,0,
136,2025-01,Flux EV,0,
136,2025-01,Granite,4,42328.0
136,2025-01,Harbor,4,32071.0
136,2025-02,Aria,3,23877.0
136,2025-02,Brisa,6,27771.0
136,2025-02,Cirrus,9,30013.0
136,2025-02,Dune,7,37151.0
136,2025-02,Everest,3,48660.0
136,2025-02,Flux EV,3,46786.0
136,2025-02,Granite,8,42790.0
136,2025-02,Harbor,5,31759.0
136,2025-03,Aria,5,22580.0
136,2025-03,Brisa,4,29269.0
136,2025-03,Cirrus,9,29959.0
136,2025-03,Dune,9,36807.0
136,2025-03,Everest,2,50133.0
136,2025-03,Flux EV,5,46147.0
136,2025-03,Granite,12,41567.0
136,2025-03,Harbor,5,30976.0
136,2025-04,Aria,11,23103.0
136,2025-04,Brisa,10,28725.0
136,2025-04,Cirrus,17,30663.0
136,2025-04,Dune,8,36848.0
136,2025-04,Everest,4,49638.0
136,2025-04,Flux EV,2,46176.0
136,2025-04,Granite,8,42801.0
136,2025-04,Harbor,5,31414.0
136,2025-05,Aria,9,23407.0
136,2025-05,Brisa,4,27642.0
136,2025-05,Cirrus,12,30994.0
136,2025-05,Dune,12,37599.0
136,2025-05,Everest,3,50175.0
136,2025-05,Flux EV,2,46488.0
136,2025-05,Granite,5,41306.0
136,2025-05,Harbor,4,31470.0
136,2025-06,Aria,9,23951.0
136,2025-06,Brisa,3,28182.0
136,2025-06,Cirrus,6,30821.0
136,2025-06,Dune,6,36065.0
136,2025-06,Everest,1,47732.0
136,2025-06,Flux EV,3,46366.0
136,2025-06,Granite,10,42158.0
136,2025-06,Harbor,4,32266.0
136,2025-07,Aria,10,23388.0
136,2025-07,Brisa,4,28697.0
136,2025-07,Cirrus,9,29846.0
136,2025-07,Dune,8,38343.0
136,2025-07,Everest,1,51727.0
136,2025-07,Flux EV,3,46316.0
136,2025-07,Granite,7,41592.0
136,2025-07,Harbor,0,
136,2025-08,Aria,7,23409.0
136,2025-08,Brisa,4,27484.0
136,2025-08,Cirrus,12,30752.0
136,2025-08,Dune,8,36420.0
136,2025-08,Everest,9,52196.0
136,2025-08,Flux EV,6,46743.0
136,2025-08,Granite,6,41038.0
136,2025-08,Harbor,5,31966.0
136,2025-09,Aria,8,23149.0
136,2025-09,Brisa,6,28757.0
136,2025-09,Cirrus,8,31242.0
136,2025-09,Dune,11,36845.0
136,2025-09,Everest,0,
136,2025-09,Flux EV,4,46059.0
136,2025-09,Granite,6,41643.0
136,2025-09,Harbor,7,31150.0
136,2025-10,Aria,8,22739.0
136,2025-10,Brisa,1,28697.0
136,2025-10,Cirrus,8,31428.0
136,2025-10,Dune,11,37512.0
136,2025-10,Everest,6,48568.0
136,2025-10,Flux EV,1,46909.0
136,2025-10,Granite,3,42533.0
136,2025-10,Harbor,10,31535.0
136,2025-11,Aria,14,23046.0
136,2025-11,Brisa,7,29456.0
136,2025-11,Cirrus,9,29719.0
136,2025-11,Dune,15,36421.0
136,2025-11,Everest,6,49952.0
136,2025-11,Flux EV,5,45943.0
136,2025-11,Granite,7,41732.0
136,2025-11,Harbor,5,32264.0
136,2025-12,Aria,12,24339.0
136,2025-12,Brisa,4,29447.0
136,2025-12,Cirrus,19,28879.0
136,2025-12,Dune,16,37559.0
136,2025-12,Everest,3,50880.0
136,2025-12,Flux EV,7,46019.0
136,2025-12,Granite,6,41030.0
136,2025-12,Harbor,9,31695.0
136,2026-01,Aria,12,23726.0
136,2026-01,Brisa,5,28190.0
136,2026-01,Cirrus,11,30077.0
136,2026-01,Dune,9,36703.0
136,2026-01,Everest,4,48431.0
136,2026-01,Flux EV,2,46111.0
136,2026-01,Granite,6,41590.0
136,2026-01,Harbor,6,31764.0
136,2026-02,Aria,10,23262.0
136,2026-02,Brisa,5,29054.0
136,2026-02,Cirrus,15,30441.0
136,2026-02,Dune,5,35900.0
136,2026-02,Everest,3,50802.0
136,2026-02,Flux EV,2,45007.0
136,2026-02,Granite,5,41568.0
136,2026-02,Harbor,3,31361.0
136,2026-03,Aria,12,22948.0
136,2026-03,Brisa,14,29126.0
136,2026-03,Cirrus,8,29929.0
136,2026-03,Dune,10,37603.0
136,2026-03,Everest,2,49918.0
136,2026-03,Flux EV,3,46464.0
136,2026-03,Granite,9,41845.0
136,2026-03,Harbor,6,32140.0
136,2026-04,Aria,17,23335.0
136,2026-04,Brisa,9,29271.0
136,2026-04,Cirrus,12,31472.0
136,2026-04,Dune,11,38837.0
136,2026-04,Everest,9,51277.0
136,2026-04,Flux EV,4,45978.0
136,2026-04,Granite,9,41703.0
136,2026-04,Harbor,2,32311.0
136,2026-05,Aria,10,23905.0
136,2026-05,Brisa,8,29240.0
136,2026-05,Cirrus,16,30609.0
136,2026-05,Dune,13,37708.0
136,2026-05,Everest,6,49406.0
136,2026-05,Flux EV,5,44674.0
136,2026-05,Granite,13,42072.0
136,2026-05,Harbor,3,32828.0
136,2026-06,Aria,12,23013.0
136,2026-06,Brisa,10,28061.0
136,2026-06,Cirrus,12,30028.0
136,2026-06,Dune,12,38185.0
136,2026-06,Everest,5,50274.0
136,2026-06,Flux EV,5,46332.0
136,2026-06,Granite,12,42023.0
136,2026-06,Harbor,8,30559.0
136,2026-07,Aria,6,23753.0
136,2026-07,Brisa,4,28995.0
136,2026-07,Cirrus,8,30517.0
136,2026-07,Dune,15,37997.0
136,2026-07,Everest,3,50016.0
136,2026-07,Flux EV,5,45981.0
136,2026-07,Granite,7,39811.0
136,2026-07,Harbor,6,32335.0
136,2026-08,Aria,2,22820.0
136,2026-08,Brisa,4,27806.0
136,2026-08,Cirrus,21,31160.0
136,2026-08,Dune,5,38400.0
136,2026-08,Everest,8,50661.0
136,2026-08,Flux EV,3,46526.0
136,2026-08,Granite,3,41586.0
136,2026-08,Harbor,10,32147.0
136,2026-09,Aria,9,23640.0
136,2026-09,Brisa,8,29155.0
136,2026-09,Cirrus,15,30212.0
136,2026-09,Dune,13,36740.0
136,2026-09,Everest,3,50250.0
136,2026-09,Flux EV,5,46567.0
136,2026-09,Granite,10,41146.0
136,2026-09,Harbor,2,30456.0
137,2024-10,Aria,0,
137,2024-10,Brisa,1,29090.0
137,2024-10,Cirrus,4,30304.0
137,2024-10,Dune,7,37418.0
137,2024-10,Everest,2,48805.0
137,2024-10,Flux EV,2,46361.0
137,2024-10,Granite,4,41903.0
137,2024-10,Harbor,0,
137,2024-11,Aria,6,23723.0
137,2024-11,Brisa,1,29053.0
137,2024-11,Cirrus,7,30048.0
137,2024-11,Dune,6,37091.0
137,2024-11,Everest,2,49609.0
137,2024-11,Flux EV,4,47870.0
137,2024-11,Granite,0,
137,2024-11,Harbor,1,31231.0
137,2024-12,Aria,2,23309.0
137,2024-12,Brisa,6,28386.0
137,2024-12,Cirrus,10,30963.0
137,2024-12,Dune,2,36045.0
137,2024-12,Everest,3,51356.0
137,2024-12,Flux EV,1,45812.0
137,2024-12,Granite,1,42686.0
137,2024-12,Harbor,3,31725.0
137,2025-01,Aria,3,23294.0
137,2025-01,Brisa,5,29268.0
137,2025-01,Cirrus,1,30772.0
137,2025-01,Dune,1,37886.0
137,2025-01,Everest,0,
137,2025-01,Flux EV,0,
137,2025-01,Granite,3,43337.0
137,2025-01,Harbor,4,31609.0
137,2025-02,Aria,2,23533.0
137,2025-02,Brisa,1,28975.0
137,2025-02,Cirrus,2,30476.0
137,2025-02,Dune,2,36684.0
137,2025-02,Everest,3,52166.0
137,2025-02,Flux EV,2,46135.0
137,2025-02,Granite,0,
137,2025-02,Harbor,1,32313.0
137,2025-03,Aria,4,23549.0
137,2025-03,Brisa,5,28183.0
137,2025-03,Cirrus,7,30800.0
137,2025-03,Dune,0,
137,2025-03,Everest,1,50005.0
137,2025-03,Flux EV,2,47627.0
137,2025-03,Granite,0,
137,2025-03,Harbor,0,
137,2025-04,Aria,11,23833.0
137,2025-04,Brisa,2,29330.0
137,2025-04,Cirrus,7,30399.0
137,2025-04,Dune,8,38022.0
137,2025-04,Everest,0,
137,2025-04,Flux EV,0,
137,2025-04,Granite,4,39481.0
137,2025-04,Harbor,5,30695.0
137,2025-05,Aria,3,22992.0
137,2025-05,Brisa,1,28540.0
137,2025-05,Cirrus,5,30773.0
137,2025-05,Dune,4,34990.0
137,2025-05,Everest,0,
137,2025-05,Flux EV,0,
137,2025-05,Granite,2,40789.0
137,2025-05,Harbor,1,32482.0
137,2025-06,Aria,2,23467.0
137,2025-06,Brisa,1,28714.0
137,2025-06,Cirrus,6,29915.0
137,2025-06,Dune,4,37222.0
137,2025-06,Everest,1,50585.0
137,2025-06,Flux EV,3,45490.0
137,2025-06,Granite,1,42819.0
137,2025-06,Harbor,4,31271.0
137,2025-07,Aria,3,23406.0
137,2025-07,Brisa,2,29223.0
137,2025-07,Cirrus,4,30249.0
137,2025-07,Dune,3,39087.0
137,2025-07,Everest,2,51508.0
137,2025-07,Flux EV,0,
137,2025-07,Granite,1,41585.0
137,2025-07,Harbor,0,
137,2025-08,Aria,3,23909.0
137,2025-08,Brisa,2,28789.0
137,2025-08,Cirrus,8,31167.0
137,2025-08,Dune,6,37828.0
137,2025-08,Everest,2,50212.0
137,2025-08,Flux EV,3,46343.0
137,2025-08,Granite,7,41760.0
137,2025-08,Harbor,2,31777.0
137,2025-09,Aria,2,23081.0
137,2025-09,Brisa,3,29064.0
137,2025-09,Cirrus,1,30589.0
137,2025-09,Dune,4,36230.0
137,2025-09,Everest,2,50552.0
137,2025-09,Flux EV,0,
137,2025-09,Granite,5,41851.0
137,2025-09,Harbor,1,30829.0
137,2025-10,Aria,3,23896.0
137,2025-10,Brisa,0,
137,2025-10,Cirrus,9,30071.0
137,2025-10,Dune,6,38910.0
137,2025-10,Everest,0,
137,2025-10,Flux EV,2,44821.0
137,2025-10,Granite,4,40817.0
137,2025-10,Harbor,1,31063.0
137,2025-11,Aria,3,23790.0
137,2025-11,Brisa,3,28411.0
137,2025-11,Cirrus,6,30799.0
137,2025-11,Dune,3,37710.0
137,2025-11,Everest,1,49826.0
137,2025-11,Flux EV,3,46760.0
137,2025-11,Granite,2,42169.0
137,2025-11,Harbor,2,31617.0
137,2025-12,Aria,8,23686.0
137,2025-12,Brisa,5,29040.0
137,2025-12,Cirrus,7,31064.0
137,2025-12,Dune,5,37868.0
137,2025-12,Everest,0,
137,2025-12,Flux EV,1,46424.0
137,2025-12,Granite,4,41007.0
137,2025-12,Harbor,4,31931.0
137,2026-01,Aria,4,24224.0
137,2026-01,Brisa,5,28633.0
137,2026-01,Cirrus,3,29567.0
137,2026-01,Dune,2,37804.0
137,2026-01,Everest,2,50445.0
137,2026-01,Flux EV,2,46900.0
137,2026-01,Granite,4,43046.0
137,2026-01,Harbor,2,30652.0
137,2026-02,Aria,3,23838.0
137,2026-02,Brisa,1,29092.0
137,2026-02,Cirrus,5,29562.0
137,2026-02,Dune,2,37362.0
137,2026-02,Everest,1,49440.0
137,2026-02,Flux EV,1,46617.0
137,2026-02,Granite,5,41723.0
137,2026-02,Harbor,1,31585.0
137,2026-03,Aria,5,24596.0
137,2026-03,Brisa,6,29349.0
137,2026-03,Cirrus,5,30153.0
137,2026-03,Dune,4,37112.0
137,2026-03,Everest,3,51165.0
137,2026-03,Flux EV,0,
137,2026-03,Granite,4,40578.0
137,2026-03,Harbor,1,32095.0
137,2026-04,Aria,2,23780.0
137,2026-04,Brisa,4,28916.0
137,2026-04,Cirrus,4,30590.0
137,2026-04,Dune,2,37293.0
137,2026-04,Everest,5,51054.0
137,2026-04,Flux EV,0,
137,2026-04,Granite,5,42738.0
137,2026-04,Harbor,0,
137,2026-05,Aria,1,22931.0
137,2026-05,Brisa,1,28966.0
137,2026-05,Cirrus,3,29834.0
137,2026-05,Dune,4,37436.0
137,2026-05,Everest,0,
137,2026-05,Flux EV,0,
137,2026-05,Granite,2,41079.0
137,2026-05,Harbor,3,31588.0
137,2026-06,Aria,2,23635.0
137,2026-06,Brisa,1,29531.0
137,2026-06,Cirrus,3,31136.0
137,2026-06,Dune,3,36347.0
137,2026-06,Everest,1,51123.0
137,2026-06,Flux EV,2,45752.0
137,2026-06,Granite,2,42473.0
137,2026-06,Harbor,1,32366.0
137,2026-07,Aria,3,24085.0
137,2026-07,Brisa,2,29667.0
137,2026-07,Cirrus,9,29894.0
137,2026-07,Dune,2,37503.0
137,2026-07,Everest,0,
137,2026-07,Flux EV,2,45616.0
137,2026-07,Granite,1,42175.0
137,2026-07,Harbor,1,31513.0
137,2026-08,Aria,4,23720.0
137,2026-08,Brisa,0,
137,2026-08,Cirrus,2,29333.0
137,2026-08,Dune,2,36844.0
137,2026-08,Everest,2,50244.0
137,2026-08,Flux EV,0,
137,2026-08,Granite,3,43499.0
137,2026-08,Harbor,0,
137,2026-09,Aria,3,23513.0
137,2026-09,Brisa,1,29171.0
137,2026-09,Cirrus,3,30417.0
137,2026-09,Dune,3,37805.0
137,2026-09,Everest,4,50124.0
137,2026-09,Flux EV,1,47031.0
137,2026-09,Granite,1,41480.0
137,2026-09,Harbor,0,
138,2024-10,Aria,4,23471.0
138,2024-10,Brisa,2,28826.0
138,2024-10,Cirrus,4,29307.0
138,2024-10,Dune,1,38348.0
138,2024-10,Everest,1,51003.0
138,2024-10,Flux EV,0,
138,2024-10,Granite,2,42117.0
138,2024-10,Harbor,2,31355.0
138,2024-11,Aria,3,23170.0
138,2024-11,Brisa,0,
138,2024-11,Cirrus,4,30340.0
138,2024-11,Dune,3,37657.0
138,2024-11,Everest,1,50221.0
138,2024-11,Flux EV,1,45664.0
138,2024-11,Granite,4,40791.0
138,2024-11,Harbor,3,33169.0
138,2024-12,Aria,3,23587.0
138,2024-12,Brisa,3,29101.0
138,2024-12,Cirrus,5,30573.0
138,2024-12,Dune,3,36796.0
138,2024-12,Everest,3,48813.0
138,2024-12,Flux EV,2,45478.0
138,2024-12,Granite,6,40598.0
138,2024-12,Harbor,1,32126.0
138,2025-01,Aria,2,23034.0
138,2025-01,Brisa,0,
138,2025-01,Cirrus,2,30077.0
138,2025-01,Dune,0,
138,2025-01,Everest,0,
138,2025-01,Flux EV,0,
138,2025-01,Granite,2,41707.0
138,2025-01,Harbor,1,31860.0
138,2025-02,Aria,1,23815.0
138,2025-02,Brisa,0,
138,2025-02,Cirrus,1,30181.0
138,2025-02,Dune,3,37127.0
138,2025-02,Everest,0,
138,2025-02,Flux EV,1,45740.0
138,2025-02,Granite,3,41614.0
138,2025-02,Harbor,2,31566.0
138,2025-03,Aria,6,23275.0
138,2025-03,Brisa,1,28751.0
138,2025-03,Cirrus,4,29393.0
138,2025-03,Dune,3,38482.0
138,2025-03,Everest,3,49892.0
138,2025-03,Flux EV,0,
138,2025-03,Granite,5,41361.0
138,2025-03,Harbor,1,31447.0
138,2025-04,Aria,0,
138,2025-04,Brisa,5,29221.0
138,2025-04,Cirrus,5,30227.0
138,2025-04,Dune,2,37859.0
138,2025-04,Everest,0,
138,2025-04,Flux EV,1,45929.0
138,2025-04,Granite,3,40246.0
138,2025-04,Harbor,1,32093.0
138,2025-05,Aria,3,23466.0
138,2025-05,Brisa,2,28172.0
138,2025-05,Cirrus,6,30506.0
138,2025-05,Dune,2,37314.0
138,2025-05,Everest,0,
138,2025-05,Flux EV,0,
138,2025-05,Granite,2,39734.0
138,2025-05,Harbor,3,31264.0
138,2025-06,Aria,2,23841.0
138,2025-06,Brisa,3,27775.0
138,2025-06,Cirrus,4,30170.0
138,2025-06,Dune,3,38096.0
138,2025-06,Everest,1,50248.0
138,2025-06,Flux EV,1,48093.0
138,2025-06,Granite,3,41507.0
138,2025-06,Harbor,1,31167.0
138,2025-07,Aria,1,23759.0
138,2025-07,Brisa,3,28703.0
138,2025-07,Cirrus,8,29653.0
138,2025-07,Dune,3,37105.0
138,2025-07,Everest,0,
138,2025-07,Flux EV,2,46021.0
138,2025-07,Granite,1,42096.0
138,2025-07,Harbor,2,30877.0
138,2025-08,Aria,3,23874.0
138,2025-08,Brisa,1,29270.0
138,2025-08,Cirrus,3,29899.0
138,2025-08,Dune,2,36805.0
138,2025-08,Everest,2,49382.0
138,2025-08,Flux EV,3,47103.0
138,2025-08,Granite,4,42905.0
138,2025-08,Harbor,4,31766.0
138,2025-09,Aria,6,23275.0
138,2025-09,Brisa,3,27826.0
138,2025-09,Cirrus,6,30164.0
138,2025-09,Dune,4,38305.0
138,2025-09,Everest,1,51133.0
138,2025-09,Flux EV,1,46281.0
138,2025-09,Granite,3,40962.0
138,2025-09,Harbor,1,31592.0
138,2025-10,Aria,5,24046.0
138,2025-10,Brisa,2,29032.0
138,2025-10,Cirrus,2,30907.0
138,2025-10,Dune,3,36550.0
138,2025-10,Everest,1,48844.0
138,2025-10,Flux EV,0,
138,2025-10,Granite,1,40895.0
138,2025-10,Harbor,1,31550.0
138,2025-11,Aria,5,23529.0
138,2025-11,Brisa,0,
138,2025-11,Cirrus,3,30379.0
138,2025-11,Dune,3,37211.0
138,2025-11,Everest,1,49794.0
138,2025-11,Flux EV,0,
138,2025-11,Granite,2,42169.0
138,2025-11,Harbor,2,31602.0
138,2025-12,Aria,3,23567.0
138,2025-12,Brisa,2,28370.0
138,2025-12,Cirrus,5,30665.0
138,2025-12,Dune,1,36032.0
138,2025-12,Everest,3,50835.0
138,2025-12,Flux EV,1,47253.0
138,2025-12,Granite,3,42877.0
138,2025-12,Harbor,0,
138,2026-01,Aria,6,23350.0
138,2026-01,Brisa,3,28687.0
138,2026-01,Cirrus,1,30113.0
138,2026-01,Dune,4,36897.0
138,2026-01,Everest,3,50121.0
138,2026-01,Flux EV,0,
138,2026-01,Granite,4,43210.0
138,2026-01,Harbor,0,
138,2026-02,Aria,3,23266.0
138,2026-02,Brisa,3,28770.0
138,2026-02,Cirrus,4,28991.0
138,2026-02,Dune,2,36489.0
138,2026-02,Everest,2,49151.0
138,2026-02,Flux EV,3,45156.0
138,2026-02,Granite,4,42498.0
138,2026-02,Harbor,2,31865.0
138,2026-03,Aria,2,23751.0
138,2026-03,Brisa,3,29355.0
138,2026-03,Cirrus,7,29557.0
138,2026-03,Dune,4,35701.0
138,2026-03,Everest,3,50758.0
138,2026-03,Flux EV,2,45958.0
138,2026-03,Granite,4,42760.0
138,2026-03,Harbor,1,32607.0
138,2026-04,Aria,2,23884.0
138,2026-04,Brisa,3,29204.0
138,2026-04,Cirrus,8,31216.0
138,2026-04,Dune,3,36388.0
138,2026-04,Everest,0,
138,2026-04,Flux EV,1,45656.0
138,2026-04,Granite,5,41746.0
138,2026-04,Harbor,0,
138,2026-05,Aria,4,23466.0
138,2026-05,Brisa,4,28353.0
138,2026-05,Cirrus,9,29433.0
138,2026-05,Dune,4,37721.0
138,2026-05,Everest,1,48720.0
138,2026-05,Flux EV,1,46893.0
138,2026-05,Granite,5,42827.0
138,2026-05,Harbor,2,31428.0
138,2026-06,Aria,3,24148.0
138,2026-06,Brisa,3,29259.0
138,2026-06,Cirrus,5,30499.0
138,2026-06,Dune,3,36571.0
138,2026-06,Everest,3,48257.0
138,2026-06,Flux EV,1,47229.0
138,2026-06,Granite,3,40014.0
138,2026-06,Harbor,0,
138,2026-07,Aria,8,24013.0
138,2026-07,Brisa,1,28544.0
138,2026-07,Cirrus,3,31299.0
138,2026-07,Dune,3,37408.0
138,2026-07,Everest,4,50777.0
138,2026-07,Flux EV,2,46889.0
138,2026-07,Granite,4,41829.0
138,2026-07,Harbor,0,
138,2026-08,Aria,1,23184.0
138,2026-08,Brisa,2,29161.0
138,2026-08,Cirrus,2,30188.0
138,2026-08,Dune,0,
138,2026-08,Everest,2,51771.0
138,2026-08,Flux EV,1,46717.0
138,2026-08,Granite,4,40312.0
138,2026-08,Harbor,2,32837.0
138,2026-09,Aria,5,23717.0
138,2026-09,Brisa,1,29416.0
138,2026-09,Cirrus,3,29868.0
138,2026-09,Dune,3,37706.0
138,2026-09,Everest,0,
138,2026-09,Flux EV,2,45324.0
138,2026-09,Granite,5,42668.0
138,2026-09,Harbor,1,30980.0
139,2024-10,Aria,5,22547.0
139,2024-10,Brisa,2,28850.0
139,2024-10,Cirrus,6,29903.0
139,2024-10,Dune,4,37556.0
139,2024-10,Everest,1,50019.0
139,2024-10,Flux EV,4,46006.0
139,2024-10,Granite,6,42149.0
139,2024-10,Harbor,3,31323.0
139,2024-11,Aria,5,23822.0
139,2024-11,Brisa,3,28208.0
139,2024-11,Cirrus,9,30504.0
139,2024-11,Dune,10,37802.0
139,2024-11,Everest,0,
139,2024-11,Flux EV,0,
139,2024-11,Granite,5,41125.0
139,2024-11,Harbor,4,31964.0
139,2024-12,Aria,7,23930.0
139,2024-12,Brisa,1,28711.0
139,2024-12,Cirrus,5,31527.0
139,2024-12,Dune,7,37229.0
139,2024-12,Everest,3,50141.0
139,2024-12,Flux EV,3,44914.0
139,2024-12,Granite,2,41459.0
139,2024-12,Harbor,3,30821.0
139,2025-01,Aria,5,23387.0
139,2025-01,Brisa,5,28555.0
139,2025-01,Cirrus,3,30077.0
139,2025-01,Dune,7,37603.0
139,2025-01,Everest,4,49553.0
139,2025-01,Flux EV,1,46997.0
139,2025-01,Granite,3,42508.0
139,2025-01,Harbor,1,32919.0
139,2025-02,Aria,6,23305.0
139,2025-02,Brisa,2,29096.0
139,2025-02,Cirrus,6,29963.0
139,2025-02,Dune,2,36283.0
139,2025-02,Everest,2,50818.0
139,2025-02,Flux EV,0,
139,2025-02,Granite,7,42027.0
139,2025-02,Harbor,2,31204.0
139,2025-03,Aria,5,23375.0
139,2025-03,Brisa,2,27815.0
139,2025-03,Cirrus,6,30372.0
139,2025-03,Dune,7,36584.0
139,2025-03,Everest,3,50392.0
139,2025-03,Flux EV,1,44636.0
139,2025-03,Granite,2,41738.0
139,2025-03,Harbor,4,31235.0
139,2025-04,Aria,11,23618.0
139,2025-04,Brisa,4,28983.0
139,2025-04,Cirrus,3,29719.0
139,2025-04,Dune,9,37290.0
139,2025-04,Everest,2,50038.0
139,2025-04,Flux EV,1,44844.0
139,2025-04,Granite,4,42405.0
139,2025-04,Harbor,2,32725.0
139,2025-05,Aria,4,23808.0
139,2025-05,Brisa,5,28652.0
139,2025-05,Cirrus,5,30716.0
139,2025-05,Dune,5,37984.0
139,2025-05,Everest,3,49349.0
139,2025-05,Flux EV,3,45647.0
139,2025-05,Granite,2,41661.0
139,2025-05,Harbor,1,32178.0
139,2025-06,Aria,4,22863.0
139,2025-06,Brisa,5,28412.0
139,2025-06,Cirrus,3,31146.0
139,2025-06,Dune,4,36944.0
139,2025-06,Everest,1,50007.0
139,2025-06,Flux EV,0,
139,2025-06,Granite,4,41190.0
139,2025-06,Harbor,1,31090.0
139,2025-07,Aria,4,22397.0
139,2025-07,Brisa,5,28877.0
139,2025-07,Cirrus,3,29568.0
139,2025-07,Dune,5,37128.0
139,2025-07,Everest,2,50800.0
139,2025-07,Flux EV,1,45460.0
139,2025-07,Granite,5,41088.0
139,2025-07,Harbor,5,31268.0
139,2025-08,Aria,8,24016.0
139,2025-08,Brisa,3,28336.0
139,2025-08,Cirrus,8,30338.0
139,2025-08,Dune,7,37697.0
139,2025-08,Everest,3,50815.0
139,2025-08,Flux EV,3,45689.0
139,2025-08,Granite,0,
139,2025-08,Harbor,2,32305.0
139,2025-09,Aria,1,24008.0
139,2025-09,Brisa,4,28306.0
139,2025-09,Cirrus,4,30345.0
139,2025-09,Dune,7,37618.0
139,2025-09,Everest,3,50748.0
139,2025-09,Flux EV,0,
139,2025-09,Granite,5,41711.0
139,2025-09,Harbor,0,
139,2025-10,Aria,5,22919.0
139,2025-10,Brisa,5,27800.0
139,2025-10,Cirrus,9,29020.0
139,2025-10,Dune,10,36712.0
139,2025-10,Everest,3,51692.0
139,2025-10,Flux EV,6,44148.0
139,2025-10,Granite,3,40887.0
139,2025-10,Harbor,2,30363.0
139,2025-11,Aria,4,22918.0
139,2025-11,Brisa,4,26909.0
139,2025-11,Cirrus,6,30876.0
139,2025-11,Dune,8,38205.0
139,2025-11,Everest,4,49275.0
139,2025-11,Flux EV,2,46126.0
139,2025-11,Granite,3,42603.0
139,2025-11,Harbor,0,
139,2025-12,Aria,6,23467.0
139,2025-12,Brisa,5,28338.0
139,2025-12,Cirrus,10,29365.0
139,2025-12,Dune,11,36866.0
139,2025-12,Everest,3,50286.0
139,2025-12,Flux EV,2,46768.0
139,2025-12,Granite,8,42520.0
139,2025-12,Harbor,3,31307.0
139,2026-01,Aria,4,24068.0
139,2026-01,Brisa,7,28536.0
139,2026-01,Cirrus,7,30240.0
139,2026-01,Dune,7,36848.0
139,2026-01,Everest,2,50720.0
139,2026-01,Flux EV,3,46223.0
139,2026-01,Granite,6,42734.0
139,2026-01,Harbor,6,32162.0
139,2026-02,Aria,5,23276.0
139,2026-02,Brisa,2,28928.0
139,2026-02,Cirrus,5,30614.0
139,2026-02,Dune,3,38132.0
139,2026-02,Everest,3,51971.0
139,2026-02,Flux EV,1,44991.0
139,2026-02,Granite,5,41720.0
139,2026-02,Harbor,3,31342.0
139,2026-03,Aria,4,23855.0
139,2026-03,Brisa,6,28383.0
139,2026-03,Cirrus,5,30236.0
139,2026-03,Dune,1,37002.0
139,2026-03,Everest,2,50185.0
139,2026-03,Flux EV,3,45312.0
139,2026-03,Granite,1,42098.0
139,2026-03,Harbor,2,31044.0
139,2026-04,Aria,4,23234.0
139,2026-04,Brisa,8,28839.0
139,2026-04,Cirrus,8,30232.0
139,2026-04,Dune,2,38068.0
139,2026-04,Everest,1,49603.0
139,2026-04,Flux EV,2,46779.0
139,2026-04,Granite,7,42441.0
139,2026-04,Harbor,4,30432.0
139,2026-05,Aria,7,24156.0
139,2026-05,Brisa,4,29055.0
139,2026-05,Cirrus,7,30041.0
139,2026-05,Dune,3,36507.0
139,2026-05,Everest,6,50073.0
139,2026-05,Flux EV,5,45826.0
139,2026-05,Granite,4,42008.0
139,2026-05,Harbor,5,31609.0
139,2026-06,Aria,3,23355.0
139,2026-06,Brisa,5,28063.0
139,2026-06,Cirrus,6,30171.0
139,2026-06,Dune,3,37486.0
139,2026-06,Everest,0,
139,2026-06,Flux EV,1,47390.0
139,2026-06,Granite,2,41545.0
139,2026-06,Harbor,2,30371.0
139,2026-07,Aria,8,23682.0
139,2026-07,Brisa,4,28586.0
139,2026-07,Cirrus,14,30238.0
139,2026-07,Dune,8,37281.0
139,2026-07,Everest,2,50500.0
139,2026-07,Flux EV,0,
139,2026-07,Granite,4,42788.0
139,2026-07,Harbor,5,30810.0
139,2026-08,Aria,6,23055.0
139,2026-08,Brisa,2,28900.0
139,2026-08,Cirrus,7,29235.0
139,2026-08,Dune,3,37698.0
139,2026-08,Everest,0,
139,2026-08,Flux EV,2,45778.0
139,2026-08,Granite,5,42660.0
139,2026-08,Harbor,3,30745.0
139,2026-09,Aria,9,23809.0
139,2026-09,Brisa,3,28371.0
139,2026-09,Cirrus,9,30455.0
139,2026-09,Dune,7,35595.0
139,2026-09,Everest,2,48905.0
139,2026-09,Flux EV,2,46156.0
139,2026-09,Granite,5,41675.0
139,2026-09,Harbor,3,32384.0
140,2024-10,Aria,5,22937.0
140,2024-10,Brisa,3,28675.0
140,2024-10,Cirrus,5,30528.0
140,2024-10,Dune,7,36824.0
140,2024-10,Everest,0,
140,2024-10,Flux EV,3,46770.0
140,2024-10,Granite,4,41566.0
140,2024-10,Harbor,3,32858.0
140,2024-11,Aria,6,23493.0
140,2024-11,Brisa,5,28696.0
140,2024-11,Cirrus,6,29567.0
140,2024-11,Dune,3,37194.0
140,2024-11,Everest,0,
140,2024-11,Flux EV,1,46285.0
140,2024-11,Granite,1,42931.0
140,2024-11,Harbor,1,32862.0
140,2024-12,Aria,6,22816.0
140,2024-12,Brisa,5,28664.0
140,2024-12,Cirrus,8,30433.0
140,2024-12,Dune,8,36498.0
140,2024-12,Everest,4,50308.0
140,2024-12,Flux EV,8,45240.0
140,2024-12,Granite,4,41075.0
140,2024-12,Harbor,5,32101.0
140,2025-01,Aria,5,23597.0
140,2025-01,Brisa,4,29106.0
140,2025-01,Cirrus,2,30110.0
140,2025-01,Dune,4,37421.0
140,2025-01,Everest,1,51740.0
140,2025-01,Flux EV,5,46027.0
140,2025-01,Granite,5,41459.0
140,2025-01,Harbor,1,31991.0
140,2025-02,Aria,2,23351.0
140,2025-02,Brisa,5,28566.0
140,2025-02,Cirrus,4,30191.0
140,2025-02,Dune,5,37315.0
140,2025-02,Everest,2,50108.0
140,2025-02,Flux EV,4,45521.0
140,2025-02,Granite,6,42872.0
140,2025-02,Harbor,3,32189.0
140,2025-03,Aria,5,24299.0
140,2025-03,Brisa,6,28682.0
140,2025-03,Cirrus,9,29667.0
140,2025-03,Dune,6,37326.0
140,2025-03,Everest,0,
140,2025-03,Flux EV,3,45207.0
140,2025-03,Granite,3,42191.0
140,2025-03,Harbor,1,31274.0
140,2025-04,Aria,0,
140,2025-04,Brisa,2,29132.0
140,2025-04,Cirrus,10,29983.0
140,2025-04,Dune,4,38218.0
140,2025-04,Everest,4,52069.0
140,2025-04,Flux EV,5,45883.0
140,2025-04,Granite,3,41822.0
140,2025-04,Harbor,2,31138.0
140,2025-05,Aria,3,22785.0
140,2025-05,Brisa,4,28942.0
140,2025-05,Cirrus,8,30998.0
140,2025-05,Dune,5,38125.0
140,2025-05,Everest,2,50588.0
140,2025-05,Flux EV,4,44488.0
140,2025-05,Granite,0,
140,2025-05,Harbor,1,31295.0
140,2025-06,Aria,3,23714.0
140,2025-06,Brisa,6,29261.0
140,2025-06,Cirrus,3,29867.0
140,2025-06,Dune,7,37466.0
140,2025-06,Everest,5,51601.0
140,2025-06,Flux EV,6,45607.0
140,2025-06,Granite,3,43290.0
140,2025-06,Harbor,5,31365.0
140,2025-07,Aria,7,23387.0
140,2025-07,Brisa,3,28421.0
140,2025-07,Cirrus,4,29856.0
140,2025-07,Dune,5,39035.0
140,2025-07,Everest,5,48807.0
140,2025-07,Flux EV,1,46520.0
140,2025-07,Granite,3,42351.0
140,2025-07,Harbor,0,
140,2025-08,Aria,5,23341.0
140,2025-08,Brisa,1,28968.0
140,2025-08,Cirrus,8,30607.0
140,2025-08,Dune,5,36841.0
140,2025-08,Everest,5,50297.0
140,2025-08,Flux EV,6,44956.0
140,2025-08,Granite,2,41646.0
140,2025-08,Harbor,2,31854.0
140,2025-09,Aria,5,23447.0
140,2025-09,Brisa,9,28516.0
140,2025-09,Cirrus,5,29112.0
140,2025-09,Dune,4,37524.0
140,2025-09,Everest,3,49924.0
140,2025-09,Flux EV,1,47100.0
140,2025-09,Granite,5,40771.0
140,2025-09,Harbor,4,30787.0
140,2025-10,Aria,4,24002.0
140,2025-10,Brisa,1,29000.0
140,2025-10,Cirrus,2,30205.0
140,2025-10,Dune,8,36685.0
140,2025-10,Everest,4,50163.0
140,2025-10,Flux EV,4,47125.0
140,2025-10,Granite,1,42680.0
140,2025-10,Harbor,7,31612.0
140,2025-11,Aria,8,23181.0
140,2025-11,Brisa,3,29031.0
140,2025-11,Cirrus,5,30444.0
140,2025-11,Dune,3,37441.0
140,2025-11,Everest,4,49718.0
140,2025-11,Flux EV,3,45807.0
140,2025-11,Granite,3,41971.0
140,2025-11,Harbor,5,31339.0
140,2025-12,Aria,3,23993.0
140,2025-12,Brisa,9,28803.0
140,2025-12,Cirrus,7,30341.0
140,2025-12,Dune,8,38133.0
140,2025-12,Everest,3,50035.0
140,2025-12,Flux EV,5,45894.0
140,2025-12,Granite,3,42213.0
140,2025-12,Harbor,1,32643.0
140,2026-01,Aria,3,23292.0
140,2026-01,Brisa,2,29619.0
140,2026-01,Cirrus,3,30136.0
140,2026-01,Dune,10,36125.0
140,2026-01,Everest,2,50581.0
140,2026-01,Flux EV,2,44547.0
140,2026-01,Granite,3,42608.0
140,2026-01,Harbor,2,32476.0
140,2026-02,Aria,3,23955.0
140,2026-02,Brisa,1,28500.0
140,2026-02,Cirrus,4,30138.0
140,2026-02,Dune,4,37934.0
140,2026-02,Everest,1,50335.0
140,2026-02,Flux EV,2,47085.0
140,2026-02,Granite,3,40499.0
140,2026-02,Harbor,5,31747.0
140,2026-03,Aria,4,23259.0
140,2026-03,Brisa,4,29194.0
140,2026-03,Cirrus,9,29785.0
140,2026-03,Dune,8,37627.0
140,2026-03,Everest,2,49637.0
140,2026-03,Flux EV,4,47357.0
140,2026-03,Granite,5,40876.0
140,2026-03,Harbor,5,31330.0
140,2026-04,Aria,13,24584.0
140,2026-04,Brisa,3,29137.0
140,2026-04,Cirrus,7,30516.0
140,2026-04,Dune,11,37279.0
140,2026-04,Everest,1,51013.0
140,2026-04,Flux EV,3,47593.0
140,2026-04,Granite,9,41999.0
140,2026-04,Harbor,4,31519.0
140,2026-05,Aria,10,23870.0
140,2026-05,Brisa,6,28787.0
140,2026-05,Cirrus,5,30846.0
140,2026-05,Dune,11,36989.0
140,2026-05,Everest,3,49126.0
140,2026-05,Flux EV,4,45745.0
140,2026-05,Granite,2,41486.0
140,2026-05,Harbor,5,32008.0
140,2026-06,Aria,5,23316.0
140,2026-06,Brisa,4,29511.0
140,2026-06,Cirrus,9,29490.0
140,2026-06,Dune,3,36967.0
140,2026-06,Everest,2,50579.0
140,2026-06,Flux EV,7,46006.0
140,2026-06,Granite,0,
140,2026-06,Harbor,4,31253.0
140,2026-07,Aria,3,23275.0
140,2026-07,Brisa,1,27822.0
140,2026-07,Cirrus,8,30406.0
140,2026-07,Dune,1,37235.0
140,2026-07,Everest,5,49723.0
140,2026-07,Flux EV,8,46056.0
140,2026-07,Granite,5,40799.0
140,2026-07,Harbor,4,30975.0
140,2026-08,Aria,9,23765.0
140,2026-08,Brisa,4,28593.0
140,2026-08,Cirrus,10,29815.0
140,2026-08,Dune,2,37222.0
140,2026-08,Everest,3,50680.0
140,2026-08,Flux EV,9,45449.0
140,2026-08,Granite,4,43254.0
140,2026-08,Harbor,4,31752.0
140,2026-09,Aria,5,23312.0
140,2026-09,Brisa,2,28305.0
140,2026-09,Cirrus,5,30780.0
140,2026-09,Dune,6,36918.0
140,2026-09,Everest,3,49853.0
140,2026-09,Flux EV,8,45591.0
140,2026-09,Granite,4,41018.0
140,2026-09,Harbor,4,32000.0
